object_index,object_class,object_name_or_first_field,field_number,field_label,entered_value,is_blank,idf_line
1,Version,22.2,1,Version Identifier,22.2,False,21
2,SimulationControl,Yes,1,Do Zone Sizing Calculation,Yes,False,27
2,SimulationControl,Yes,2,Do System Sizing Calculation,Yes,False,28
2,SimulationControl,Yes,3,Do Plant Sizing Calculation,No,False,29
2,SimulationControl,Yes,4,Run Simulation for Sizing Periods,No,False,30
2,SimulationControl,Yes,5,Run Simulation for Weather File Run Periods,Yes,False,31
2,SimulationControl,Yes,6,Do HVAC Sizing Simulation for Sizing Periods,No,False,32
2,SimulationControl,Yes,7,Maximum Number of HVAC Sizing Simulation Passes,3,False,33
3,Building,Building 1,1,Name,Building 1,False,39
3,Building,Building 1,2,North Axis {deg},333,False,40
3,Building,Building 1,3,Terrain,Suburbs,False,41
3,Building,Building 1,4,Loads Convergence Tolerance Value {W},0.04,False,42
3,Building,Building 1,5,Temperature Convergence Tolerance Value {deltaC},0.4,False,43
3,Building,Building 1,6,Solar Distribution,FullExterior,False,44
3,Building,Building 1,7,Maximum Number of Warmup Days,25,False,45
3,Building,Building 1,8,Minimum Number of Warmup Days,6,False,46
4,ShadowCalculation,PolygonClipping,1,Shading Calculation Method,PolygonClipping,False,52
4,ShadowCalculation,PolygonClipping,2,Shading Calculation Update Frequency Method,Periodic,False,53
4,ShadowCalculation,PolygonClipping,3,Shading Calculation Update Frequency,20,False,54
4,ShadowCalculation,PolygonClipping,4,Maximum Figures in Shadow Overlap Calculations,15000,False,55
4,ShadowCalculation,PolygonClipping,5,Polygon Clipping Algorithm,SutherlandHodgman,False,56
4,ShadowCalculation,PolygonClipping,6,Pixel Counting Resolution,512,False,57
4,ShadowCalculation,PolygonClipping,7,Sky Diffuse Modeling Algorithm,SimpleSkyDiffuseModeling,False,58
4,ShadowCalculation,PolygonClipping,8,Output External Shading Calculation Results,No,False,59
4,ShadowCalculation,PolygonClipping,9,Disable Self-Shading Within Shading Zone Groups,No,False,60
4,ShadowCalculation,PolygonClipping,10,Disable Self-Shading From Shading Zone Groups to Other Zones,No,False,61
5,SurfaceConvectionAlgorithm:Inside,TARP,1,Algorithm,TARP,False,67
6,SurfaceConvectionAlgorithm:Outside,TARP,1,Algorithm,TARP,False,73
7,HeatBalanceAlgorithm,ConductionTransferFunction,1,Algorithm,ConductionTransferFunction,False,79
7,HeatBalanceAlgorithm,ConductionTransferFunction,2,Surface Temperature Upper Limit {C},200,False,80
8,Timestep,6,1,Number of Timesteps per Hour,6,False,86
9,ConvergenceLimits,1,1,Minimum System Timestep {minutes},1,False,92
9,ConvergenceLimits,1,2,Maximum HVAC Iterations,100,False,93
9,ConvergenceLimits,1,3,Minimum Plant Iterations,2,False,94
9,ConvergenceLimits,1,4,Maximum Plant Iterations,8,False,95
10,Site:Location,Omaha Eppley Airfield,1,Name,Omaha Eppley Airfield,False,101
10,Site:Location,Omaha Eppley Airfield,2,Latitude {deg},41.32,False,102
10,Site:Location,Omaha Eppley Airfield,3,Longitude {deg},-95.9,False,103
10,Site:Location,Omaha Eppley Airfield,4,Time Zone {hr},-6,False,104
10,Site:Location,Omaha Eppley Airfield,5,Elevation {m},299,False,105
11,SizingPeriod:DesignDay,Omaha Eppley Airfield Ann Clg .4% Condns DB=>MWB,1,Name,Omaha Eppley Airfield Ann Clg .4% Condns DB=>MWB,False,111
11,SizingPeriod:DesignDay,Omaha Eppley Airfield Ann Clg .4% Condns DB=>MWB,2,Month,7,False,112
11,SizingPeriod:DesignDay,Omaha Eppley Airfield Ann Clg .4% Condns DB=>MWB,3,Day of Month,21,False,113
11,SizingPeriod:DesignDay,Omaha Eppley Airfield Ann Clg .4% Condns DB=>MWB,4,Day Type,SummerDesignDay,False,114
11,SizingPeriod:DesignDay,Omaha Eppley Airfield Ann Clg .4% Condns DB=>MWB,5,Maximum Dry-Bulb Temperature {C},35,False,115
11,SizingPeriod:DesignDay,Omaha Eppley Airfield Ann Clg .4% Condns DB=>MWB,6,Daily Dry-Bulb Temperature Range {deltaC},11,False,116
11,SizingPeriod:DesignDay,Omaha Eppley Airfield Ann Clg .4% Condns DB=>MWB,7,Dry-Bulb Temperature Range Modifier Type,DefaultMultipliers,False,117
11,SizingPeriod:DesignDay,Omaha Eppley Airfield Ann Clg .4% Condns DB=>MWB,8,Dry-Bulb Temperature Range Modifier Day Schedule Name,,True,118
11,SizingPeriod:DesignDay,Omaha Eppley Airfield Ann Clg .4% Condns DB=>MWB,9,Humidity Condition Type,Wetbulb,False,119
11,SizingPeriod:DesignDay,Omaha Eppley Airfield Ann Clg .4% Condns DB=>MWB,10,Wetbulb or DewPoint at Maximum Dry-Bulb {C},24.5,False,120
11,SizingPeriod:DesignDay,Omaha Eppley Airfield Ann Clg .4% Condns DB=>MWB,11,Humidity Condition Day Schedule Name,,True,121
11,SizingPeriod:DesignDay,Omaha Eppley Airfield Ann Clg .4% Condns DB=>MWB,12,Humidity Ratio at Maximum Dry-Bulb {kgWater/kgDryAir},,True,122
11,SizingPeriod:DesignDay,Omaha Eppley Airfield Ann Clg .4% Condns DB=>MWB,13,Enthalpy at Maximum Dry-Bulb {J/kg},,True,123
11,SizingPeriod:DesignDay,Omaha Eppley Airfield Ann Clg .4% Condns DB=>MWB,14,Daily Wet-Bulb Temperature Range {deltaC},,True,124
11,SizingPeriod:DesignDay,Omaha Eppley Airfield Ann Clg .4% Condns DB=>MWB,15,Barometric Pressure {Pa},97784,False,125
11,SizingPeriod:DesignDay,Omaha Eppley Airfield Ann Clg .4% Condns DB=>MWB,16,Wind Speed {m/s},6.1,False,126
11,SizingPeriod:DesignDay,Omaha Eppley Airfield Ann Clg .4% Condns DB=>MWB,17,Wind Direction {deg},180,False,127
11,SizingPeriod:DesignDay,Omaha Eppley Airfield Ann Clg .4% Condns DB=>MWB,18,Rain Indicator,No,False,128
11,SizingPeriod:DesignDay,Omaha Eppley Airfield Ann Clg .4% Condns DB=>MWB,19,Snow Indicator,No,False,129
11,SizingPeriod:DesignDay,Omaha Eppley Airfield Ann Clg .4% Condns DB=>MWB,20,Daylight Saving Time Indicator,No,False,130
11,SizingPeriod:DesignDay,Omaha Eppley Airfield Ann Clg .4% Condns DB=>MWB,21,Solar Model Indicator,ASHRAETau,False,131
11,SizingPeriod:DesignDay,Omaha Eppley Airfield Ann Clg .4% Condns DB=>MWB,22,Beam Solar Day Schedule Name,,True,132
11,SizingPeriod:DesignDay,Omaha Eppley Airfield Ann Clg .4% Condns DB=>MWB,23,Diffuse Solar Day Schedule Name,,True,133
11,SizingPeriod:DesignDay,Omaha Eppley Airfield Ann Clg .4% Condns DB=>MWB,24,ASHRAE Clear Sky Optical Depth for Beam Irradiance (taub) {dimensionless},0.421,False,134
11,SizingPeriod:DesignDay,Omaha Eppley Airfield Ann Clg .4% Condns DB=>MWB,25,ASHRAE Clear Sky Optical Depth for Diffuse Irradiance (taud) {dimensionless},2.196,False,135
11,SizingPeriod:DesignDay,Omaha Eppley Airfield Ann Clg .4% Condns DB=>MWB,26,Sky Clearness,,True,136
11,SizingPeriod:DesignDay,Omaha Eppley Airfield Ann Clg .4% Condns DB=>MWB,27,Maximum Number Warmup Days,,True,137
11,SizingPeriod:DesignDay,Omaha Eppley Airfield Ann Clg .4% Condns DB=>MWB,28,Begin Environment Reset Mode,FullResetAtBeginEnvironment,False,138
12,SizingPeriod:DesignDay,Omaha Eppley Airfield Ann Clg .4% Condns DP=>MDB,1,Name,Omaha Eppley Airfield Ann Clg .4% Condns DP=>MDB,False,141
12,SizingPeriod:DesignDay,Omaha Eppley Airfield Ann Clg .4% Condns DP=>MDB,2,Month,7,False,142
12,SizingPeriod:DesignDay,Omaha Eppley Airfield Ann Clg .4% Condns DP=>MDB,3,Day of Month,21,False,143
12,SizingPeriod:DesignDay,Omaha Eppley Airfield Ann Clg .4% Condns DP=>MDB,4,Day Type,SummerDesignDay,False,144
12,SizingPeriod:DesignDay,Omaha Eppley Airfield Ann Clg .4% Condns DP=>MDB,5,Maximum Dry-Bulb Temperature {C},29.7,False,145
12,SizingPeriod:DesignDay,Omaha Eppley Airfield Ann Clg .4% Condns DP=>MDB,6,Daily Dry-Bulb Temperature Range {deltaC},11,False,146
12,SizingPeriod:DesignDay,Omaha Eppley Airfield Ann Clg .4% Condns DP=>MDB,7,Dry-Bulb Temperature Range Modifier Type,DefaultMultipliers,False,147
12,SizingPeriod:DesignDay,Omaha Eppley Airfield Ann Clg .4% Condns DP=>MDB,8,Dry-Bulb Temperature Range Modifier Day Schedule Name,,True,148
12,SizingPeriod:DesignDay,Omaha Eppley Airfield Ann Clg .4% Condns DP=>MDB,9,Humidity Condition Type,Dewpoint,False,149
12,SizingPeriod:DesignDay,Omaha Eppley Airfield Ann Clg .4% Condns DP=>MDB,10,Wetbulb or DewPoint at Maximum Dry-Bulb {C},24.5,False,150
12,SizingPeriod:DesignDay,Omaha Eppley Airfield Ann Clg .4% Condns DP=>MDB,11,Humidity Condition Day Schedule Name,,True,151
12,SizingPeriod:DesignDay,Omaha Eppley Airfield Ann Clg .4% Condns DP=>MDB,12,Humidity Ratio at Maximum Dry-Bulb {kgWater/kgDryAir},,True,152
12,SizingPeriod:DesignDay,Omaha Eppley Airfield Ann Clg .4% Condns DP=>MDB,13,Enthalpy at Maximum Dry-Bulb {J/kg},,True,153
12,SizingPeriod:DesignDay,Omaha Eppley Airfield Ann Clg .4% Condns DP=>MDB,14,Daily Wet-Bulb Temperature Range {deltaC},,True,154
12,SizingPeriod:DesignDay,Omaha Eppley Airfield Ann Clg .4% Condns DP=>MDB,15,Barometric Pressure {Pa},97784,False,155
12,SizingPeriod:DesignDay,Omaha Eppley Airfield Ann Clg .4% Condns DP=>MDB,16,Wind Speed {m/s},6.1,False,156
12,SizingPeriod:DesignDay,Omaha Eppley Airfield Ann Clg .4% Condns DP=>MDB,17,Wind Direction {deg},180,False,157
12,SizingPeriod:DesignDay,Omaha Eppley Airfield Ann Clg .4% Condns DP=>MDB,18,Rain Indicator,No,False,158
12,SizingPeriod:DesignDay,Omaha Eppley Airfield Ann Clg .4% Condns DP=>MDB,19,Snow Indicator,No,False,159
12,SizingPeriod:DesignDay,Omaha Eppley Airfield Ann Clg .4% Condns DP=>MDB,20,Daylight Saving Time Indicator,No,False,160
12,SizingPeriod:DesignDay,Omaha Eppley Airfield Ann Clg .4% Condns DP=>MDB,21,Solar Model Indicator,ASHRAETau,False,161
12,SizingPeriod:DesignDay,Omaha Eppley Airfield Ann Clg .4% Condns DP=>MDB,22,Beam Solar Day Schedule Name,,True,162
12,SizingPeriod:DesignDay,Omaha Eppley Airfield Ann Clg .4% Condns DP=>MDB,23,Diffuse Solar Day Schedule Name,,True,163
12,SizingPeriod:DesignDay,Omaha Eppley Airfield Ann Clg .4% Condns DP=>MDB,24,ASHRAE Clear Sky Optical Depth for Beam Irradiance (taub) {dimensionless},0.421,False,164
12,SizingPeriod:DesignDay,Omaha Eppley Airfield Ann Clg .4% Condns DP=>MDB,25,ASHRAE Clear Sky Optical Depth for Diffuse Irradiance (taud) {dimensionless},2.196,False,165
12,SizingPeriod:DesignDay,Omaha Eppley Airfield Ann Clg .4% Condns DP=>MDB,26,Sky Clearness,,True,166
12,SizingPeriod:DesignDay,Omaha Eppley Airfield Ann Clg .4% Condns DP=>MDB,27,Maximum Number Warmup Days,,True,167
12,SizingPeriod:DesignDay,Omaha Eppley Airfield Ann Clg .4% Condns DP=>MDB,28,Begin Environment Reset Mode,FullResetAtBeginEnvironment,False,168
13,SizingPeriod:DesignDay,Omaha Eppley Airfield Ann Clg .4% Condns Enth=>MDB,1,Name,Omaha Eppley Airfield Ann Clg .4% Condns Enth=>MDB,False,171
13,SizingPeriod:DesignDay,Omaha Eppley Airfield Ann Clg .4% Condns Enth=>MDB,2,Month,7,False,172
13,SizingPeriod:DesignDay,Omaha Eppley Airfield Ann Clg .4% Condns Enth=>MDB,3,Day of Month,21,False,173
13,SizingPeriod:DesignDay,Omaha Eppley Airfield Ann Clg .4% Condns Enth=>MDB,4,Day Type,SummerDesignDay,False,174
13,SizingPeriod:DesignDay,Omaha Eppley Airfield Ann Clg .4% Condns Enth=>MDB,5,Maximum Dry-Bulb Temperature {C},32,False,175
13,SizingPeriod:DesignDay,Omaha Eppley Airfield Ann Clg .4% Condns Enth=>MDB,6,Daily Dry-Bulb Temperature Range {deltaC},11,False,176
13,SizingPeriod:DesignDay,Omaha Eppley Airfield Ann Clg .4% Condns Enth=>MDB,7,Dry-Bulb Temperature Range Modifier Type,DefaultMultipliers,False,177
13,SizingPeriod:DesignDay,Omaha Eppley Airfield Ann Clg .4% Condns Enth=>MDB,8,Dry-Bulb Temperature Range Modifier Day Schedule Name,,True,178
13,SizingPeriod:DesignDay,Omaha Eppley Airfield Ann Clg .4% Condns Enth=>MDB,9,Humidity Condition Type,Enthalpy,False,179
13,SizingPeriod:DesignDay,Omaha Eppley Airfield Ann Clg .4% Condns Enth=>MDB,10,Wetbulb or DewPoint at Maximum Dry-Bulb {C},,True,180
13,SizingPeriod:DesignDay,Omaha Eppley Airfield Ann Clg .4% Condns Enth=>MDB,11,Humidity Condition Day Schedule Name,,True,181
13,SizingPeriod:DesignDay,Omaha Eppley Airfield Ann Clg .4% Condns Enth=>MDB,12,Humidity Ratio at Maximum Dry-Bulb {kgWater/kgDryAir},,True,182
13,SizingPeriod:DesignDay,Omaha Eppley Airfield Ann Clg .4% Condns Enth=>MDB,13,Enthalpy at Maximum Dry-Bulb {J/kg},82600,False,183
13,SizingPeriod:DesignDay,Omaha Eppley Airfield Ann Clg .4% Condns Enth=>MDB,14,Daily Wet-Bulb Temperature Range {deltaC},,True,184
13,SizingPeriod:DesignDay,Omaha Eppley Airfield Ann Clg .4% Condns Enth=>MDB,15,Barometric Pressure {Pa},97784,False,185
13,SizingPeriod:DesignDay,Omaha Eppley Airfield Ann Clg .4% Condns Enth=>MDB,16,Wind Speed {m/s},6.1,False,186
13,SizingPeriod:DesignDay,Omaha Eppley Airfield Ann Clg .4% Condns Enth=>MDB,17,Wind Direction {deg},180,False,187
13,SizingPeriod:DesignDay,Omaha Eppley Airfield Ann Clg .4% Condns Enth=>MDB,18,Rain Indicator,No,False,188
13,SizingPeriod:DesignDay,Omaha Eppley Airfield Ann Clg .4% Condns Enth=>MDB,19,Snow Indicator,No,False,189
13,SizingPeriod:DesignDay,Omaha Eppley Airfield Ann Clg .4% Condns Enth=>MDB,20,Daylight Saving Time Indicator,No,False,190
13,SizingPeriod:DesignDay,Omaha Eppley Airfield Ann Clg .4% Condns Enth=>MDB,21,Solar Model Indicator,ASHRAETau,False,191
13,SizingPeriod:DesignDay,Omaha Eppley Airfield Ann Clg .4% Condns Enth=>MDB,22,Beam Solar Day Schedule Name,,True,192
13,SizingPeriod:DesignDay,Omaha Eppley Airfield Ann Clg .4% Condns Enth=>MDB,23,Diffuse Solar Day Schedule Name,,True,193
13,SizingPeriod:DesignDay,Omaha Eppley Airfield Ann Clg .4% Condns Enth=>MDB,24,ASHRAE Clear Sky Optical Depth for Beam Irradiance (taub) {dimensionless},0.421,False,194
13,SizingPeriod:DesignDay,Omaha Eppley Airfield Ann Clg .4% Condns Enth=>MDB,25,ASHRAE Clear Sky Optical Depth for Diffuse Irradiance (taud) {dimensionless},2.196,False,195
13,SizingPeriod:DesignDay,Omaha Eppley Airfield Ann Clg .4% Condns Enth=>MDB,26,Sky Clearness,,True,196
13,SizingPeriod:DesignDay,Omaha Eppley Airfield Ann Clg .4% Condns Enth=>MDB,27,Maximum Number Warmup Days,,True,197
13,SizingPeriod:DesignDay,Omaha Eppley Airfield Ann Clg .4% Condns Enth=>MDB,28,Begin Environment Reset Mode,FullResetAtBeginEnvironment,False,198
14,SizingPeriod:DesignDay,Omaha Eppley Airfield Ann Clg .4% Condns WB=>MDB,1,Name,Omaha Eppley Airfield Ann Clg .4% Condns WB=>MDB,False,201
14,SizingPeriod:DesignDay,Omaha Eppley Airfield Ann Clg .4% Condns WB=>MDB,2,Month,7,False,202
14,SizingPeriod:DesignDay,Omaha Eppley Airfield Ann Clg .4% Condns WB=>MDB,3,Day of Month,21,False,203
14,SizingPeriod:DesignDay,Omaha Eppley Airfield Ann Clg .4% Condns WB=>MDB,4,Day Type,SummerDesignDay,False,204
14,SizingPeriod:DesignDay,Omaha Eppley Airfield Ann Clg .4% Condns WB=>MDB,5,Maximum Dry-Bulb Temperature {C},32,False,205
14,SizingPeriod:DesignDay,Omaha Eppley Airfield Ann Clg .4% Condns WB=>MDB,6,Daily Dry-Bulb Temperature Range {deltaC},11,False,206
14,SizingPeriod:DesignDay,Omaha Eppley Airfield Ann Clg .4% Condns WB=>MDB,7,Dry-Bulb Temperature Range Modifier Type,DefaultMultipliers,False,207
14,SizingPeriod:DesignDay,Omaha Eppley Airfield Ann Clg .4% Condns WB=>MDB,8,Dry-Bulb Temperature Range Modifier Day Schedule Name,,True,208
14,SizingPeriod:DesignDay,Omaha Eppley Airfield Ann Clg .4% Condns WB=>MDB,9,Humidity Condition Type,Wetbulb,False,209
14,SizingPeriod:DesignDay,Omaha Eppley Airfield Ann Clg .4% Condns WB=>MDB,10,Wetbulb or DewPoint at Maximum Dry-Bulb {C},26.1,False,210
14,SizingPeriod:DesignDay,Omaha Eppley Airfield Ann Clg .4% Condns WB=>MDB,11,Humidity Condition Day Schedule Name,,True,211
14,SizingPeriod:DesignDay,Omaha Eppley Airfield Ann Clg .4% Condns WB=>MDB,12,Humidity Ratio at Maximum Dry-Bulb {kgWater/kgDryAir},,True,212
14,SizingPeriod:DesignDay,Omaha Eppley Airfield Ann Clg .4% Condns WB=>MDB,13,Enthalpy at Maximum Dry-Bulb {J/kg},,True,213
14,SizingPeriod:DesignDay,Omaha Eppley Airfield Ann Clg .4% Condns WB=>MDB,14,Daily Wet-Bulb Temperature Range {deltaC},,True,214
14,SizingPeriod:DesignDay,Omaha Eppley Airfield Ann Clg .4% Condns WB=>MDB,15,Barometric Pressure {Pa},97784,False,215
14,SizingPeriod:DesignDay,Omaha Eppley Airfield Ann Clg .4% Condns WB=>MDB,16,Wind Speed {m/s},6.1,False,216
14,SizingPeriod:DesignDay,Omaha Eppley Airfield Ann Clg .4% Condns WB=>MDB,17,Wind Direction {deg},180,False,217
14,SizingPeriod:DesignDay,Omaha Eppley Airfield Ann Clg .4% Condns WB=>MDB,18,Rain Indicator,No,False,218
14,SizingPeriod:DesignDay,Omaha Eppley Airfield Ann Clg .4% Condns WB=>MDB,19,Snow Indicator,No,False,219
14,SizingPeriod:DesignDay,Omaha Eppley Airfield Ann Clg .4% Condns WB=>MDB,20,Daylight Saving Time Indicator,No,False,220
14,SizingPeriod:DesignDay,Omaha Eppley Airfield Ann Clg .4% Condns WB=>MDB,21,Solar Model Indicator,ASHRAETau,False,221
14,SizingPeriod:DesignDay,Omaha Eppley Airfield Ann Clg .4% Condns WB=>MDB,22,Beam Solar Day Schedule Name,,True,222
14,SizingPeriod:DesignDay,Omaha Eppley Airfield Ann Clg .4% Condns WB=>MDB,23,Diffuse Solar Day Schedule Name,,True,223
14,SizingPeriod:DesignDay,Omaha Eppley Airfield Ann Clg .4% Condns WB=>MDB,24,ASHRAE Clear Sky Optical Depth for Beam Irradiance (taub) {dimensionless},0.421,False,224
14,SizingPeriod:DesignDay,Omaha Eppley Airfield Ann Clg .4% Condns WB=>MDB,25,ASHRAE Clear Sky Optical Depth for Diffuse Irradiance (taud) {dimensionless},2.196,False,225
14,SizingPeriod:DesignDay,Omaha Eppley Airfield Ann Clg .4% Condns WB=>MDB,26,Sky Clearness,,True,226
14,SizingPeriod:DesignDay,Omaha Eppley Airfield Ann Clg .4% Condns WB=>MDB,27,Maximum Number Warmup Days,,True,227
14,SizingPeriod:DesignDay,Omaha Eppley Airfield Ann Clg .4% Condns WB=>MDB,28,Begin Environment Reset Mode,FullResetAtBeginEnvironment,False,228
15,SizingPeriod:DesignDay,Omaha Eppley Airfield Ann Htg 99.6% Condns DB,1,Name,Omaha Eppley Airfield Ann Htg 99.6% Condns DB,False,231
15,SizingPeriod:DesignDay,Omaha Eppley Airfield Ann Htg 99.6% Condns DB,2,Month,1,False,232
15,SizingPeriod:DesignDay,Omaha Eppley Airfield Ann Htg 99.6% Condns DB,3,Day of Month,21,False,233
15,SizingPeriod:DesignDay,Omaha Eppley Airfield Ann Htg 99.6% Condns DB,4,Day Type,WinterDesignDay,False,234
15,SizingPeriod:DesignDay,Omaha Eppley Airfield Ann Htg 99.6% Condns DB,5,Maximum Dry-Bulb Temperature {C},-21.3,False,235
15,SizingPeriod:DesignDay,Omaha Eppley Airfield Ann Htg 99.6% Condns DB,6,Daily Dry-Bulb Temperature Range {deltaC},0,False,236
15,SizingPeriod:DesignDay,Omaha Eppley Airfield Ann Htg 99.6% Condns DB,7,Dry-Bulb Temperature Range Modifier Type,DefaultMultipliers,False,237
15,SizingPeriod:DesignDay,Omaha Eppley Airfield Ann Htg 99.6% Condns DB,8,Dry-Bulb Temperature Range Modifier Day Schedule Name,,True,238
15,SizingPeriod:DesignDay,Omaha Eppley Airfield Ann Htg 99.6% Condns DB,9,Humidity Condition Type,Wetbulb,False,239
15,SizingPeriod:DesignDay,Omaha Eppley Airfield Ann Htg 99.6% Condns DB,10,Wetbulb or DewPoint at Maximum Dry-Bulb {C},-21.3,False,240
15,SizingPeriod:DesignDay,Omaha Eppley Airfield Ann Htg 99.6% Condns DB,11,Humidity Condition Day Schedule Name,,True,241
15,SizingPeriod:DesignDay,Omaha Eppley Airfield Ann Htg 99.6% Condns DB,12,Humidity Ratio at Maximum Dry-Bulb {kgWater/kgDryAir},,True,242
15,SizingPeriod:DesignDay,Omaha Eppley Airfield Ann Htg 99.6% Condns DB,13,Enthalpy at Maximum Dry-Bulb {J/kg},,True,243
15,SizingPeriod:DesignDay,Omaha Eppley Airfield Ann Htg 99.6% Condns DB,14,Daily Wet-Bulb Temperature Range {deltaC},,True,244
15,SizingPeriod:DesignDay,Omaha Eppley Airfield Ann Htg 99.6% Condns DB,15,Barometric Pressure {Pa},97784,False,245
15,SizingPeriod:DesignDay,Omaha Eppley Airfield Ann Htg 99.6% Condns DB,16,Wind Speed {m/s},4.5,False,246
15,SizingPeriod:DesignDay,Omaha Eppley Airfield Ann Htg 99.6% Condns DB,17,Wind Direction {deg},340,False,247
15,SizingPeriod:DesignDay,Omaha Eppley Airfield Ann Htg 99.6% Condns DB,18,Rain Indicator,No,False,248
15,SizingPeriod:DesignDay,Omaha Eppley Airfield Ann Htg 99.6% Condns DB,19,Snow Indicator,No,False,249
15,SizingPeriod:DesignDay,Omaha Eppley Airfield Ann Htg 99.6% Condns DB,20,Daylight Saving Time Indicator,No,False,250
15,SizingPeriod:DesignDay,Omaha Eppley Airfield Ann Htg 99.6% Condns DB,21,Solar Model Indicator,ASHRAEClearSky,False,251
15,SizingPeriod:DesignDay,Omaha Eppley Airfield Ann Htg 99.6% Condns DB,22,Beam Solar Day Schedule Name,,True,252
15,SizingPeriod:DesignDay,Omaha Eppley Airfield Ann Htg 99.6% Condns DB,23,Diffuse Solar Day Schedule Name,,True,253
15,SizingPeriod:DesignDay,Omaha Eppley Airfield Ann Htg 99.6% Condns DB,24,ASHRAE Clear Sky Optical Depth for Beam Irradiance (taub) {dimensionless},,True,254
15,SizingPeriod:DesignDay,Omaha Eppley Airfield Ann Htg 99.6% Condns DB,25,ASHRAE Clear Sky Optical Depth for Diffuse Irradiance (taud) {dimensionless},,True,255
15,SizingPeriod:DesignDay,Omaha Eppley Airfield Ann Htg 99.6% Condns DB,26,Sky Clearness,0,False,256
15,SizingPeriod:DesignDay,Omaha Eppley Airfield Ann Htg 99.6% Condns DB,27,Maximum Number Warmup Days,,True,257
15,SizingPeriod:DesignDay,Omaha Eppley Airfield Ann Htg 99.6% Condns DB,28,Begin Environment Reset Mode,FullResetAtBeginEnvironment,False,258
16,SizingPeriod:DesignDay,Omaha Eppley Airfield Ann Htg Wind 99.6% Condns WS=>MCDB,1,Name,Omaha Eppley Airfield Ann Htg Wind 99.6% Condns WS=>MCDB,False,261
16,SizingPeriod:DesignDay,Omaha Eppley Airfield Ann Htg Wind 99.6% Condns WS=>MCDB,2,Month,1,False,262
16,SizingPeriod:DesignDay,Omaha Eppley Airfield Ann Htg Wind 99.6% Condns WS=>MCDB,3,Day of Month,21,False,263
16,SizingPeriod:DesignDay,Omaha Eppley Airfield Ann Htg Wind 99.6% Condns WS=>MCDB,4,Day Type,WinterDesignDay,False,264
16,SizingPeriod:DesignDay,Omaha Eppley Airfield Ann Htg Wind 99.6% Condns WS=>MCDB,5,Maximum Dry-Bulb Temperature {C},-8.6,False,265
16,SizingPeriod:DesignDay,Omaha Eppley Airfield Ann Htg Wind 99.6% Condns WS=>MCDB,6,Daily Dry-Bulb Temperature Range {deltaC},0,False,266
16,SizingPeriod:DesignDay,Omaha Eppley Airfield Ann Htg Wind 99.6% Condns WS=>MCDB,7,Dry-Bulb Temperature Range Modifier Type,DefaultMultipliers,False,267
16,SizingPeriod:DesignDay,Omaha Eppley Airfield Ann Htg Wind 99.6% Condns WS=>MCDB,8,Dry-Bulb Temperature Range Modifier Day Schedule Name,,True,268
16,SizingPeriod:DesignDay,Omaha Eppley Airfield Ann Htg Wind 99.6% Condns WS=>MCDB,9,Humidity Condition Type,Wetbulb,False,269
16,SizingPeriod:DesignDay,Omaha Eppley Airfield Ann Htg Wind 99.6% Condns WS=>MCDB,10,Wetbulb or DewPoint at Maximum Dry-Bulb {C},-8.6,False,270
16,SizingPeriod:DesignDay,Omaha Eppley Airfield Ann Htg Wind 99.6% Condns WS=>MCDB,11,Humidity Condition Day Schedule Name,,True,271
16,SizingPeriod:DesignDay,Omaha Eppley Airfield Ann Htg Wind 99.6% Condns WS=>MCDB,12,Humidity Ratio at Maximum Dry-Bulb {kgWater/kgDryAir},,True,272
16,SizingPeriod:DesignDay,Omaha Eppley Airfield Ann Htg Wind 99.6% Condns WS=>MCDB,13,Enthalpy at Maximum Dry-Bulb {J/kg},,True,273
16,SizingPeriod:DesignDay,Omaha Eppley Airfield Ann Htg Wind 99.6% Condns WS=>MCDB,14,Daily Wet-Bulb Temperature Range {deltaC},,True,274
16,SizingPeriod:DesignDay,Omaha Eppley Airfield Ann Htg Wind 99.6% Condns WS=>MCDB,15,Barometric Pressure {Pa},97784,False,275
16,SizingPeriod:DesignDay,Omaha Eppley Airfield Ann Htg Wind 99.6% Condns WS=>MCDB,16,Wind Speed {m/s},13.8,False,276
16,SizingPeriod:DesignDay,Omaha Eppley Airfield Ann Htg Wind 99.6% Condns WS=>MCDB,17,Wind Direction {deg},340,False,277
16,SizingPeriod:DesignDay,Omaha Eppley Airfield Ann Htg Wind 99.6% Condns WS=>MCDB,18,Rain Indicator,No,False,278
16,SizingPeriod:DesignDay,Omaha Eppley Airfield Ann Htg Wind 99.6% Condns WS=>MCDB,19,Snow Indicator,No,False,279
16,SizingPeriod:DesignDay,Omaha Eppley Airfield Ann Htg Wind 99.6% Condns WS=>MCDB,20,Daylight Saving Time Indicator,No,False,280
16,SizingPeriod:DesignDay,Omaha Eppley Airfield Ann Htg Wind 99.6% Condns WS=>MCDB,21,Solar Model Indicator,ASHRAEClearSky,False,281
16,SizingPeriod:DesignDay,Omaha Eppley Airfield Ann Htg Wind 99.6% Condns WS=>MCDB,22,Beam Solar Day Schedule Name,,True,282
16,SizingPeriod:DesignDay,Omaha Eppley Airfield Ann Htg Wind 99.6% Condns WS=>MCDB,23,Diffuse Solar Day Schedule Name,,True,283
16,SizingPeriod:DesignDay,Omaha Eppley Airfield Ann Htg Wind 99.6% Condns WS=>MCDB,24,ASHRAE Clear Sky Optical Depth for Beam Irradiance (taub) {dimensionless},,True,284
16,SizingPeriod:DesignDay,Omaha Eppley Airfield Ann Htg Wind 99.6% Condns WS=>MCDB,25,ASHRAE Clear Sky Optical Depth for Diffuse Irradiance (taud) {dimensionless},,True,285
16,SizingPeriod:DesignDay,Omaha Eppley Airfield Ann Htg Wind 99.6% Condns WS=>MCDB,26,Sky Clearness,0,False,286
16,SizingPeriod:DesignDay,Omaha Eppley Airfield Ann Htg Wind 99.6% Condns WS=>MCDB,27,Maximum Number Warmup Days,,True,287
16,SizingPeriod:DesignDay,Omaha Eppley Airfield Ann Htg Wind 99.6% Condns WS=>MCDB,28,Begin Environment Reset Mode,FullResetAtBeginEnvironment,False,288
17,SizingPeriod:DesignDay,Omaha Eppley Airfield Ann Hum_n 99.6% Condns DP=>MCDB,1,Name,Omaha Eppley Airfield Ann Hum_n 99.6% Condns DP=>MCDB,False,291
17,SizingPeriod:DesignDay,Omaha Eppley Airfield Ann Hum_n 99.6% Condns DP=>MCDB,2,Month,1,False,292
17,SizingPeriod:DesignDay,Omaha Eppley Airfield Ann Hum_n 99.6% Condns DP=>MCDB,3,Day of Month,21,False,293
17,SizingPeriod:DesignDay,Omaha Eppley Airfield Ann Hum_n 99.6% Condns DP=>MCDB,4,Day Type,WinterDesignDay,False,294
17,SizingPeriod:DesignDay,Omaha Eppley Airfield Ann Hum_n 99.6% Condns DP=>MCDB,5,Maximum Dry-Bulb Temperature {C},-20.6,False,295
17,SizingPeriod:DesignDay,Omaha Eppley Airfield Ann Hum_n 99.6% Condns DP=>MCDB,6,Daily Dry-Bulb Temperature Range {deltaC},0,False,296
17,SizingPeriod:DesignDay,Omaha Eppley Airfield Ann Hum_n 99.6% Condns DP=>MCDB,7,Dry-Bulb Temperature Range Modifier Type,DefaultMultipliers,False,297
17,SizingPeriod:DesignDay,Omaha Eppley Airfield Ann Hum_n 99.6% Condns DP=>MCDB,8,Dry-Bulb Temperature Range Modifier Day Schedule Name,,True,298
17,SizingPeriod:DesignDay,Omaha Eppley Airfield Ann Hum_n 99.6% Condns DP=>MCDB,9,Humidity Condition Type,Dewpoint,False,299
17,SizingPeriod:DesignDay,Omaha Eppley Airfield Ann Hum_n 99.6% Condns DP=>MCDB,10,Wetbulb or DewPoint at Maximum Dry-Bulb {C},-25.4,False,300
17,SizingPeriod:DesignDay,Omaha Eppley Airfield Ann Hum_n 99.6% Condns DP=>MCDB,11,Humidity Condition Day Schedule Name,,True,301
17,SizingPeriod:DesignDay,Omaha Eppley Airfield Ann Hum_n 99.6% Condns DP=>MCDB,12,Humidity Ratio at Maximum Dry-Bulb {kgWater/kgDryAir},,True,302
17,SizingPeriod:DesignDay,Omaha Eppley Airfield Ann Hum_n 99.6% Condns DP=>MCDB,13,Enthalpy at Maximum Dry-Bulb {J/kg},,True,303
17,SizingPeriod:DesignDay,Omaha Eppley Airfield Ann Hum_n 99.6% Condns DP=>MCDB,14,Daily Wet-Bulb Temperature Range {deltaC},,True,304
17,SizingPeriod:DesignDay,Omaha Eppley Airfield Ann Hum_n 99.6% Condns DP=>MCDB,15,Barometric Pressure {Pa},97784,False,305
17,SizingPeriod:DesignDay,Omaha Eppley Airfield Ann Hum_n 99.6% Condns DP=>MCDB,16,Wind Speed {m/s},4.5,False,306
17,SizingPeriod:DesignDay,Omaha Eppley Airfield Ann Hum_n 99.6% Condns DP=>MCDB,17,Wind Direction {deg},340,False,307
17,SizingPeriod:DesignDay,Omaha Eppley Airfield Ann Hum_n 99.6% Condns DP=>MCDB,18,Rain Indicator,No,False,308
17,SizingPeriod:DesignDay,Omaha Eppley Airfield Ann Hum_n 99.6% Condns DP=>MCDB,19,Snow Indicator,No,False,309
17,SizingPeriod:DesignDay,Omaha Eppley Airfield Ann Hum_n 99.6% Condns DP=>MCDB,20,Daylight Saving Time Indicator,No,False,310
17,SizingPeriod:DesignDay,Omaha Eppley Airfield Ann Hum_n 99.6% Condns DP=>MCDB,21,Solar Model Indicator,ASHRAEClearSky,False,311
17,SizingPeriod:DesignDay,Omaha Eppley Airfield Ann Hum_n 99.6% Condns DP=>MCDB,22,Beam Solar Day Schedule Name,,True,312
17,SizingPeriod:DesignDay,Omaha Eppley Airfield Ann Hum_n 99.6% Condns DP=>MCDB,23,Diffuse Solar Day Schedule Name,,True,313
17,SizingPeriod:DesignDay,Omaha Eppley Airfield Ann Hum_n 99.6% Condns DP=>MCDB,24,ASHRAE Clear Sky Optical Depth for Beam Irradiance (taub) {dimensionless},,True,314
17,SizingPeriod:DesignDay,Omaha Eppley Airfield Ann Hum_n 99.6% Condns DP=>MCDB,25,ASHRAE Clear Sky Optical Depth for Diffuse Irradiance (taud) {dimensionless},,True,315
17,SizingPeriod:DesignDay,Omaha Eppley Airfield Ann Hum_n 99.6% Condns DP=>MCDB,26,Sky Clearness,0,False,316
17,SizingPeriod:DesignDay,Omaha Eppley Airfield Ann Hum_n 99.6% Condns DP=>MCDB,27,Maximum Number Warmup Days,,True,317
17,SizingPeriod:DesignDay,Omaha Eppley Airfield Ann Hum_n 99.6% Condns DP=>MCDB,28,Begin Environment Reset Mode,FullResetAtBeginEnvironment,False,318
18,RunPeriod,1year,1,Name,1year,False,324
18,RunPeriod,1year,2,Begin Month,1,False,325
18,RunPeriod,1year,3,Begin Day of Month,1,False,326
18,RunPeriod,1year,4,Begin Year,,True,327
18,RunPeriod,1year,5,End Month,12,False,328
18,RunPeriod,1year,6,End Day of Month,31,False,329
18,RunPeriod,1year,7,End Year,,True,330
18,RunPeriod,1year,8,Day of Week for Start Day,MONDAY,False,331
18,RunPeriod,1year,9,Use Weather File Holidays and Special Days,No,False,332
18,RunPeriod,1year,10,Use Weather File Daylight Saving Period,No,False,333
18,RunPeriod,1year,11,Apply Weekend Holiday Rule,No,False,334
18,RunPeriod,1year,12,Use Weather File Rain Indicators,Yes,False,335
18,RunPeriod,1year,13,Use Weather File Snow Indicators,Yes,False,336
19,Site:GroundTemperature:BuildingSurface,21.5,1,January Ground Temperature {C},21.5,False,342
19,Site:GroundTemperature:BuildingSurface,21.5,2,February Ground Temperature {C},21.4,False,343
19,Site:GroundTemperature:BuildingSurface,21.5,3,March Ground Temperature {C},21.5,False,344
19,Site:GroundTemperature:BuildingSurface,21.5,4,April Ground Temperature {C},21.5,False,345
19,Site:GroundTemperature:BuildingSurface,21.5,5,May Ground Temperature {C},22,False,346
19,Site:GroundTemperature:BuildingSurface,21.5,6,June Ground Temperature {C},22.9,False,347
19,Site:GroundTemperature:BuildingSurface,21.5,7,July Ground Temperature {C},23,False,348
19,Site:GroundTemperature:BuildingSurface,21.5,8,August Ground Temperature {C},23.1,False,349
19,Site:GroundTemperature:BuildingSurface,21.5,9,September Ground Temperature {C},23.1,False,350
19,Site:GroundTemperature:BuildingSurface,21.5,10,October Ground Temperature {C},22.2,False,351
19,Site:GroundTemperature:BuildingSurface,21.5,11,November Ground Temperature {C},21.7,False,352
19,Site:GroundTemperature:BuildingSurface,21.5,12,December Ground Temperature {C},21.6,False,353
20,ScheduleTypeLimits,Any Number,1,Name,Any Number,False,359
21,ScheduleTypeLimits,Fraction,1,Name,Fraction,False,362
21,ScheduleTypeLimits,Fraction,2,Lower Limit Value,0,False,363
21,ScheduleTypeLimits,Fraction,3,Upper Limit Value,1,False,364
21,ScheduleTypeLimits,Fraction,4,Numeric Type,Continuous,False,365
22,ScheduleTypeLimits,Temperature,1,Name,Temperature,False,368
22,ScheduleTypeLimits,Temperature,2,Lower Limit Value,-60,False,369
22,ScheduleTypeLimits,Temperature,3,Upper Limit Value,200,False,370
22,ScheduleTypeLimits,Temperature,4,Numeric Type,Continuous,False,371
23,ScheduleTypeLimits,Control Type,1,Name,Control Type,False,374
23,ScheduleTypeLimits,Control Type,2,Lower Limit Value,0,False,375
23,ScheduleTypeLimits,Control Type,3,Upper Limit Value,4,False,376
23,ScheduleTypeLimits,Control Type,4,Numeric Type,Discrete,False,377
24,ScheduleTypeLimits,On/Off,1,Name,On/Off,False,380
24,ScheduleTypeLimits,On/Off,2,Lower Limit Value,0,False,381
24,ScheduleTypeLimits,On/Off,3,Upper Limit Value,1,False,382
24,ScheduleTypeLimits,On/Off,4,Numeric Type,Discrete,False,383
25,ScheduleTypeLimits,FlowRate,1,Name,FlowRate,False,386
25,ScheduleTypeLimits,FlowRate,2,Lower Limit Value,0,False,387
25,ScheduleTypeLimits,FlowRate,3,Upper Limit Value,10,False,388
25,ScheduleTypeLimits,FlowRate,4,Numeric Type,Continuous,False,389
26,Schedule:Compact,HTGSETP_SCH_NO_OPTIMUM,1,Name,HTGSETP_SCH_NO_OPTIMUM,False,395
26,Schedule:Compact,HTGSETP_SCH_NO_OPTIMUM,2,Schedule Type Limits Name,Temperature,False,396
26,Schedule:Compact,HTGSETP_SCH_NO_OPTIMUM,3,Field 1,Through: 12/31,False,397
26,Schedule:Compact,HTGSETP_SCH_NO_OPTIMUM,4,Field 2,For: WeekDays,False,398
26,Schedule:Compact,HTGSETP_SCH_NO_OPTIMUM,5,Field 3,Until: 6:00,False,399
26,Schedule:Compact,HTGSETP_SCH_NO_OPTIMUM,6,Field 4,15.56,False,400
26,Schedule:Compact,HTGSETP_SCH_NO_OPTIMUM,7,Field 5,Until: 7:00,False,401
26,Schedule:Compact,HTGSETP_SCH_NO_OPTIMUM,8,Field 6,21.11,False,402
26,Schedule:Compact,HTGSETP_SCH_NO_OPTIMUM,9,Field 7,Until: 19:00,False,403
26,Schedule:Compact,HTGSETP_SCH_NO_OPTIMUM,10,Field 8,21.11,False,404
26,Schedule:Compact,HTGSETP_SCH_NO_OPTIMUM,11,Field 9,Until: 24:00,False,405
26,Schedule:Compact,HTGSETP_SCH_NO_OPTIMUM,12,Field 10,15.56,False,406
26,Schedule:Compact,HTGSETP_SCH_NO_OPTIMUM,13,Field 11,For: Weekends,False,407
26,Schedule:Compact,HTGSETP_SCH_NO_OPTIMUM,14,Field 12,Until: 24:00,False,408
26,Schedule:Compact,HTGSETP_SCH_NO_OPTIMUM,15,Field 13,15.56,False,409
26,Schedule:Compact,HTGSETP_SCH_NO_OPTIMUM,16,Field 14,For: Holiday,False,410
26,Schedule:Compact,HTGSETP_SCH_NO_OPTIMUM,17,Field 15,Until: 24:00,False,411
26,Schedule:Compact,HTGSETP_SCH_NO_OPTIMUM,18,Field 16,15.56,False,412
26,Schedule:Compact,HTGSETP_SCH_NO_OPTIMUM,19,Field 17,For: WinterDesignDay,False,413
26,Schedule:Compact,HTGSETP_SCH_NO_OPTIMUM,20,Field 18,Until: 24:00,False,414
26,Schedule:Compact,HTGSETP_SCH_NO_OPTIMUM,21,Field 19,21.11,False,415
26,Schedule:Compact,HTGSETP_SCH_NO_OPTIMUM,22,Field 20,For: SummerDesignDay,False,416
26,Schedule:Compact,HTGSETP_SCH_NO_OPTIMUM,23,Field 21,Until: 24:00,False,417
26,Schedule:Compact,HTGSETP_SCH_NO_OPTIMUM,24,Field 22,15.56,False,418
26,Schedule:Compact,HTGSETP_SCH_NO_OPTIMUM,25,Field 23,For: CustomDay1,False,419
26,Schedule:Compact,HTGSETP_SCH_NO_OPTIMUM,26,Field 24,Until: 24:00,False,420
26,Schedule:Compact,HTGSETP_SCH_NO_OPTIMUM,27,Field 25,15.56,False,421
26,Schedule:Compact,HTGSETP_SCH_NO_OPTIMUM,28,Field 26,For: CustomDay2,False,422
26,Schedule:Compact,HTGSETP_SCH_NO_OPTIMUM,29,Field 27,Until: 24:00,False,423
26,Schedule:Compact,HTGSETP_SCH_NO_OPTIMUM,30,Field 28,15.56,False,424
27,Schedule:Compact,CLGSETP_SCH_NO_OPTIMUM,1,Name,CLGSETP_SCH_NO_OPTIMUM,False,427
27,Schedule:Compact,CLGSETP_SCH_NO_OPTIMUM,2,Schedule Type Limits Name,Temperature,False,428
27,Schedule:Compact,CLGSETP_SCH_NO_OPTIMUM,3,Field 1,Through: 12/31,False,429
27,Schedule:Compact,CLGSETP_SCH_NO_OPTIMUM,4,Field 2,For: WeekDays,False,430
27,Schedule:Compact,CLGSETP_SCH_NO_OPTIMUM,5,Field 3,Until: 6:00,False,431
27,Schedule:Compact,CLGSETP_SCH_NO_OPTIMUM,6,Field 4,29.44,False,432
27,Schedule:Compact,CLGSETP_SCH_NO_OPTIMUM,7,Field 5,Until: 7:00,False,433
27,Schedule:Compact,CLGSETP_SCH_NO_OPTIMUM,8,Field 6,23.89,False,434
27,Schedule:Compact,CLGSETP_SCH_NO_OPTIMUM,9,Field 7,Until: 18:00,False,435
27,Schedule:Compact,CLGSETP_SCH_NO_OPTIMUM,10,Field 8,23.89,False,436
27,Schedule:Compact,CLGSETP_SCH_NO_OPTIMUM,11,Field 9,Until: 24:00,False,437
27,Schedule:Compact,CLGSETP_SCH_NO_OPTIMUM,12,Field 10,29.44,False,438
27,Schedule:Compact,CLGSETP_SCH_NO_OPTIMUM,13,Field 11,For: Weekends,False,439
27,Schedule:Compact,CLGSETP_SCH_NO_OPTIMUM,14,Field 12,Until: 24:00,False,440
27,Schedule:Compact,CLGSETP_SCH_NO_OPTIMUM,15,Field 13,29.44,False,441
27,Schedule:Compact,CLGSETP_SCH_NO_OPTIMUM,16,Field 14,For: Holiday,False,442
27,Schedule:Compact,CLGSETP_SCH_NO_OPTIMUM,17,Field 15,Until: 24:00,False,443
27,Schedule:Compact,CLGSETP_SCH_NO_OPTIMUM,18,Field 16,29.44,False,444
27,Schedule:Compact,CLGSETP_SCH_NO_OPTIMUM,19,Field 17,For: WinterDesignDay,False,445
27,Schedule:Compact,CLGSETP_SCH_NO_OPTIMUM,20,Field 18,Until: 24:00,False,446
27,Schedule:Compact,CLGSETP_SCH_NO_OPTIMUM,21,Field 19,29.44,False,447
27,Schedule:Compact,CLGSETP_SCH_NO_OPTIMUM,22,Field 20,For: SummerDesignDay,False,448
27,Schedule:Compact,CLGSETP_SCH_NO_OPTIMUM,23,Field 21,Until: 24:00,False,449
27,Schedule:Compact,CLGSETP_SCH_NO_OPTIMUM,24,Field 22,23.89,False,450
27,Schedule:Compact,CLGSETP_SCH_NO_OPTIMUM,25,Field 23,For: CustomDay1,False,451
27,Schedule:Compact,CLGSETP_SCH_NO_OPTIMUM,26,Field 24,Until: 24:00,False,452
27,Schedule:Compact,CLGSETP_SCH_NO_OPTIMUM,27,Field 25,29.44,False,453
27,Schedule:Compact,CLGSETP_SCH_NO_OPTIMUM,28,Field 26,For: CustomDay2,False,454
27,Schedule:Compact,CLGSETP_SCH_NO_OPTIMUM,29,Field 27,Until: 24:00,False,455
27,Schedule:Compact,CLGSETP_SCH_NO_OPTIMUM,30,Field 28,29.44,False,456
28,Schedule:Compact,ltg_sch_office,1,Name,ltg_sch_office,False,459
28,Schedule:Compact,ltg_sch_office,2,Schedule Type Limits Name,Fraction,False,460
28,Schedule:Compact,ltg_sch_office,3,Field 1,Through: 12/31,False,461
28,Schedule:Compact,ltg_sch_office,4,Field 2,For: SummerDesignDay,False,462
28,Schedule:Compact,ltg_sch_office,5,Field 3,Until: 24:00,False,463
28,Schedule:Compact,ltg_sch_office,6,Field 4,1,False,464
28,Schedule:Compact,ltg_sch_office,7,Field 5,For: WinterDesignDay,False,465
28,Schedule:Compact,ltg_sch_office,8,Field 6,Until: 24:00,False,466
28,Schedule:Compact,ltg_sch_office,9,Field 7,0,False,467
28,Schedule:Compact,ltg_sch_office,10,Field 8,For: Weekdays,False,468
28,Schedule:Compact,ltg_sch_office,11,Field 9,Until: 5:00,False,469
28,Schedule:Compact,ltg_sch_office,12,Field 10,0.1141323175375,False,470
28,Schedule:Compact,ltg_sch_office,13,Field 11,Until: 7:00,False,471
28,Schedule:Compact,ltg_sch_office,14,Field 12,0.145834697228125,False,472
28,Schedule:Compact,ltg_sch_office,15,Field 13,Until: 8:00,False,473
28,Schedule:Compact,ltg_sch_office,16,Field 14,0.266305615378125,False,474
28,Schedule:Compact,ltg_sch_office,17,Field 15,Until: 12:00,False,475
28,Schedule:Compact,ltg_sch_office,18,Field 16,0.570652211059375,False,476
28,Schedule:Compact,ltg_sch_office,19,Field 17,Until: 13:00,False,477
28,Schedule:Compact,ltg_sch_office,20,Field 18,0.507247451678125,False,478
28,Schedule:Compact,ltg_sch_office,21,Field 19,Until: 17:00,False,479
28,Schedule:Compact,ltg_sch_office,22,Field 20,0.570652211059375,False,480
28,Schedule:Compact,ltg_sch_office,23,Field 21,Until: 18:00,False,481
28,Schedule:Compact,ltg_sch_office,24,Field 22,0.386776533528125,False,482
28,Schedule:Compact,ltg_sch_office,25,Field 23,Until: 20:00,False,483
28,Schedule:Compact,ltg_sch_office,26,Field 24,0.266305615378125,False,484
28,Schedule:Compact,ltg_sch_office,27,Field 25,Until: 22:00,False,485
28,Schedule:Compact,ltg_sch_office,28,Field 26,0.202900855996875,False,486
28,Schedule:Compact,ltg_sch_office,29,Field 27,Until: 23:00,False,487
28,Schedule:Compact,ltg_sch_office,30,Field 28,0.145834697228125,False,488
28,Schedule:Compact,ltg_sch_office,31,Field 29,Until: 24:00,False,489
28,Schedule:Compact,ltg_sch_office,32,Field 30,0.1141323175375,False,490
28,Schedule:Compact,ltg_sch_office,33,Field 31,For: Saturday,False,491
28,Schedule:Compact,ltg_sch_office,34,Field 32,Until: 24:00,False,492
28,Schedule:Compact,ltg_sch_office,35,Field 33,0.1141323175375,False,493
28,Schedule:Compact,ltg_sch_office,36,Field 34,For: AllOtherDays,False,494
28,Schedule:Compact,ltg_sch_office,37,Field 35,Until: 24:00,False,495
28,Schedule:Compact,ltg_sch_office,38,Field 36,0.1141323175375,False,496
29,Schedule:Compact,Exterior_lighting_schedule_a,1,Name,Exterior_lighting_schedule_a,False,499
29,Schedule:Compact,Exterior_lighting_schedule_a,2,Schedule Type Limits Name,fraction,False,500
29,Schedule:Compact,Exterior_lighting_schedule_a,3,Field 1,Through:12/31,False,501
29,Schedule:Compact,Exterior_lighting_schedule_a,4,Field 2,For:AllDays,False,502
29,Schedule:Compact,Exterior_lighting_schedule_a,5,Field 3,Until: 06:00,False,503
29,Schedule:Compact,Exterior_lighting_schedule_a,6,Field 4,0,False,504
29,Schedule:Compact,Exterior_lighting_schedule_a,7,Field 5,Until: 24:00,False,505
29,Schedule:Compact,Exterior_lighting_schedule_a,8,Field 6,1,False,506
30,Schedule:Compact,OCCUPY-1,1,Name,OCCUPY-1,False,509
30,Schedule:Compact,OCCUPY-1,2,Schedule Type Limits Name,Fraction,False,510
30,Schedule:Compact,OCCUPY-1,3,Field 1,Through: 12/31,False,511
30,Schedule:Compact,OCCUPY-1,4,Field 2,For: Weekdays,False,512
30,Schedule:Compact,OCCUPY-1,5,Field 3,Until: 6:00,False,513
30,Schedule:Compact,OCCUPY-1,6,Field 4,0.0,False,514
30,Schedule:Compact,OCCUPY-1,7,Field 5,Until: 7:00,False,515
30,Schedule:Compact,OCCUPY-1,8,Field 6,0.11,False,516
30,Schedule:Compact,OCCUPY-1,9,Field 7,Until: 8:00,False,517
30,Schedule:Compact,OCCUPY-1,10,Field 8,0.21,False,518
30,Schedule:Compact,OCCUPY-1,11,Field 9,Until: 12:00,False,519
30,Schedule:Compact,OCCUPY-1,12,Field 10,1.0,False,520
30,Schedule:Compact,OCCUPY-1,13,Field 11,Until: 13:00,False,521
30,Schedule:Compact,OCCUPY-1,14,Field 12,0.53,False,522
30,Schedule:Compact,OCCUPY-1,15,Field 13,Until: 17:00,False,523
30,Schedule:Compact,OCCUPY-1,16,Field 14,1.0,False,524
30,Schedule:Compact,OCCUPY-1,17,Field 15,Until: 18:00,False,525
30,Schedule:Compact,OCCUPY-1,18,Field 16,0.32,False,526
30,Schedule:Compact,OCCUPY-1,19,Field 17,Until: 22:00,False,527
30,Schedule:Compact,OCCUPY-1,20,Field 18,0.11,False,528
30,Schedule:Compact,OCCUPY-1,21,Field 19,Until: 23:00,False,529
30,Schedule:Compact,OCCUPY-1,22,Field 20,0.05,False,530
30,Schedule:Compact,OCCUPY-1,23,Field 21,Until: 24:00,False,531
30,Schedule:Compact,OCCUPY-1,24,Field 22,0.0,False,532
30,Schedule:Compact,OCCUPY-1,25,Field 23,For: Weekends,False,533
30,Schedule:Compact,OCCUPY-1,26,Field 24,Until: 24:00,False,534
30,Schedule:Compact,OCCUPY-1,27,Field 25,0.0,False,535
30,Schedule:Compact,OCCUPY-1,28,Field 26,For: Holiday,False,536
30,Schedule:Compact,OCCUPY-1,29,Field 27,Until: 24:00,False,537
30,Schedule:Compact,OCCUPY-1,30,Field 28,0.0,False,538
30,Schedule:Compact,OCCUPY-1,31,Field 29,For: WinterDesignDay,False,539
30,Schedule:Compact,OCCUPY-1,32,Field 30,Until: 24:00,False,540
30,Schedule:Compact,OCCUPY-1,33,Field 31,0.0,False,541
30,Schedule:Compact,OCCUPY-1,34,Field 32,For: SummerDesignDay,False,542
30,Schedule:Compact,OCCUPY-1,35,Field 33,Until: 24:00,False,543
30,Schedule:Compact,OCCUPY-1,36,Field 34,1.0,False,544
30,Schedule:Compact,OCCUPY-1,37,Field 35,For: CustomDay1,False,545
30,Schedule:Compact,OCCUPY-1,38,Field 36,Until: 24:00,False,546
30,Schedule:Compact,OCCUPY-1,39,Field 37,0.0,False,547
30,Schedule:Compact,OCCUPY-1,40,Field 38,For: CustomDay2,False,548
30,Schedule:Compact,OCCUPY-1,41,Field 39,Until: 24:00,False,549
30,Schedule:Compact,OCCUPY-1,42,Field 40,0.0,False,550
31,Schedule:Compact,EQUIP-1,1,Name,EQUIP-1,False,553
31,Schedule:Compact,EQUIP-1,2,Schedule Type Limits Name,Fraction,False,554
31,Schedule:Compact,EQUIP-1,3,Field 1,Through: 12/31,False,555
31,Schedule:Compact,EQUIP-1,4,Field 2,For: WeekDays SummerDesignDay CustomDay1 CustomDay2,False,556
31,Schedule:Compact,EQUIP-1,5,Field 3,Until: 8:00,False,557
31,Schedule:Compact,EQUIP-1,6,Field 4,0.02,False,558
31,Schedule:Compact,EQUIP-1,7,Field 5,Until: 9:00,False,559
31,Schedule:Compact,EQUIP-1,8,Field 6,0.4,False,560
31,Schedule:Compact,EQUIP-1,9,Field 7,Until: 14:00,False,561
31,Schedule:Compact,EQUIP-1,10,Field 8,0.9,False,562
31,Schedule:Compact,EQUIP-1,11,Field 9,Until: 15:00,False,563
31,Schedule:Compact,EQUIP-1,12,Field 10,0.8,False,564
31,Schedule:Compact,EQUIP-1,13,Field 11,Until: 16:00,False,565
31,Schedule:Compact,EQUIP-1,14,Field 12,0.7,False,566
31,Schedule:Compact,EQUIP-1,15,Field 13,Until: 18:00,False,567
31,Schedule:Compact,EQUIP-1,16,Field 14,0.5,False,568
31,Schedule:Compact,EQUIP-1,17,Field 15,Until: 21:00,False,569
31,Schedule:Compact,EQUIP-1,18,Field 16,0.3,False,570
31,Schedule:Compact,EQUIP-1,19,Field 17,Until: 24:00,False,571
31,Schedule:Compact,EQUIP-1,20,Field 18,0.02,False,572
31,Schedule:Compact,EQUIP-1,21,Field 19,For: Weekends WinterDesignDay Holiday,False,573
31,Schedule:Compact,EQUIP-1,22,Field 20,Until: 24:00,False,574
31,Schedule:Compact,EQUIP-1,23,Field 21,0.02,False,575
32,Schedule:Compact,INFIL-SCH,1,Name,INFIL-SCH,False,578
32,Schedule:Compact,INFIL-SCH,2,Schedule Type Limits Name,Fraction,False,579
32,Schedule:Compact,INFIL-SCH,3,Field 1,Through: 12/31,False,580
32,Schedule:Compact,INFIL-SCH,4,Field 2,For: Weekdays,False,581
32,Schedule:Compact,INFIL-SCH,5,Field 3,Until: 7:00,False,582
32,Schedule:Compact,INFIL-SCH,6,Field 4,1.0,False,583
32,Schedule:Compact,INFIL-SCH,7,Field 5,Until: 19:00,False,584
32,Schedule:Compact,INFIL-SCH,8,Field 6,.25,False,585
32,Schedule:Compact,INFIL-SCH,9,Field 7,Until: 24:00,False,586
32,Schedule:Compact,INFIL-SCH,10,Field 8,1.0,False,587
32,Schedule:Compact,INFIL-SCH,11,Field 9,For: Saturday,False,588
32,Schedule:Compact,INFIL-SCH,12,Field 10,Until: 07:00,False,589
32,Schedule:Compact,INFIL-SCH,13,Field 11,1.0,False,590
32,Schedule:Compact,INFIL-SCH,14,Field 12,Until: 18:00,False,591
32,Schedule:Compact,INFIL-SCH,15,Field 13,.25,False,592
32,Schedule:Compact,INFIL-SCH,16,Field 14,Until: 24:00,False,593
32,Schedule:Compact,INFIL-SCH,17,Field 15,1,False,594
32,Schedule:Compact,INFIL-SCH,18,Field 16,For: WinterDesignDay SummerDesignDay,False,595
32,Schedule:Compact,INFIL-SCH,19,Field 17,Until: 24:00,False,596
32,Schedule:Compact,INFIL-SCH,20,Field 18,1,False,597
32,Schedule:Compact,INFIL-SCH,21,Field 19,For: Sunday Holidays AllOtherDays,False,598
32,Schedule:Compact,INFIL-SCH,22,Field 20,Until: 24:00,False,599
32,Schedule:Compact,INFIL-SCH,23,Field 21,1,False,600
33,Schedule:Compact,ActSchd,1,Name,ActSchd,False,603
33,Schedule:Compact,ActSchd,2,Schedule Type Limits Name,Any Number,False,604
33,Schedule:Compact,ActSchd,3,Field 1,Through: 12/31,False,605
33,Schedule:Compact,ActSchd,4,Field 2,For: AllDays,False,606
33,Schedule:Compact,ActSchd,5,Field 3,Until: 24:00,False,607
33,Schedule:Compact,ActSchd,6,Field 4,117.239997864,False,608
34,Schedule:Compact,AvailSched_1,1,Name,AvailSched_1,False,611
34,Schedule:Compact,AvailSched_1,2,Schedule Type Limits Name,On/Off,False,612
34,Schedule:Compact,AvailSched_1,3,Field 1,Through: 12/31,False,613
34,Schedule:Compact,AvailSched_1,4,Field 2,For: WeekDays CustomDay1 CustomDay2,False,614
34,Schedule:Compact,AvailSched_1,5,Field 3,Until: 24:00,False,615
34,Schedule:Compact,AvailSched_1,6,Field 4,1,False,616
34,Schedule:Compact,AvailSched_1,7,Field 5,For: WeekEnds Holiday,False,617
34,Schedule:Compact,AvailSched_1,8,Field 6,Until: 24:00,False,618
34,Schedule:Compact,AvailSched_1,9,Field 7,1,False,619
34,Schedule:Compact,AvailSched_1,10,Field 8,For: SummerDesignDay,False,620
34,Schedule:Compact,AvailSched_1,11,Field 9,Until: 24:00,False,621
34,Schedule:Compact,AvailSched_1,12,Field 10,1,False,622
34,Schedule:Compact,AvailSched_1,13,Field 11,For: WinterDesignDay,False,623
34,Schedule:Compact,AvailSched_1,14,Field 12,Until: 24:00,False,624
34,Schedule:Compact,AvailSched_1,15,Field 13,1,False,625
35,Schedule:Compact,Min OA Sched,1,Name,Min OA Sched,False,628
35,Schedule:Compact,Min OA Sched,2,Schedule Type Limits Name,Fraction,False,629
35,Schedule:Compact,Min OA Sched,3,Field 1,Through: 12/31,False,630
35,Schedule:Compact,Min OA Sched,4,Field 2,For: WeekDays CustomDay1 CustomDay2,False,631
35,Schedule:Compact,Min OA Sched,5,Field 3,Until: 6:00,False,632
35,Schedule:Compact,Min OA Sched,6,Field 4,0,False,633
35,Schedule:Compact,Min OA Sched,7,Field 5,Until: 23:00,False,634
35,Schedule:Compact,Min OA Sched,8,Field 6,1,False,635
35,Schedule:Compact,Min OA Sched,9,Field 7,Until: 24:00,False,636
35,Schedule:Compact,Min OA Sched,10,Field 8,0,False,637
35,Schedule:Compact,Min OA Sched,11,Field 9,For: WeekEnds Holiday,False,638
35,Schedule:Compact,Min OA Sched,12,Field 10,Until: 24:00,False,639
35,Schedule:Compact,Min OA Sched,13,Field 11,0,False,640
35,Schedule:Compact,Min OA Sched,14,Field 12,For: SummerDesignDay,False,641
35,Schedule:Compact,Min OA Sched,15,Field 13,Until: 24:00,False,642
35,Schedule:Compact,Min OA Sched,16,Field 14,1,False,643
35,Schedule:Compact,Min OA Sched,17,Field 15,For: WinterDesignDay,False,644
35,Schedule:Compact,Min OA Sched,18,Field 16,Until: 24:00,False,645
35,Schedule:Compact,Min OA Sched,19,Field 17,1,False,646
36,Schedule:Compact,HVACTemplate-Always 4,1,Name,HVACTemplate-Always 4,False,649
36,Schedule:Compact,HVACTemplate-Always 4,2,Schedule Type Limits Name,Any Number,False,650
36,Schedule:Compact,HVACTemplate-Always 4,3,Field 1,Through: 12/31,False,651
36,Schedule:Compact,HVACTemplate-Always 4,4,Field 2,For: AllDays,False,652
36,Schedule:Compact,HVACTemplate-Always 4,5,Field 3,Until: 24:00,False,653
36,Schedule:Compact,HVACTemplate-Always 4,6,Field 4,4,False,654
37,Schedule:Compact,HVACTemplate-Always 1,1,Name,HVACTemplate-Always 1,False,657
37,Schedule:Compact,HVACTemplate-Always 1,2,Schedule Type Limits Name,Any Number,False,658
37,Schedule:Compact,HVACTemplate-Always 1,3,Field 1,Through: 12/31,False,659
37,Schedule:Compact,HVACTemplate-Always 1,4,Field 2,For: AllDays,False,660
37,Schedule:Compact,HVACTemplate-Always 1,5,Field 3,Until: 24:00,False,661
37,Schedule:Compact,HVACTemplate-Always 1,6,Field 4,1,False,662
38,Material,HIBO Metal Wall Panel 24ga Eq,1,Name,HIBO Metal Wall Panel 24ga Eq,False,686
38,Material,HIBO Metal Wall Panel 24ga Eq,2,Roughness,Smooth,False,687
38,Material,HIBO Metal Wall Panel 24ga Eq,3,Thickness {m},0.00061,False,688
38,Material,HIBO Metal Wall Panel 24ga Eq,4,Conductivity {W/m-K},45.28,False,689
38,Material,HIBO Metal Wall Panel 24ga Eq,5,Density {kg/m3},7824,False,690
38,Material,HIBO Metal Wall Panel 24ga Eq,6,Specific Heat {J/kg-K},500,False,691
38,Material,HIBO Metal Wall Panel 24ga Eq,7,Thermal Absorptance,0.9,False,692
38,Material,HIBO Metal Wall Panel 24ga Eq,8,Solar Absorptance,0.7,False,693
38,Material,HIBO Metal Wall Panel 24ga Eq,9,Visible Absorptance,0.7,False,694
39,Material,HIBO Burnished CMU Veneer 4in Eq,1,Name,HIBO Burnished CMU Veneer 4in Eq,False,719
39,Material,HIBO Burnished CMU Veneer 4in Eq,2,Roughness,MediumRough,False,720
39,Material,HIBO Burnished CMU Veneer 4in Eq,3,Thickness {m},0.0921,False,721
39,Material,HIBO Burnished CMU Veneer 4in Eq,4,Conductivity {W/m-K},0.484229679367,False,722
39,Material,HIBO Burnished CMU Veneer 4in Eq,5,Density {kg/m3},832.318730782,False,723
39,Material,HIBO Burnished CMU Veneer 4in Eq,6,Specific Heat {J/kg-K},880,False,724
39,Material,HIBO Burnished CMU Veneer 4in Eq,7,Thermal Absorptance,0.9,False,725
39,Material,HIBO Burnished CMU Veneer 4in Eq,8,Solar Absorptance,0.7,False,726
39,Material,HIBO Burnished CMU Veneer 4in Eq,9,Visible Absorptance,0.7,False,727
40,Material,HIBO Thermax CI R7.5 Eq,1,Name,HIBO Thermax CI R7.5 Eq,False,746
40,Material,HIBO Thermax CI R7.5 Eq,2,Roughness,MediumRough,False,747
40,Material,HIBO Thermax CI R7.5 Eq,3,Thickness {m},0.0272,False,748
40,Material,HIBO Thermax CI R7.5 Eq,4,Conductivity {W/m-K},0.0205931898624,False,749
40,Material,HIBO Thermax CI R7.5 Eq,5,Density {kg/m3},32,False,750
40,Material,HIBO Thermax CI R7.5 Eq,6,Specific Heat {J/kg-K},920,False,751
40,Material,HIBO Thermax CI R7.5 Eq,7,Thermal Absorptance,0.9,False,752
40,Material,HIBO Thermax CI R7.5 Eq,8,Solar Absorptance,0.7,False,753
40,Material,HIBO Thermax CI R7.5 Eq,9,Visible Absorptance,0.7,False,754
41,Material,HIBO Exterior Gypsum Sheathing 5-8in,1,Name,HIBO Exterior Gypsum Sheathing 5-8in,False,775
41,Material,HIBO Exterior Gypsum Sheathing 5-8in,2,Roughness,MediumSmooth,False,776
41,Material,HIBO Exterior Gypsum Sheathing 5-8in,3,Thickness {m},0.015875,False,777
41,Material,HIBO Exterior Gypsum Sheathing 5-8in,4,Conductivity {W/m-K},0.16,False,778
41,Material,HIBO Exterior Gypsum Sheathing 5-8in,5,Density {kg/m3},800,False,779
41,Material,HIBO Exterior Gypsum Sheathing 5-8in,6,Specific Heat {J/kg-K},1090,False,780
41,Material,HIBO Exterior Gypsum Sheathing 5-8in,7,Thermal Absorptance,0.9,False,781
41,Material,HIBO Exterior Gypsum Sheathing 5-8in,8,Solar Absorptance,0.4,False,782
41,Material,HIBO Exterior Gypsum Sheathing 5-8in,9,Visible Absorptance,0.4,False,783
42,Material,HIBO CFS Batt R13 6in Effective,1,Name,HIBO CFS Batt R13 6in Effective,False,796
42,Material,HIBO CFS Batt R13 6in Effective,2,Roughness,MediumRough,False,797
42,Material,HIBO CFS Batt R13 6in Effective,3,Thickness {m},0.1524,False,798
42,Material,HIBO CFS Batt R13 6in Effective,4,Conductivity {W/m-K},0.14423,False,799
42,Material,HIBO CFS Batt R13 6in Effective,5,Density {kg/m3},50,False,800
42,Material,HIBO CFS Batt R13 6in Effective,6,Specific Heat {J/kg-K},700,False,801
42,Material,HIBO CFS Batt R13 6in Effective,7,Thermal Absorptance,0.9,False,802
42,Material,HIBO CFS Batt R13 6in Effective,8,Solar Absorptance,0.5,False,803
42,Material,HIBO CFS Batt R13 6in Effective,9,Visible Absorptance,0.5,False,804
43,Material,HIBO Gypsum Board Type X 5-8in,1,Name,HIBO Gypsum Board Type X 5-8in,False,825
43,Material,HIBO Gypsum Board Type X 5-8in,2,Roughness,MediumSmooth,False,826
43,Material,HIBO Gypsum Board Type X 5-8in,3,Thickness {m},0.015875,False,827
43,Material,HIBO Gypsum Board Type X 5-8in,4,Conductivity {W/m-K},0.16,False,828
43,Material,HIBO Gypsum Board Type X 5-8in,5,Density {kg/m3},800,False,829
43,Material,HIBO Gypsum Board Type X 5-8in,6,Specific Heat {J/kg-K},1090,False,830
43,Material,HIBO Gypsum Board Type X 5-8in,7,Thermal Absorptance,0.9,False,831
43,Material,HIBO Gypsum Board Type X 5-8in,8,Solar Absorptance,0.4,False,832
43,Material,HIBO Gypsum Board Type X 5-8in,9,Visible Absorptance,0.4,False,833
44,Material,HIBO EPDM Membrane 45mil,1,Name,HIBO EPDM Membrane 45mil,False,853
44,Material,HIBO EPDM Membrane 45mil,2,Roughness,VeryRough,False,854
44,Material,HIBO EPDM Membrane 45mil,3,Thickness {m},0.001143,False,855
44,Material,HIBO EPDM Membrane 45mil,4,Conductivity {W/m-K},0.25,False,856
44,Material,HIBO EPDM Membrane 45mil,5,Density {kg/m3},1150,False,857
44,Material,HIBO EPDM Membrane 45mil,6,Specific Heat {J/kg-K},1000,False,858
44,Material,HIBO EPDM Membrane 45mil,7,Thermal Absorptance,0.9,False,859
44,Material,HIBO EPDM Membrane 45mil,8,Solar Absorptance,0.7,False,860
44,Material,HIBO EPDM Membrane 45mil,9,Visible Absorptance,0.7,False,861
45,Material,HIBO Roof Polyiso 4in R30 Eq,1,Name,HIBO Roof Polyiso 4in R30 Eq,False,879
45,Material,HIBO Roof Polyiso 4in R30 Eq,2,Roughness,MediumRough,False,880
45,Material,HIBO Roof Polyiso 4in R30 Eq,3,Thickness {m},0.1016,False,881
45,Material,HIBO Roof Polyiso 4in R30 Eq,4,Conductivity {W/m-K},0.0192304052391,False,882
45,Material,HIBO Roof Polyiso 4in R30 Eq,5,Density {kg/m3},32,False,883
45,Material,HIBO Roof Polyiso 4in R30 Eq,6,Specific Heat {J/kg-K},920,False,884
45,Material,HIBO Roof Polyiso 4in R30 Eq,7,Thermal Absorptance,0.9,False,885
45,Material,HIBO Roof Polyiso 4in R30 Eq,8,Solar Absorptance,0.7,False,886
45,Material,HIBO Roof Polyiso 4in R30 Eq,9,Visible Absorptance,0.7,False,887
46,Material,HIBO Metal Roof Deck Eq,1,Name,HIBO Metal Roof Deck Eq,False,909
46,Material,HIBO Metal Roof Deck Eq,2,Roughness,MediumSmooth,False,910
46,Material,HIBO Metal Roof Deck Eq,3,Thickness {m},0.0015,False,911
46,Material,HIBO Metal Roof Deck Eq,4,Conductivity {W/m-K},45.006,False,912
46,Material,HIBO Metal Roof Deck Eq,5,Density {kg/m3},7680,False,913
46,Material,HIBO Metal Roof Deck Eq,6,Specific Heat {J/kg-K},418.4,False,914
46,Material,HIBO Metal Roof Deck Eq,7,Thermal Absorptance,0.9,False,915
46,Material,HIBO Metal Roof Deck Eq,8,Solar Absorptance,0.7,False,916
46,Material,HIBO Metal Roof Deck Eq,9,Visible Absorptance,0.3,False,917
47,Material,HIBO Concrete Slab 4in,1,Name,HIBO Concrete Slab 4in,False,938
47,Material,HIBO Concrete Slab 4in,2,Roughness,Rough,False,939
47,Material,HIBO Concrete Slab 4in,3,Thickness {m},0.1016,False,940
47,Material,HIBO Concrete Slab 4in,4,Conductivity {W/m-K},1.311,False,941
47,Material,HIBO Concrete Slab 4in,5,Density {kg/m3},2240,False,942
47,Material,HIBO Concrete Slab 4in,6,Specific Heat {J/kg-K},836.8,False,943
47,Material,HIBO Concrete Slab 4in,7,Thermal Absorptance,0.9,False,944
47,Material,HIBO Concrete Slab 4in,8,Solar Absorptance,0.7,False,945
47,Material,HIBO Concrete Slab 4in,9,Visible Absorptance,0.7,False,946
48,Material,HIBO Granular Fill 4in Eq,1,Name,HIBO Granular Fill 4in Eq,False,966
48,Material,HIBO Granular Fill 4in Eq,2,Roughness,Rough,False,967
48,Material,HIBO Granular Fill 4in Eq,3,Thickness {m},0.1016,False,968
48,Material,HIBO Granular Fill 4in Eq,4,Conductivity {W/m-K},1.9,False,969
48,Material,HIBO Granular Fill 4in Eq,5,Density {kg/m3},2000,False,970
48,Material,HIBO Granular Fill 4in Eq,6,Specific Heat {J/kg-K},720,False,971
48,Material,HIBO Granular Fill 4in Eq,7,Thermal Absorptance,0.9,False,972
48,Material,HIBO Granular Fill 4in Eq,8,Solar Absorptance,0.7,False,973
48,Material,HIBO Granular Fill 4in Eq,9,Visible Absorptance,0.7,False,974
49,Material,HIBO APC-1 Ultima High NRC 1940 Reference,1,Name,HIBO APC-1 Ultima High NRC 1940 Reference,False,995
49,Material,HIBO APC-1 Ultima High NRC 1940 Reference,2,Roughness,MediumSmooth,False,996
49,Material,HIBO APC-1 Ultima High NRC 1940 Reference,3,Thickness {m},0.022225,False,997
49,Material,HIBO APC-1 Ultima High NRC 1940 Reference,4,Conductivity {W/m-K},0.0569871794872,False,998
49,Material,HIBO APC-1 Ultima High NRC 1940 Reference,5,Density {kg/m3},250.437233092,False,999
49,Material,HIBO APC-1 Ultima High NRC 1940 Reference,6,Specific Heat {J/kg-K},590,False,1000
49,Material,HIBO APC-1 Ultima High NRC 1940 Reference,7,Thermal Absorptance,0.9,False,1001
49,Material,HIBO APC-1 Ultima High NRC 1940 Reference,8,Solar Absorptance,0.3,False,1002
49,Material,HIBO APC-1 Ultima High NRC 1940 Reference,9,Visible Absorptance,0.13,False,1003
50,Material,HIBO Interior Sound Batt Cavity 6in Eq,1,Name,HIBO Interior Sound Batt Cavity 6in Eq,False,1016
50,Material,HIBO Interior Sound Batt Cavity 6in Eq,2,Roughness,MediumRough,False,1017
50,Material,HIBO Interior Sound Batt Cavity 6in Eq,3,Thickness {m},0.1524,False,1018
50,Material,HIBO Interior Sound Batt Cavity 6in Eq,4,Conductivity {W/m-K},0.12,False,1019
50,Material,HIBO Interior Sound Batt Cavity 6in Eq,5,Density {kg/m3},40,False,1020
50,Material,HIBO Interior Sound Batt Cavity 6in Eq,6,Specific Heat {J/kg-K},700,False,1021
50,Material,HIBO Interior Sound Batt Cavity 6in Eq,7,Thermal Absorptance,0.9,False,1022
50,Material,HIBO Interior Sound Batt Cavity 6in Eq,8,Solar Absorptance,0.5,False,1023
50,Material,HIBO Interior Sound Batt Cavity 6in Eq,9,Visible Absorptance,0.5,False,1024
51,Material,HIBO Interior Sound Batt Cavity 8in Eq,1,Name,HIBO Interior Sound Batt Cavity 8in Eq,False,1037
51,Material,HIBO Interior Sound Batt Cavity 8in Eq,2,Roughness,MediumRough,False,1038
51,Material,HIBO Interior Sound Batt Cavity 8in Eq,3,Thickness {m},0.2032,False,1039
51,Material,HIBO Interior Sound Batt Cavity 8in Eq,4,Conductivity {W/m-K},0.12,False,1040
51,Material,HIBO Interior Sound Batt Cavity 8in Eq,5,Density {kg/m3},40,False,1041
51,Material,HIBO Interior Sound Batt Cavity 8in Eq,6,Specific Heat {J/kg-K},700,False,1042
51,Material,HIBO Interior Sound Batt Cavity 8in Eq,7,Thermal Absorptance,0.9,False,1043
51,Material,HIBO Interior Sound Batt Cavity 8in Eq,8,Solar Absorptance,0.5,False,1044
51,Material,HIBO Interior Sound Batt Cavity 8in Eq,9,Visible Absorptance,0.5,False,1045
52,Material,HIBO HM Door Steel Skin Eq,1,Name,HIBO HM Door Steel Skin Eq,False,1066
52,Material,HIBO HM Door Steel Skin Eq,2,Roughness,Smooth,False,1067
52,Material,HIBO HM Door Steel Skin Eq,3,Thickness {m},0.001,False,1068
52,Material,HIBO HM Door Steel Skin Eq,4,Conductivity {W/m-K},45.28,False,1069
52,Material,HIBO HM Door Steel Skin Eq,5,Density {kg/m3},7824,False,1070
52,Material,HIBO HM Door Steel Skin Eq,6,Specific Heat {J/kg-K},500,False,1071
52,Material,HIBO HM Door Steel Skin Eq,7,Thermal Absorptance,0.9,False,1072
52,Material,HIBO HM Door Steel Skin Eq,8,Solar Absorptance,0.7,False,1073
52,Material,HIBO HM Door Steel Skin Eq,9,Visible Absorptance,0.7,False,1074
53,Material,HIBO HM Door Core Eq,1,Name,HIBO HM Door Core Eq,False,1087
53,Material,HIBO HM Door Core Eq,2,Roughness,Smooth,False,1088
53,Material,HIBO HM Door Core Eq,3,Thickness {m},0.04245,False,1089
53,Material,HIBO HM Door Core Eq,4,Conductivity {W/m-K},0.12,False,1090
53,Material,HIBO HM Door Core Eq,5,Density {kg/m3},80,False,1091
53,Material,HIBO HM Door Core Eq,6,Specific Heat {J/kg-K},1000,False,1092
53,Material,HIBO HM Door Core Eq,7,Thermal Absorptance,0.9,False,1093
53,Material,HIBO HM Door Core Eq,8,Solar Absorptance,0.5,False,1094
53,Material,HIBO HM Door Core Eq,9,Visible Absorptance,0.5,False,1095
54,Material,HIBO Hollow Metal Frame Eq,1,Name,HIBO Hollow Metal Frame Eq,False,1109
54,Material,HIBO Hollow Metal Frame Eq,2,Roughness,Smooth,False,1110
54,Material,HIBO Hollow Metal Frame Eq,3,Thickness {m},0.04445,False,1111
54,Material,HIBO Hollow Metal Frame Eq,4,Conductivity {W/m-K},0.22225,False,1112
54,Material,HIBO Hollow Metal Frame Eq,5,Density {kg/m3},250,False,1113
54,Material,HIBO Hollow Metal Frame Eq,6,Specific Heat {J/kg-K},500,False,1114
54,Material,HIBO Hollow Metal Frame Eq,7,Thermal Absorptance,0.9,False,1115
54,Material,HIBO Hollow Metal Frame Eq,8,Solar Absorptance,0.4,False,1116
54,Material,HIBO Hollow Metal Frame Eq,9,Visible Absorptance,0.4,False,1117
55,Material,HIBO Exterior Aluminum Frame Strip Eq,1,Name,HIBO Exterior Aluminum Frame Strip Eq,False,1131
55,Material,HIBO Exterior Aluminum Frame Strip Eq,2,Roughness,Smooth,False,1132
55,Material,HIBO Exterior Aluminum Frame Strip Eq,3,Thickness {m},0.1524,False,1133
55,Material,HIBO Exterior Aluminum Frame Strip Eq,4,Conductivity {W/m-K},0.762,False,1134
55,Material,HIBO Exterior Aluminum Frame Strip Eq,5,Density {kg/m3},120,False,1135
55,Material,HIBO Exterior Aluminum Frame Strip Eq,6,Specific Heat {J/kg-K},900,False,1136
55,Material,HIBO Exterior Aluminum Frame Strip Eq,7,Thermal Absorptance,0.9,False,1137
55,Material,HIBO Exterior Aluminum Frame Strip Eq,8,Solar Absorptance,0.4,False,1138
55,Material,HIBO Exterior Aluminum Frame Strip Eq,9,Visible Absorptance,0.4,False,1139
56,Material,HIBO Internal Mass Half Cavity SA6 Eq,1,Name,HIBO Internal Mass Half Cavity SA6 Eq,False,1152
56,Material,HIBO Internal Mass Half Cavity SA6 Eq,2,Roughness,Smooth,False,1153
56,Material,HIBO Internal Mass Half Cavity SA6 Eq,3,Thickness {m},0.0762,False,1154
56,Material,HIBO Internal Mass Half Cavity SA6 Eq,4,Conductivity {W/m-K},0.12,False,1155
56,Material,HIBO Internal Mass Half Cavity SA6 Eq,5,Density {kg/m3},40,False,1156
56,Material,HIBO Internal Mass Half Cavity SA6 Eq,6,Specific Heat {J/kg-K},700,False,1157
56,Material,HIBO Internal Mass Half Cavity SA6 Eq,7,Thermal Absorptance,0.9,False,1158
56,Material,HIBO Internal Mass Half Cavity SA6 Eq,8,Solar Absorptance,0.5,False,1159
56,Material,HIBO Internal Mass Half Cavity SA6 Eq,9,Visible Absorptance,0.5,False,1160
57,Material,HIBO Internal Mass Half HM Core,1,Name,HIBO Internal Mass Half HM Core,False,1173
57,Material,HIBO Internal Mass Half HM Core,2,Roughness,Smooth,False,1174
57,Material,HIBO Internal Mass Half HM Core,3,Thickness {m},0.021225,False,1175
57,Material,HIBO Internal Mass Half HM Core,4,Conductivity {W/m-K},0.12,False,1176
57,Material,HIBO Internal Mass Half HM Core,5,Density {kg/m3},80,False,1177
57,Material,HIBO Internal Mass Half HM Core,6,Specific Heat {J/kg-K},1000,False,1178
57,Material,HIBO Internal Mass Half HM Core,7,Thermal Absorptance,0.9,False,1179
57,Material,HIBO Internal Mass Half HM Core,8,Solar Absorptance,0.5,False,1180
57,Material,HIBO Internal Mass Half HM Core,9,Visible Absorptance,0.5,False,1181
58,Material,HIBO ITSG Opaque Panel 1in Eq,1,Name,HIBO ITSG Opaque Panel 1in Eq,False,1194
58,Material,HIBO ITSG Opaque Panel 1in Eq,2,Roughness,Smooth,False,1195
58,Material,HIBO ITSG Opaque Panel 1in Eq,3,Thickness {m},0.0254,False,1196
58,Material,HIBO ITSG Opaque Panel 1in Eq,4,Conductivity {W/m-K},0.0607313642757,False,1197
58,Material,HIBO ITSG Opaque Panel 1in Eq,5,Density {kg/m3},400,False,1198
58,Material,HIBO ITSG Opaque Panel 1in Eq,6,Specific Heat {J/kg-K},840,False,1199
58,Material,HIBO ITSG Opaque Panel 1in Eq,7,Thermal Absorptance,0.84,False,1200
58,Material,HIBO ITSG Opaque Panel 1in Eq,8,Solar Absorptance,0.6,False,1201
58,Material,HIBO ITSG Opaque Panel 1in Eq,9,Visible Absorptance,0.6,False,1202
59,Material,HIBO Carpet Tile CPT-1 Eq,1,Name,HIBO Carpet Tile CPT-1 Eq,False,1223
59,Material,HIBO Carpet Tile CPT-1 Eq,2,Roughness,MediumRough,False,1224
59,Material,HIBO Carpet Tile CPT-1 Eq,3,Thickness {m},0.005207,False,1225
59,Material,HIBO Carpet Tile CPT-1 Eq,4,Conductivity {W/m-K},0.06,False,1226
59,Material,HIBO Carpet Tile CPT-1 Eq,5,Density {kg/m3},288,False,1227
59,Material,HIBO Carpet Tile CPT-1 Eq,6,Specific Heat {J/kg-K},1380,False,1228
59,Material,HIBO Carpet Tile CPT-1 Eq,7,Thermal Absorptance,0.9,False,1229
59,Material,HIBO Carpet Tile CPT-1 Eq,8,Solar Absorptance,0.7,False,1230
59,Material,HIBO Carpet Tile CPT-1 Eq,9,Visible Absorptance,0.7,False,1231
60,Material:NoMass,HIBO Air Barrier Eq,1,Name,HIBO Air Barrier Eq,False,1238
60,Material:NoMass,HIBO Air Barrier Eq,2,Roughness,MediumSmooth,False,1239
60,Material:NoMass,HIBO Air Barrier Eq,3,Thermal Resistance {m2-K/W},0.001,False,1240
60,Material:NoMass,HIBO Air Barrier Eq,4,Thermal Absorptance,0.90,False,1241
60,Material:NoMass,HIBO Air Barrier Eq,5,Solar Absorptance,0.50,False,1242
60,Material:NoMass,HIBO Air Barrier Eq,6,Visible Absorptance,0.50,False,1243
61,Material:NoMass,HIBO Roof Vapor Retarder Eq,1,Name,HIBO Roof Vapor Retarder Eq,False,1247
61,Material:NoMass,HIBO Roof Vapor Retarder Eq,2,Roughness,Smooth,False,1248
61,Material:NoMass,HIBO Roof Vapor Retarder Eq,3,Thermal Resistance {m2-K/W},0.0010,False,1249
61,Material:NoMass,HIBO Roof Vapor Retarder Eq,4,Thermal Absorptance,0.90,False,1250
61,Material:NoMass,HIBO Roof Vapor Retarder Eq,5,Solar Absorptance,0.50,False,1251
61,Material:NoMass,HIBO Roof Vapor Retarder Eq,6,Visible Absorptance,0.50,False,1252
62,Material:AirGap,HIBO Exterior Drainage Cavity,1,Name,HIBO Exterior Drainage Cavity,False,1260
62,Material:AirGap,HIBO Exterior Drainage Cavity,2,Thermal Resistance {m2-K/W},0.15,False,1261
63,WindowMaterial:SimpleGlazingSystem,SN54_1in_IGU,1,Name,SN54_1in_IGU,False,1267
63,WindowMaterial:SimpleGlazingSystem,SN54_1in_IGU,2,U-Factor {W/m2-K},1.36,False,1268
63,WindowMaterial:SimpleGlazingSystem,SN54_1in_IGU,3,Solar Heat Gain Coefficient,0.28,False,1269
63,WindowMaterial:SimpleGlazingSystem,SN54_1in_IGU,4,Visible Transmittance,0.54,False,1270
64,WindowMaterial:Glazing,HIBO Interior CTG 1-4in,1,Name,HIBO Interior CTG 1-4in,False,1276
64,WindowMaterial:Glazing,HIBO Interior CTG 1-4in,2,Optical Data Type,SpectralAverage,False,1277
64,WindowMaterial:Glazing,HIBO Interior CTG 1-4in,3,Window Glass Spectral Data Set Name,,True,1278
64,WindowMaterial:Glazing,HIBO Interior CTG 1-4in,4,Thickness {m},0.00635,False,1279
64,WindowMaterial:Glazing,HIBO Interior CTG 1-4in,5,Solar Transmittance at Normal Incidence,0.775,False,1280
64,WindowMaterial:Glazing,HIBO Interior CTG 1-4in,6,Front Side Solar Reflectance at Normal Incidence,0.071,False,1281
64,WindowMaterial:Glazing,HIBO Interior CTG 1-4in,7,Back Side Solar Reflectance at Normal Incidence,0.071,False,1282
64,WindowMaterial:Glazing,HIBO Interior CTG 1-4in,8,Visible Transmittance at Normal Incidence,0.881,False,1283
64,WindowMaterial:Glazing,HIBO Interior CTG 1-4in,9,Front Side Visible Reflectance at Normal Incidence,0.08,False,1284
64,WindowMaterial:Glazing,HIBO Interior CTG 1-4in,10,Back Side Visible Reflectance at Normal Incidence,0.08,False,1285
64,WindowMaterial:Glazing,HIBO Interior CTG 1-4in,11,Infrared Transmittance at Normal Incidence,0,False,1286
64,WindowMaterial:Glazing,HIBO Interior CTG 1-4in,12,Front Side Infrared Hemispherical Emissivity,0.84,False,1287
64,WindowMaterial:Glazing,HIBO Interior CTG 1-4in,13,Back Side Infrared Hemispherical Emissivity,0.84,False,1288
64,WindowMaterial:Glazing,HIBO Interior CTG 1-4in,14,Conductivity {W/m-K},0.9,False,1289
64,WindowMaterial:Glazing,HIBO Interior CTG 1-4in,15,Dirt Correction Factor for Solar and Visible Transmittance,1,False,1290
64,WindowMaterial:Glazing,HIBO Interior CTG 1-4in,16,Solar Diffusing,No,False,1291
65,Construction,EXT_Window_SN54,1,Name,EXT_Window_SN54,False,1297
65,Construction,EXT_Window_SN54,2,Outside Layer,SN54_1in_IGU,False,1298
66,Construction,HIBO Metal Panel Exterior Wall,1,Name,HIBO Metal Panel Exterior Wall,False,1301
66,Construction,HIBO Metal Panel Exterior Wall,2,Outside Layer,HIBO Metal Wall Panel 24ga Eq,False,1302
66,Construction,HIBO Metal Panel Exterior Wall,3,Layer 2,HIBO Thermax CI R7.5 Eq,False,1303
66,Construction,HIBO Metal Panel Exterior Wall,4,Layer 3,HIBO Air Barrier Eq,False,1304
66,Construction,HIBO Metal Panel Exterior Wall,5,Layer 4,HIBO Exterior Gypsum Sheathing 5-8in,False,1305
66,Construction,HIBO Metal Panel Exterior Wall,6,Layer 5,HIBO CFS Batt R13 6in Effective,False,1306
66,Construction,HIBO Metal Panel Exterior Wall,7,Layer 6,HIBO Gypsum Board Type X 5-8in,False,1307
67,Construction,HIBO CMU Veneer Exterior Wall,1,Name,HIBO CMU Veneer Exterior Wall,False,1310
67,Construction,HIBO CMU Veneer Exterior Wall,2,Outside Layer,HIBO Burnished CMU Veneer 4in Eq,False,1311
67,Construction,HIBO CMU Veneer Exterior Wall,3,Layer 2,HIBO Exterior Drainage Cavity,False,1312
67,Construction,HIBO CMU Veneer Exterior Wall,4,Layer 3,HIBO Thermax CI R7.5 Eq,False,1313
67,Construction,HIBO CMU Veneer Exterior Wall,5,Layer 4,HIBO Air Barrier Eq,False,1314
67,Construction,HIBO CMU Veneer Exterior Wall,6,Layer 5,HIBO Exterior Gypsum Sheathing 5-8in,False,1315
67,Construction,HIBO CMU Veneer Exterior Wall,7,Layer 6,HIBO CFS Batt R13 6in Effective,False,1316
67,Construction,HIBO CMU Veneer Exterior Wall,8,Layer 7,HIBO Gypsum Board Type X 5-8in,False,1317
68,Construction,HIBO EPDM Insulated Roof,1,Name,HIBO EPDM Insulated Roof,False,1320
68,Construction,HIBO EPDM Insulated Roof,2,Outside Layer,HIBO EPDM Membrane 45mil,False,1321
68,Construction,HIBO EPDM Insulated Roof,3,Layer 2,HIBO Roof Polyiso 4in R30 Eq,False,1322
68,Construction,HIBO EPDM Insulated Roof,4,Layer 3,HIBO Roof Vapor Retarder Eq,False,1323
68,Construction,HIBO EPDM Insulated Roof,5,Layer 4,HIBO Metal Roof Deck Eq,False,1324
69,Construction,HIBO Slab Carpet,1,Name,HIBO Slab Carpet,False,1327
69,Construction,HIBO Slab Carpet,2,Outside Layer,HIBO Granular Fill 4in Eq,False,1328
69,Construction,HIBO Slab Carpet,3,Layer 2,HIBO Concrete Slab 4in,False,1329
69,Construction,HIBO Slab Carpet,4,Layer 3,HIBO Carpet Tile CPT-1 Eq,False,1330
70,Construction,HIBO Slab Sealed Concrete,1,Name,HIBO Slab Sealed Concrete,False,1333
70,Construction,HIBO Slab Sealed Concrete,2,Outside Layer,HIBO Granular Fill 4in Eq,False,1334
70,Construction,HIBO Slab Sealed Concrete,3,Layer 2,HIBO Concrete Slab 4in,False,1335
71,Construction,HIBO APC-1 Ceiling,1,Name,HIBO APC-1 Ceiling,False,1338
71,Construction,HIBO APC-1 Ceiling,2,Outside Layer,HIBO APC-1 Ultima High NRC 1940 Reference,False,1339
72,Construction,HIBO GYP Ceiling,1,Name,HIBO GYP Ceiling,False,1342
72,Construction,HIBO GYP Ceiling,2,Outside Layer,HIBO Gypsum Board Type X 5-8in,False,1343
73,Construction,HIBO Interior Partition SA.6.20,1,Name,HIBO Interior Partition SA.6.20,False,1346
73,Construction,HIBO Interior Partition SA.6.20,2,Outside Layer,HIBO Gypsum Board Type X 5-8in,False,1347
73,Construction,HIBO Interior Partition SA.6.20,3,Layer 2,HIBO Interior Sound Batt Cavity 6in Eq,False,1348
73,Construction,HIBO Interior Partition SA.6.20,4,Layer 3,HIBO Gypsum Board Type X 5-8in,False,1349
74,Construction,HIBO Interior Partition SA.8.21,1,Name,HIBO Interior Partition SA.8.21,False,1352
74,Construction,HIBO Interior Partition SA.8.21,2,Outside Layer,HIBO Gypsum Board Type X 5-8in,False,1353
74,Construction,HIBO Interior Partition SA.8.21,3,Layer 2,HIBO Interior Sound Batt Cavity 8in Eq,False,1354
74,Construction,HIBO Interior Partition SA.8.21,4,Layer 3,HIBO Gypsum Board Type X 5-8in,False,1355
75,Construction,HIBO Interior CTG,1,Name,HIBO Interior CTG,False,1358
75,Construction,HIBO Interior CTG,2,Outside Layer,HIBO Interior CTG 1-4in,False,1359
76,Construction,HIBO HM Door 1-3-4in,1,Name,HIBO HM Door 1-3-4in,False,1362
76,Construction,HIBO HM Door 1-3-4in,2,Outside Layer,HIBO HM Door Steel Skin Eq,False,1363
76,Construction,HIBO HM Door 1-3-4in,3,Layer 2,HIBO HM Door Core Eq,False,1364
76,Construction,HIBO HM Door 1-3-4in,4,Layer 3,HIBO HM Door Steel Skin Eq,False,1365
77,Construction,HIBO Metal Frame Strip,1,Name,HIBO Metal Frame Strip,False,1368
77,Construction,HIBO Metal Frame Strip,2,Outside Layer,HIBO Hollow Metal Frame Eq,False,1369
78,Construction,HIBO Exterior Aluminum Frame Strip,1,Name,HIBO Exterior Aluminum Frame Strip,False,1372
78,Construction,HIBO Exterior Aluminum Frame Strip,2,Outside Layer,HIBO Exterior Aluminum Frame Strip Eq,False,1373
79,Construction,HIBO Internal Mass Half SA6,1,Name,HIBO Internal Mass Half SA6,False,1376
79,Construction,HIBO Internal Mass Half SA6,2,Outside Layer,HIBO Internal Mass Half Cavity SA6 Eq,False,1377
79,Construction,HIBO Internal Mass Half SA6,3,Layer 2,HIBO Gypsum Board Type X 5-8in,False,1378
80,Construction,HIBO Internal Mass Half HM Door,1,Name,HIBO Internal Mass Half HM Door,False,1381
80,Construction,HIBO Internal Mass Half HM Door,2,Outside Layer,HIBO Internal Mass Half HM Core,False,1382
80,Construction,HIBO Internal Mass Half HM Door,3,Layer 2,HIBO HM Door Steel Skin Eq,False,1383
81,Construction,HIBO ITSG Opaque Panel,1,Name,HIBO ITSG Opaque Panel,False,1386
81,Construction,HIBO ITSG Opaque Panel,2,Outside Layer,HIBO ITSG Opaque Panel 1in Eq,False,1387
82,GlobalGeometryRules,UpperLeftCorner,1,Starting Vertex Position,UpperLeftCorner,False,1393
82,GlobalGeometryRules,UpperLeftCorner,2,Vertex Entry Direction,Counterclockwise,False,1394
82,GlobalGeometryRules,UpperLeftCorner,3,Coordinate System,Relative,False,1395
82,GlobalGeometryRules,UpperLeftCorner,4,Daylighting Reference Point Coordinate System,Relative,False,1396
82,GlobalGeometryRules,UpperLeftCorner,5,Rectangular Surface Coordinate System,Relative,False,1397
83,Zone,MEP,1,Name,MEP,False,1403
83,Zone,MEP,2,Direction of Relative North {deg},-0,False,1404
83,Zone,MEP,3,X Origin {m},0,False,1405
83,Zone,MEP,4,Y Origin {m},0,False,1406
83,Zone,MEP,5,Z Origin {m},0,False,1407
83,Zone,MEP,6,Type,,True,1408
83,Zone,MEP,7,Multiplier,1,False,1409
83,Zone,MEP,8,Ceiling Height {m},,True,1410
83,Zone,MEP,9,Volume {m3},,True,1411
83,Zone,MEP,10,Floor Area {m2},,True,1412
83,Zone,MEP,11,Zone Inside Convection Algorithm,,True,1413
83,Zone,MEP,12,Zone Outside Convection Algorithm,,True,1414
83,Zone,MEP,13,Part of Total Floor Area,Yes,False,1415
84,Zone,Thermal Zone: Plenum,1,Name,Thermal Zone: Plenum,False,1418
84,Zone,Thermal Zone: Plenum,2,Direction of Relative North {deg},-0,False,1419
84,Zone,Thermal Zone: Plenum,3,X Origin {m},0,False,1420
84,Zone,Thermal Zone: Plenum,4,Y Origin {m},0,False,1421
84,Zone,Thermal Zone: Plenum,5,Z Origin {m},0,False,1422
84,Zone,Thermal Zone: Plenum,6,Type,,True,1423
84,Zone,Thermal Zone: Plenum,7,Multiplier,1,False,1424
84,Zone,Thermal Zone: Plenum,8,Ceiling Height {m},,True,1425
84,Zone,Thermal Zone: Plenum,9,Volume {m3},,True,1426
84,Zone,Thermal Zone: Plenum,10,Floor Area {m2},,True,1427
84,Zone,Thermal Zone: Plenum,11,Zone Inside Convection Algorithm,,True,1428
84,Zone,Thermal Zone: Plenum,12,Zone Outside Convection Algorithm,,True,1429
84,Zone,Thermal Zone: Plenum,13,Part of Total Floor Area,No,False,1430
85,Zone,Thermal Zone: Space 103 LAB B,1,Name,Thermal Zone: Space 103 LAB B,False,1433
85,Zone,Thermal Zone: Space 103 LAB B,2,Direction of Relative North {deg},-0,False,1434
85,Zone,Thermal Zone: Space 103 LAB B,3,X Origin {m},0,False,1435
85,Zone,Thermal Zone: Space 103 LAB B,4,Y Origin {m},0,False,1436
85,Zone,Thermal Zone: Space 103 LAB B,5,Z Origin {m},0,False,1437
85,Zone,Thermal Zone: Space 103 LAB B,6,Type,,True,1438
85,Zone,Thermal Zone: Space 103 LAB B,7,Multiplier,1,False,1439
85,Zone,Thermal Zone: Space 103 LAB B,8,Ceiling Height {m},,True,1440
85,Zone,Thermal Zone: Space 103 LAB B,9,Volume {m3},,True,1441
85,Zone,Thermal Zone: Space 103 LAB B,10,Floor Area {m2},,True,1442
85,Zone,Thermal Zone: Space 103 LAB B,11,Zone Inside Convection Algorithm,,True,1443
85,Zone,Thermal Zone: Space 103 LAB B,12,Zone Outside Convection Algorithm,,True,1444
85,Zone,Thermal Zone: Space 103 LAB B,13,Part of Total Floor Area,Yes,False,1445
86,Zone,Thermal Zone: Space 102 - Plus,1,Name,Thermal Zone: Space 102 - Plus,False,1448
86,Zone,Thermal Zone: Space 102 - Plus,2,Direction of Relative North {deg},-0,False,1449
86,Zone,Thermal Zone: Space 102 - Plus,3,X Origin {m},0,False,1450
86,Zone,Thermal Zone: Space 102 - Plus,4,Y Origin {m},0,False,1451
86,Zone,Thermal Zone: Space 102 - Plus,5,Z Origin {m},0,False,1452
86,Zone,Thermal Zone: Space 102 - Plus,6,Type,,True,1453
86,Zone,Thermal Zone: Space 102 - Plus,7,Multiplier,1,False,1454
86,Zone,Thermal Zone: Space 102 - Plus,8,Ceiling Height {m},,True,1455
86,Zone,Thermal Zone: Space 102 - Plus,9,Volume {m3},,True,1456
86,Zone,Thermal Zone: Space 102 - Plus,10,Floor Area {m2},,True,1457
86,Zone,Thermal Zone: Space 102 - Plus,11,Zone Inside Convection Algorithm,,True,1458
86,Zone,Thermal Zone: Space 102 - Plus,12,Zone Outside Convection Algorithm,,True,1459
86,Zone,Thermal Zone: Space 102 - Plus,13,Part of Total Floor Area,Yes,False,1460
87,Zone,Thermal Zone: Space 105 LAB A,1,Name,Thermal Zone: Space 105 LAB A,False,1463
87,Zone,Thermal Zone: Space 105 LAB A,2,Direction of Relative North {deg},-0,False,1464
87,Zone,Thermal Zone: Space 105 LAB A,3,X Origin {m},0,False,1465
87,Zone,Thermal Zone: Space 105 LAB A,4,Y Origin {m},0,False,1466
87,Zone,Thermal Zone: Space 105 LAB A,5,Z Origin {m},0,False,1467
87,Zone,Thermal Zone: Space 105 LAB A,6,Type,,True,1468
87,Zone,Thermal Zone: Space 105 LAB A,7,Multiplier,1,False,1469
87,Zone,Thermal Zone: Space 105 LAB A,8,Ceiling Height {m},,True,1470
87,Zone,Thermal Zone: Space 105 LAB A,9,Volume {m3},,True,1471
87,Zone,Thermal Zone: Space 105 LAB A,10,Floor Area {m2},,True,1472
87,Zone,Thermal Zone: Space 105 LAB A,11,Zone Inside Convection Algorithm,,True,1473
87,Zone,Thermal Zone: Space 105 LAB A,12,Zone Outside Convection Algorithm,,True,1474
87,Zone,Thermal Zone: Space 105 LAB A,13,Part of Total Floor Area,Yes,False,1475
88,BuildingSurface:Detailed,Surface 40,1,Name,Surface 40,False,1481
88,BuildingSurface:Detailed,Surface 40,2,Surface Type,Floor,False,1482
88,BuildingSurface:Detailed,Surface 40,3,Construction Name,HIBO Slab Sealed Concrete,False,1483
88,BuildingSurface:Detailed,Surface 40,4,Zone Name,MEP,False,1484
88,BuildingSurface:Detailed,Surface 40,5,Space Name,,True,1485
88,BuildingSurface:Detailed,Surface 40,6,Outside Boundary Condition,Ground,False,1486
88,BuildingSurface:Detailed,Surface 40,7,Outside Boundary Condition Object,,True,1487
88,BuildingSurface:Detailed,Surface 40,8,Sun Exposure,NoSun,False,1488
88,BuildingSurface:Detailed,Surface 40,9,Wind Exposure,NoWind,False,1489
88,BuildingSurface:Detailed,Surface 40,10,View Factor to Ground,,True,1490
88,BuildingSurface:Detailed,Surface 40,11,Number of Vertices,,True,1491
88,BuildingSurface:Detailed,Surface 40,12,Vertex 1 X-coordinate {m},9.171432,False,1492
88,BuildingSurface:Detailed,Surface 40,13,Vertex 1 Y-coordinate {m},6.912864,False,1493
88,BuildingSurface:Detailed,Surface 40,14,Vertex 1 Z-coordinate {m},0,False,1494
88,BuildingSurface:Detailed,Surface 40,15,Vertex 2 X-coordinate {m},9.171432,False,1495
88,BuildingSurface:Detailed,Surface 40,16,Vertex 2 Y-coordinate {m},4.654296,False,1496
88,BuildingSurface:Detailed,Surface 40,17,Vertex 2 Z-coordinate {m},0,False,1497
88,BuildingSurface:Detailed,Surface 40,18,Vertex 3 X-coordinate {m},6.312408,False,1498
88,BuildingSurface:Detailed,Surface 40,19,Vertex 3 Y-coordinate {m},4.654296,False,1499
88,BuildingSurface:Detailed,Surface 40,20,Vertex 3 Z-coordinate {m},0,False,1500
88,BuildingSurface:Detailed,Surface 40,21,Vertex 4 X-coordinate {m},6.312408,False,1501
88,BuildingSurface:Detailed,Surface 40,22,Vertex 4 Y-coordinate {m},6.912864,False,1502
88,BuildingSurface:Detailed,Surface 40,23,Vertex 4 Z-coordinate {m},0,False,1503
89,BuildingSurface:Detailed,Surface 41 Ext,1,Name,Surface 41 Ext,False,1506
89,BuildingSurface:Detailed,Surface 41 Ext,2,Surface Type,Wall,False,1507
89,BuildingSurface:Detailed,Surface 41 Ext,3,Construction Name,HIBO CMU Veneer Exterior Wall,False,1508
89,BuildingSurface:Detailed,Surface 41 Ext,4,Zone Name,MEP,False,1509
89,BuildingSurface:Detailed,Surface 41 Ext,5,Space Name,,True,1510
89,BuildingSurface:Detailed,Surface 41 Ext,6,Outside Boundary Condition,Outdoors,False,1511
89,BuildingSurface:Detailed,Surface 41 Ext,7,Outside Boundary Condition Object,,True,1512
89,BuildingSurface:Detailed,Surface 41 Ext,8,Sun Exposure,SunExposed,False,1513
89,BuildingSurface:Detailed,Surface 41 Ext,9,Wind Exposure,WindExposed,False,1514
89,BuildingSurface:Detailed,Surface 41 Ext,10,View Factor to Ground,,True,1515
89,BuildingSurface:Detailed,Surface 41 Ext,11,Number of Vertices,4,False,1516
89,BuildingSurface:Detailed,Surface 41 Ext,12,Vertex 1 X-coordinate {m},9.171432,False,1517
89,BuildingSurface:Detailed,Surface 41 Ext,13,Vertex 1 Y-coordinate {m},6.912864,False,1518
89,BuildingSurface:Detailed,Surface 41 Ext,14,Vertex 1 Z-coordinate {m},3.048000,False,1519
89,BuildingSurface:Detailed,Surface 41 Ext,15,Vertex 2 X-coordinate {m},9.171432,False,1520
89,BuildingSurface:Detailed,Surface 41 Ext,16,Vertex 2 Y-coordinate {m},6.912864,False,1521
89,BuildingSurface:Detailed,Surface 41 Ext,17,Vertex 2 Z-coordinate {m},0.000000,False,1522
89,BuildingSurface:Detailed,Surface 41 Ext,18,Vertex 3 X-coordinate {m},6.312408,False,1523
89,BuildingSurface:Detailed,Surface 41 Ext,19,Vertex 3 Y-coordinate {m},6.912864,False,1524
89,BuildingSurface:Detailed,Surface 41 Ext,20,Vertex 3 Z-coordinate {m},0.000000,False,1525
89,BuildingSurface:Detailed,Surface 41 Ext,21,Vertex 4 X-coordinate {m},6.312408,False,1526
89,BuildingSurface:Detailed,Surface 41 Ext,22,Vertex 4 Y-coordinate {m},6.912864,False,1527
89,BuildingSurface:Detailed,Surface 41 Ext,23,Vertex 4 Z-coordinate {m},3.048000,False,1528
90,BuildingSurface:Detailed,Surface 42 Ext,1,Name,Surface 42 Ext,False,1531
90,BuildingSurface:Detailed,Surface 42 Ext,2,Surface Type,Wall,False,1532
90,BuildingSurface:Detailed,Surface 42 Ext,3,Construction Name,HIBO CMU Veneer Exterior Wall,False,1533
90,BuildingSurface:Detailed,Surface 42 Ext,4,Zone Name,MEP,False,1534
90,BuildingSurface:Detailed,Surface 42 Ext,5,Space Name,,True,1535
90,BuildingSurface:Detailed,Surface 42 Ext,6,Outside Boundary Condition,Outdoors,False,1536
90,BuildingSurface:Detailed,Surface 42 Ext,7,Outside Boundary Condition Object,,True,1537
90,BuildingSurface:Detailed,Surface 42 Ext,8,Sun Exposure,SunExposed,False,1538
90,BuildingSurface:Detailed,Surface 42 Ext,9,Wind Exposure,WindExposed,False,1539
90,BuildingSurface:Detailed,Surface 42 Ext,10,View Factor to Ground,,True,1540
90,BuildingSurface:Detailed,Surface 42 Ext,11,Number of Vertices,4,False,1541
90,BuildingSurface:Detailed,Surface 42 Ext,12,Vertex 1 X-coordinate {m},9.171432,False,1542
90,BuildingSurface:Detailed,Surface 42 Ext,13,Vertex 1 Y-coordinate {m},4.654296,False,1543
90,BuildingSurface:Detailed,Surface 42 Ext,14,Vertex 1 Z-coordinate {m},3.048000,False,1544
90,BuildingSurface:Detailed,Surface 42 Ext,15,Vertex 2 X-coordinate {m},9.171432,False,1545
90,BuildingSurface:Detailed,Surface 42 Ext,16,Vertex 2 Y-coordinate {m},4.654296,False,1546
90,BuildingSurface:Detailed,Surface 42 Ext,17,Vertex 2 Z-coordinate {m},0.000000,False,1547
90,BuildingSurface:Detailed,Surface 42 Ext,18,Vertex 3 X-coordinate {m},9.171432,False,1548
90,BuildingSurface:Detailed,Surface 42 Ext,19,Vertex 3 Y-coordinate {m},6.912864,False,1549
90,BuildingSurface:Detailed,Surface 42 Ext,20,Vertex 3 Z-coordinate {m},0.000000,False,1550
90,BuildingSurface:Detailed,Surface 42 Ext,21,Vertex 4 X-coordinate {m},9.171432,False,1551
90,BuildingSurface:Detailed,Surface 42 Ext,22,Vertex 4 Y-coordinate {m},6.912864,False,1552
90,BuildingSurface:Detailed,Surface 42 Ext,23,Vertex 4 Z-coordinate {m},3.048000,False,1553
91,BuildingSurface:Detailed,Surface 43,1,Name,Surface 43,False,1556
91,BuildingSurface:Detailed,Surface 43,2,Surface Type,Wall,False,1557
91,BuildingSurface:Detailed,Surface 43,3,Construction Name,HIBO Interior Partition SA.8.21,False,1558
91,BuildingSurface:Detailed,Surface 43,4,Zone Name,MEP,False,1559
91,BuildingSurface:Detailed,Surface 43,5,Space Name,,True,1560
91,BuildingSurface:Detailed,Surface 43,6,Outside Boundary Condition,Surface,False,1561
91,BuildingSurface:Detailed,Surface 43,7,Outside Boundary Condition Object,Surface 16,False,1562
91,BuildingSurface:Detailed,Surface 43,8,Sun Exposure,NoSun,False,1563
91,BuildingSurface:Detailed,Surface 43,9,Wind Exposure,NoWind,False,1564
91,BuildingSurface:Detailed,Surface 43,10,View Factor to Ground,,True,1565
91,BuildingSurface:Detailed,Surface 43,11,Number of Vertices,4,False,1566
91,BuildingSurface:Detailed,Surface 43,12,Vertex 1 X-coordinate {m},7.04392800,False,1567
91,BuildingSurface:Detailed,Surface 43,13,Vertex 1 Y-coordinate {m},4.65429600,False,1568
91,BuildingSurface:Detailed,Surface 43,14,Vertex 1 Z-coordinate {m},3.04800000,False,1569
91,BuildingSurface:Detailed,Surface 43,15,Vertex 2 X-coordinate {m},7.04392800,False,1570
91,BuildingSurface:Detailed,Surface 43,16,Vertex 2 Y-coordinate {m},4.65429600,False,1571
91,BuildingSurface:Detailed,Surface 43,17,Vertex 2 Z-coordinate {m},0.00000000,False,1572
91,BuildingSurface:Detailed,Surface 43,18,Vertex 3 X-coordinate {m},9.17143200,False,1573
91,BuildingSurface:Detailed,Surface 43,19,Vertex 3 Y-coordinate {m},4.65429600,False,1574
91,BuildingSurface:Detailed,Surface 43,20,Vertex 3 Z-coordinate {m},0.00000000,False,1575
91,BuildingSurface:Detailed,Surface 43,21,Vertex 4 X-coordinate {m},9.17143200,False,1576
91,BuildingSurface:Detailed,Surface 43,22,Vertex 4 Y-coordinate {m},4.65429600,False,1577
91,BuildingSurface:Detailed,Surface 43,23,Vertex 4 Z-coordinate {m},3.04800000,False,1578
92,BuildingSurface:Detailed,Surface 44,1,Name,Surface 44,False,1581
92,BuildingSurface:Detailed,Surface 44,2,Surface Type,Wall,False,1582
92,BuildingSurface:Detailed,Surface 44,3,Construction Name,HIBO Interior Partition SA.8.21,False,1583
92,BuildingSurface:Detailed,Surface 44,4,Zone Name,MEP,False,1584
92,BuildingSurface:Detailed,Surface 44,5,Space Name,,True,1585
92,BuildingSurface:Detailed,Surface 44,6,Outside Boundary Condition,Surface,False,1586
92,BuildingSurface:Detailed,Surface 44,7,Outside Boundary Condition Object,Surface 26,False,1587
92,BuildingSurface:Detailed,Surface 44,8,Sun Exposure,NoSun,False,1588
92,BuildingSurface:Detailed,Surface 44,9,Wind Exposure,NoWind,False,1589
92,BuildingSurface:Detailed,Surface 44,10,View Factor to Ground,,True,1590
92,BuildingSurface:Detailed,Surface 44,11,Number of Vertices,4,False,1591
92,BuildingSurface:Detailed,Surface 44,12,Vertex 1 X-coordinate {m},6.31240800,False,1592
92,BuildingSurface:Detailed,Surface 44,13,Vertex 1 Y-coordinate {m},4.65429600,False,1593
92,BuildingSurface:Detailed,Surface 44,14,Vertex 1 Z-coordinate {m},3.04800000,False,1594
92,BuildingSurface:Detailed,Surface 44,15,Vertex 2 X-coordinate {m},6.31240800,False,1595
92,BuildingSurface:Detailed,Surface 44,16,Vertex 2 Y-coordinate {m},4.65429600,False,1596
92,BuildingSurface:Detailed,Surface 44,17,Vertex 2 Z-coordinate {m},0.00000000,False,1597
92,BuildingSurface:Detailed,Surface 44,18,Vertex 3 X-coordinate {m},7.04392800,False,1598
92,BuildingSurface:Detailed,Surface 44,19,Vertex 3 Y-coordinate {m},4.65429600,False,1599
92,BuildingSurface:Detailed,Surface 44,20,Vertex 3 Z-coordinate {m},0.00000000,False,1600
92,BuildingSurface:Detailed,Surface 44,21,Vertex 4 X-coordinate {m},7.04392800,False,1601
92,BuildingSurface:Detailed,Surface 44,22,Vertex 4 Y-coordinate {m},4.65429600,False,1602
92,BuildingSurface:Detailed,Surface 44,23,Vertex 4 Z-coordinate {m},3.04800000,False,1603
93,BuildingSurface:Detailed,Surface 45,1,Name,Surface 45,False,1606
93,BuildingSurface:Detailed,Surface 45,2,Surface Type,Wall,False,1607
93,BuildingSurface:Detailed,Surface 45,3,Construction Name,HIBO Interior Partition SA.6.20,False,1608
93,BuildingSurface:Detailed,Surface 45,4,Zone Name,MEP,False,1609
93,BuildingSurface:Detailed,Surface 45,5,Space Name,,True,1610
93,BuildingSurface:Detailed,Surface 45,6,Outside Boundary Condition,Surface,False,1611
93,BuildingSurface:Detailed,Surface 45,7,Outside Boundary Condition Object,Surface 25,False,1612
93,BuildingSurface:Detailed,Surface 45,8,Sun Exposure,NoSun,False,1613
93,BuildingSurface:Detailed,Surface 45,9,Wind Exposure,NoWind,False,1614
93,BuildingSurface:Detailed,Surface 45,10,View Factor to Ground,,True,1615
93,BuildingSurface:Detailed,Surface 45,11,Number of Vertices,4,False,1616
93,BuildingSurface:Detailed,Surface 45,12,Vertex 1 X-coordinate {m},6.312408,False,1617
93,BuildingSurface:Detailed,Surface 45,13,Vertex 1 Y-coordinate {m},6.912864,False,1618
93,BuildingSurface:Detailed,Surface 45,14,Vertex 1 Z-coordinate {m},3.048000,False,1619
93,BuildingSurface:Detailed,Surface 45,15,Vertex 2 X-coordinate {m},6.312408,False,1620
93,BuildingSurface:Detailed,Surface 45,16,Vertex 2 Y-coordinate {m},6.912864,False,1621
93,BuildingSurface:Detailed,Surface 45,17,Vertex 2 Z-coordinate {m},0.000000,False,1622
93,BuildingSurface:Detailed,Surface 45,18,Vertex 3 X-coordinate {m},6.312408,False,1623
93,BuildingSurface:Detailed,Surface 45,19,Vertex 3 Y-coordinate {m},4.654296,False,1624
93,BuildingSurface:Detailed,Surface 45,20,Vertex 3 Z-coordinate {m},0.000000,False,1625
93,BuildingSurface:Detailed,Surface 45,21,Vertex 4 X-coordinate {m},6.312408,False,1626
93,BuildingSurface:Detailed,Surface 45,22,Vertex 4 Y-coordinate {m},4.654296,False,1627
93,BuildingSurface:Detailed,Surface 45,23,Vertex 4 Z-coordinate {m},3.048000,False,1628
94,BuildingSurface:Detailed,Surface 46,1,Name,Surface 46,False,1631
94,BuildingSurface:Detailed,Surface 46,2,Surface Type,Ceiling,False,1632
94,BuildingSurface:Detailed,Surface 46,3,Construction Name,HIBO APC-1 Ceiling,False,1633
94,BuildingSurface:Detailed,Surface 46,4,Zone Name,MEP,False,1634
94,BuildingSurface:Detailed,Surface 46,5,Space Name,,True,1635
94,BuildingSurface:Detailed,Surface 46,6,Outside Boundary Condition,Surface,False,1636
94,BuildingSurface:Detailed,Surface 46,7,Outside Boundary Condition Object,Surface 61,False,1637
94,BuildingSurface:Detailed,Surface 46,8,Sun Exposure,NoSun,False,1638
94,BuildingSurface:Detailed,Surface 46,9,Wind Exposure,NoWind,False,1639
94,BuildingSurface:Detailed,Surface 46,10,View Factor to Ground,,True,1640
94,BuildingSurface:Detailed,Surface 46,11,Number of Vertices,4,False,1641
94,BuildingSurface:Detailed,Surface 46,12,Vertex 1 X-coordinate {m},9.171432,False,1642
94,BuildingSurface:Detailed,Surface 46,13,Vertex 1 Y-coordinate {m},4.654296,False,1643
94,BuildingSurface:Detailed,Surface 46,14,Vertex 1 Z-coordinate {m},3.048000,False,1644
94,BuildingSurface:Detailed,Surface 46,15,Vertex 2 X-coordinate {m},9.171432,False,1645
94,BuildingSurface:Detailed,Surface 46,16,Vertex 2 Y-coordinate {m},6.912864,False,1646
94,BuildingSurface:Detailed,Surface 46,17,Vertex 2 Z-coordinate {m},3.048000,False,1647
94,BuildingSurface:Detailed,Surface 46,18,Vertex 3 X-coordinate {m},6.312408,False,1648
94,BuildingSurface:Detailed,Surface 46,19,Vertex 3 Y-coordinate {m},6.912864,False,1649
94,BuildingSurface:Detailed,Surface 46,20,Vertex 3 Z-coordinate {m},3.048000,False,1650
94,BuildingSurface:Detailed,Surface 46,21,Vertex 4 X-coordinate {m},6.312408,False,1651
94,BuildingSurface:Detailed,Surface 46,22,Vertex 4 Y-coordinate {m},4.654296,False,1652
94,BuildingSurface:Detailed,Surface 46,23,Vertex 4 Z-coordinate {m},3.048000,False,1653
95,BuildingSurface:Detailed,Surface 47,1,Name,Surface 47,False,1656
95,BuildingSurface:Detailed,Surface 47,2,Surface Type,Floor,False,1657
95,BuildingSurface:Detailed,Surface 47,3,Construction Name,HIBO APC-1 Ceiling,False,1658
95,BuildingSurface:Detailed,Surface 47,4,Zone Name,Thermal Zone: Plenum,False,1659
95,BuildingSurface:Detailed,Surface 47,5,Space Name,,True,1660
95,BuildingSurface:Detailed,Surface 47,6,Outside Boundary Condition,Surface,False,1661
95,BuildingSurface:Detailed,Surface 47,7,Outside Boundary Condition Object,Surface 22,False,1662
95,BuildingSurface:Detailed,Surface 47,8,Sun Exposure,NoSun,False,1663
95,BuildingSurface:Detailed,Surface 47,9,Wind Exposure,NoWind,False,1664
95,BuildingSurface:Detailed,Surface 47,10,View Factor to Ground,,True,1665
95,BuildingSurface:Detailed,Surface 47,11,Number of Vertices,4,False,1666
95,BuildingSurface:Detailed,Surface 47,12,Vertex 1 X-coordinate {m},11.000232,False,1667
95,BuildingSurface:Detailed,Surface 47,13,Vertex 1 Y-coordinate {m},4.654296,False,1668
95,BuildingSurface:Detailed,Surface 47,14,Vertex 1 Z-coordinate {m},3.048000,False,1669
95,BuildingSurface:Detailed,Surface 47,15,Vertex 2 X-coordinate {m},11.000232,False,1670
95,BuildingSurface:Detailed,Surface 47,16,Vertex 2 Y-coordinate {m},0.000000,False,1671
95,BuildingSurface:Detailed,Surface 47,17,Vertex 2 Z-coordinate {m},3.048000,False,1672
95,BuildingSurface:Detailed,Surface 47,18,Vertex 3 X-coordinate {m},7.043928,False,1673
95,BuildingSurface:Detailed,Surface 47,19,Vertex 3 Y-coordinate {m},0.000000,False,1674
95,BuildingSurface:Detailed,Surface 47,20,Vertex 3 Z-coordinate {m},3.048000,False,1675
95,BuildingSurface:Detailed,Surface 47,21,Vertex 4 X-coordinate {m},7.043928,False,1676
95,BuildingSurface:Detailed,Surface 47,22,Vertex 4 Y-coordinate {m},4.654296,False,1677
95,BuildingSurface:Detailed,Surface 47,23,Vertex 4 Z-coordinate {m},3.048000,False,1678
96,BuildingSurface:Detailed,Surface 48,1,Name,Surface 48,False,1681
96,BuildingSurface:Detailed,Surface 48,2,Surface Type,Wall,False,1682
96,BuildingSurface:Detailed,Surface 48,3,Construction Name,HIBO Metal Panel Exterior Wall,False,1683
96,BuildingSurface:Detailed,Surface 48,4,Zone Name,Thermal Zone: Plenum,False,1684
96,BuildingSurface:Detailed,Surface 48,5,Space Name,,True,1685
96,BuildingSurface:Detailed,Surface 48,6,Outside Boundary Condition,Outdoors,False,1686
96,BuildingSurface:Detailed,Surface 48,7,Outside Boundary Condition Object,,True,1687
96,BuildingSurface:Detailed,Surface 48,8,Sun Exposure,SunExposed,False,1688
96,BuildingSurface:Detailed,Surface 48,9,Wind Exposure,WindExposed,False,1689
96,BuildingSurface:Detailed,Surface 48,10,View Factor to Ground,,True,1690
96,BuildingSurface:Detailed,Surface 48,11,Number of Vertices,4,False,1691
96,BuildingSurface:Detailed,Surface 48,12,Vertex 1 X-coordinate {m},0.000000,False,1692
96,BuildingSurface:Detailed,Surface 48,13,Vertex 1 Y-coordinate {m},4.654296,False,1693
96,BuildingSurface:Detailed,Surface 48,14,Vertex 1 Z-coordinate {m},4.521200,False,1694
96,BuildingSurface:Detailed,Surface 48,15,Vertex 2 X-coordinate {m},0.000000,False,1695
96,BuildingSurface:Detailed,Surface 48,16,Vertex 2 Y-coordinate {m},4.654296,False,1696
96,BuildingSurface:Detailed,Surface 48,17,Vertex 2 Z-coordinate {m},3.048000,False,1697
96,BuildingSurface:Detailed,Surface 48,18,Vertex 3 X-coordinate {m},0.000000,False,1698
96,BuildingSurface:Detailed,Surface 48,19,Vertex 3 Y-coordinate {m},0.000000,False,1699
96,BuildingSurface:Detailed,Surface 48,20,Vertex 3 Z-coordinate {m},3.048000,False,1700
96,BuildingSurface:Detailed,Surface 48,21,Vertex 4 X-coordinate {m},0.000000,False,1701
96,BuildingSurface:Detailed,Surface 48,22,Vertex 4 Y-coordinate {m},0.000000,False,1702
96,BuildingSurface:Detailed,Surface 48,23,Vertex 4 Z-coordinate {m},4.724400,False,1703
97,BuildingSurface:Detailed,Surface 49,1,Name,Surface 49,False,1706
97,BuildingSurface:Detailed,Surface 49,2,Surface Type,Wall,False,1707
97,BuildingSurface:Detailed,Surface 49,3,Construction Name,HIBO Metal Panel Exterior Wall,False,1708
97,BuildingSurface:Detailed,Surface 49,4,Zone Name,Thermal Zone: Plenum,False,1709
97,BuildingSurface:Detailed,Surface 49,5,Space Name,,True,1710
97,BuildingSurface:Detailed,Surface 49,6,Outside Boundary Condition,Outdoors,False,1711
97,BuildingSurface:Detailed,Surface 49,7,Outside Boundary Condition Object,,True,1712
97,BuildingSurface:Detailed,Surface 49,8,Sun Exposure,SunExposed,False,1713
97,BuildingSurface:Detailed,Surface 49,9,Wind Exposure,WindExposed,False,1714
97,BuildingSurface:Detailed,Surface 49,10,View Factor to Ground,,True,1715
97,BuildingSurface:Detailed,Surface 49,11,Number of Vertices,4,False,1716
97,BuildingSurface:Detailed,Surface 49,12,Vertex 1 X-coordinate {m},1.828800,False,1717
97,BuildingSurface:Detailed,Surface 49,13,Vertex 1 Y-coordinate {m},4.654296,False,1718
97,BuildingSurface:Detailed,Surface 49,14,Vertex 1 Z-coordinate {m},4.521200,False,1719
97,BuildingSurface:Detailed,Surface 49,15,Vertex 2 X-coordinate {m},1.828800,False,1720
97,BuildingSurface:Detailed,Surface 49,16,Vertex 2 Y-coordinate {m},4.654296,False,1721
97,BuildingSurface:Detailed,Surface 49,17,Vertex 2 Z-coordinate {m},3.048000,False,1722
97,BuildingSurface:Detailed,Surface 49,18,Vertex 3 X-coordinate {m},0.000000,False,1723
97,BuildingSurface:Detailed,Surface 49,19,Vertex 3 Y-coordinate {m},4.654296,False,1724
97,BuildingSurface:Detailed,Surface 49,20,Vertex 3 Z-coordinate {m},3.048000,False,1725
97,BuildingSurface:Detailed,Surface 49,21,Vertex 4 X-coordinate {m},0.000000,False,1726
97,BuildingSurface:Detailed,Surface 49,22,Vertex 4 Y-coordinate {m},4.654296,False,1727
97,BuildingSurface:Detailed,Surface 49,23,Vertex 4 Z-coordinate {m},4.521200,False,1728
98,BuildingSurface:Detailed,Surface 50,1,Name,Surface 50,False,1731
98,BuildingSurface:Detailed,Surface 50,2,Surface Type,Wall,False,1732
98,BuildingSurface:Detailed,Surface 50,3,Construction Name,HIBO CMU Veneer Exterior Wall,False,1733
98,BuildingSurface:Detailed,Surface 50,4,Zone Name,Thermal Zone: Plenum,False,1734
98,BuildingSurface:Detailed,Surface 50,5,Space Name,,True,1735
98,BuildingSurface:Detailed,Surface 50,6,Outside Boundary Condition,Outdoors,False,1736
98,BuildingSurface:Detailed,Surface 50,7,Outside Boundary Condition Object,,True,1737
98,BuildingSurface:Detailed,Surface 50,8,Sun Exposure,SunExposed,False,1738
98,BuildingSurface:Detailed,Surface 50,9,Wind Exposure,WindExposed,False,1739
98,BuildingSurface:Detailed,Surface 50,10,View Factor to Ground,,True,1740
98,BuildingSurface:Detailed,Surface 50,11,Number of Vertices,4,False,1741
98,BuildingSurface:Detailed,Surface 50,12,Vertex 1 X-coordinate {m},1.828800,False,1742
98,BuildingSurface:Detailed,Surface 50,13,Vertex 1 Y-coordinate {m},6.912864,False,1743
98,BuildingSurface:Detailed,Surface 50,14,Vertex 1 Z-coordinate {m},3.962400,False,1744
98,BuildingSurface:Detailed,Surface 50,15,Vertex 2 X-coordinate {m},1.828800,False,1745
98,BuildingSurface:Detailed,Surface 50,16,Vertex 2 Y-coordinate {m},6.912864,False,1746
98,BuildingSurface:Detailed,Surface 50,17,Vertex 2 Z-coordinate {m},2.743200,False,1747
98,BuildingSurface:Detailed,Surface 50,18,Vertex 3 X-coordinate {m},1.828800,False,1748
98,BuildingSurface:Detailed,Surface 50,19,Vertex 3 Y-coordinate {m},4.654296,False,1749
98,BuildingSurface:Detailed,Surface 50,20,Vertex 3 Z-coordinate {m},2.743200,False,1750
98,BuildingSurface:Detailed,Surface 50,21,Vertex 4 X-coordinate {m},1.828800,False,1751
98,BuildingSurface:Detailed,Surface 50,22,Vertex 4 Y-coordinate {m},4.654296,False,1752
98,BuildingSurface:Detailed,Surface 50,23,Vertex 4 Z-coordinate {m},4.064000,False,1753
99,BuildingSurface:Detailed,Surface 51,1,Name,Surface 51,False,1756
99,BuildingSurface:Detailed,Surface 51,2,Surface Type,Wall,False,1757
99,BuildingSurface:Detailed,Surface 51,3,Construction Name,HIBO CMU Veneer Exterior Wall,False,1758
99,BuildingSurface:Detailed,Surface 51,4,Zone Name,Thermal Zone: Plenum,False,1759
99,BuildingSurface:Detailed,Surface 51,5,Space Name,,True,1760
99,BuildingSurface:Detailed,Surface 51,6,Outside Boundary Condition,Outdoors,False,1761
99,BuildingSurface:Detailed,Surface 51,7,Outside Boundary Condition Object,,True,1762
99,BuildingSurface:Detailed,Surface 51,8,Sun Exposure,SunExposed,False,1763
99,BuildingSurface:Detailed,Surface 51,9,Wind Exposure,WindExposed,False,1764
99,BuildingSurface:Detailed,Surface 51,10,View Factor to Ground,,True,1765
99,BuildingSurface:Detailed,Surface 51,11,Number of Vertices,4,False,1766
99,BuildingSurface:Detailed,Surface 51,12,Vertex 1 X-coordinate {m},4.532376,False,1767
99,BuildingSurface:Detailed,Surface 51,13,Vertex 1 Y-coordinate {m},6.912864,False,1768
99,BuildingSurface:Detailed,Surface 51,14,Vertex 1 Z-coordinate {m},3.962400,False,1769
99,BuildingSurface:Detailed,Surface 51,15,Vertex 2 X-coordinate {m},4.532376,False,1770
99,BuildingSurface:Detailed,Surface 51,16,Vertex 2 Y-coordinate {m},6.912864,False,1771
99,BuildingSurface:Detailed,Surface 51,17,Vertex 2 Z-coordinate {m},2.743200,False,1772
99,BuildingSurface:Detailed,Surface 51,18,Vertex 3 X-coordinate {m},1.828800,False,1773
99,BuildingSurface:Detailed,Surface 51,19,Vertex 3 Y-coordinate {m},6.912864,False,1774
99,BuildingSurface:Detailed,Surface 51,20,Vertex 3 Z-coordinate {m},2.743200,False,1775
99,BuildingSurface:Detailed,Surface 51,21,Vertex 4 X-coordinate {m},1.828800,False,1776
99,BuildingSurface:Detailed,Surface 51,22,Vertex 4 Y-coordinate {m},6.912864,False,1777
99,BuildingSurface:Detailed,Surface 51,23,Vertex 4 Z-coordinate {m},3.962400,False,1778
100,BuildingSurface:Detailed,Surface 52,1,Name,Surface 52,False,1781
100,BuildingSurface:Detailed,Surface 52,2,Surface Type,Wall,False,1782
100,BuildingSurface:Detailed,Surface 52,3,Construction Name,HIBO CMU Veneer Exterior Wall,False,1783
100,BuildingSurface:Detailed,Surface 52,4,Zone Name,Thermal Zone: Plenum,False,1784
100,BuildingSurface:Detailed,Surface 52,5,Space Name,,True,1785
100,BuildingSurface:Detailed,Surface 52,6,Outside Boundary Condition,Outdoors,False,1786
100,BuildingSurface:Detailed,Surface 52,7,Outside Boundary Condition Object,,True,1787
100,BuildingSurface:Detailed,Surface 52,8,Sun Exposure,SunExposed,False,1788
100,BuildingSurface:Detailed,Surface 52,9,Wind Exposure,WindExposed,False,1789
100,BuildingSurface:Detailed,Surface 52,10,View Factor to Ground,,True,1790
100,BuildingSurface:Detailed,Surface 52,11,Number of Vertices,4,False,1791
100,BuildingSurface:Detailed,Surface 52,12,Vertex 1 X-coordinate {m},9.171432,False,1792
100,BuildingSurface:Detailed,Surface 52,13,Vertex 1 Y-coordinate {m},4.654296,False,1793
100,BuildingSurface:Detailed,Surface 52,14,Vertex 1 Z-coordinate {m},4.064000,False,1794
100,BuildingSurface:Detailed,Surface 52,15,Vertex 2 X-coordinate {m},9.171432,False,1795
100,BuildingSurface:Detailed,Surface 52,16,Vertex 2 Y-coordinate {m},4.654296,False,1796
100,BuildingSurface:Detailed,Surface 52,17,Vertex 2 Z-coordinate {m},3.048000,False,1797
100,BuildingSurface:Detailed,Surface 52,18,Vertex 3 X-coordinate {m},9.171432,False,1798
100,BuildingSurface:Detailed,Surface 52,19,Vertex 3 Y-coordinate {m},6.912864,False,1799
100,BuildingSurface:Detailed,Surface 52,20,Vertex 3 Z-coordinate {m},3.048000,False,1800
100,BuildingSurface:Detailed,Surface 52,21,Vertex 4 X-coordinate {m},9.171432,False,1801
100,BuildingSurface:Detailed,Surface 52,22,Vertex 4 Y-coordinate {m},6.912864,False,1802
100,BuildingSurface:Detailed,Surface 52,23,Vertex 4 Z-coordinate {m},3.962400,False,1803
101,BuildingSurface:Detailed,Surface 53,1,Name,Surface 53,False,1806
101,BuildingSurface:Detailed,Surface 53,2,Surface Type,Wall,False,1807
101,BuildingSurface:Detailed,Surface 53,3,Construction Name,HIBO Metal Panel Exterior Wall,False,1808
101,BuildingSurface:Detailed,Surface 53,4,Zone Name,Thermal Zone: Plenum,False,1809
101,BuildingSurface:Detailed,Surface 53,5,Space Name,,True,1810
101,BuildingSurface:Detailed,Surface 53,6,Outside Boundary Condition,Outdoors,False,1811
101,BuildingSurface:Detailed,Surface 53,7,Outside Boundary Condition Object,,True,1812
101,BuildingSurface:Detailed,Surface 53,8,Sun Exposure,SunExposed,False,1813
101,BuildingSurface:Detailed,Surface 53,9,Wind Exposure,WindExposed,False,1814
101,BuildingSurface:Detailed,Surface 53,10,View Factor to Ground,,True,1815
101,BuildingSurface:Detailed,Surface 53,11,Number of Vertices,4,False,1816
101,BuildingSurface:Detailed,Surface 53,12,Vertex 1 X-coordinate {m},11.000232,False,1817
101,BuildingSurface:Detailed,Surface 53,13,Vertex 1 Y-coordinate {m},4.654296,False,1818
101,BuildingSurface:Detailed,Surface 53,14,Vertex 1 Z-coordinate {m},4.521200,False,1819
101,BuildingSurface:Detailed,Surface 53,15,Vertex 2 X-coordinate {m},11.000232,False,1820
101,BuildingSurface:Detailed,Surface 53,16,Vertex 2 Y-coordinate {m},4.654296,False,1821
101,BuildingSurface:Detailed,Surface 53,17,Vertex 2 Z-coordinate {m},3.048000,False,1822
101,BuildingSurface:Detailed,Surface 53,18,Vertex 3 X-coordinate {m},9.171432,False,1823
101,BuildingSurface:Detailed,Surface 53,19,Vertex 3 Y-coordinate {m},4.654296,False,1824
101,BuildingSurface:Detailed,Surface 53,20,Vertex 3 Z-coordinate {m},3.048000,False,1825
101,BuildingSurface:Detailed,Surface 53,21,Vertex 4 X-coordinate {m},9.171432,False,1826
101,BuildingSurface:Detailed,Surface 53,22,Vertex 4 Y-coordinate {m},4.654296,False,1827
101,BuildingSurface:Detailed,Surface 53,23,Vertex 4 Z-coordinate {m},4.521200,False,1828
102,BuildingSurface:Detailed,Surface 54,1,Name,Surface 54,False,1831
102,BuildingSurface:Detailed,Surface 54,2,Surface Type,Wall,False,1832
102,BuildingSurface:Detailed,Surface 54,3,Construction Name,HIBO Metal Panel Exterior Wall,False,1833
102,BuildingSurface:Detailed,Surface 54,4,Zone Name,Thermal Zone: Plenum,False,1834
102,BuildingSurface:Detailed,Surface 54,5,Space Name,,True,1835
102,BuildingSurface:Detailed,Surface 54,6,Outside Boundary Condition,Outdoors,False,1836
102,BuildingSurface:Detailed,Surface 54,7,Outside Boundary Condition Object,,True,1837
102,BuildingSurface:Detailed,Surface 54,8,Sun Exposure,SunExposed,False,1838
102,BuildingSurface:Detailed,Surface 54,9,Wind Exposure,WindExposed,False,1839
102,BuildingSurface:Detailed,Surface 54,10,View Factor to Ground,,True,1840
102,BuildingSurface:Detailed,Surface 54,11,Number of Vertices,4,False,1841
102,BuildingSurface:Detailed,Surface 54,12,Vertex 1 X-coordinate {m},11.000232,False,1842
102,BuildingSurface:Detailed,Surface 54,13,Vertex 1 Y-coordinate {m},0.000000,False,1843
102,BuildingSurface:Detailed,Surface 54,14,Vertex 1 Z-coordinate {m},4.724400,False,1844
102,BuildingSurface:Detailed,Surface 54,15,Vertex 2 X-coordinate {m},11.000232,False,1845
102,BuildingSurface:Detailed,Surface 54,16,Vertex 2 Y-coordinate {m},0.000000,False,1846
102,BuildingSurface:Detailed,Surface 54,17,Vertex 2 Z-coordinate {m},3.048000,False,1847
102,BuildingSurface:Detailed,Surface 54,18,Vertex 3 X-coordinate {m},11.000232,False,1848
102,BuildingSurface:Detailed,Surface 54,19,Vertex 3 Y-coordinate {m},4.654296,False,1849
102,BuildingSurface:Detailed,Surface 54,20,Vertex 3 Z-coordinate {m},3.048000,False,1850
102,BuildingSurface:Detailed,Surface 54,21,Vertex 4 X-coordinate {m},11.000232,False,1851
102,BuildingSurface:Detailed,Surface 54,22,Vertex 4 Y-coordinate {m},4.654296,False,1852
102,BuildingSurface:Detailed,Surface 54,23,Vertex 4 Z-coordinate {m},4.521200,False,1853
103,BuildingSurface:Detailed,Surface 55,1,Name,Surface 55,False,1856
103,BuildingSurface:Detailed,Surface 55,2,Surface Type,Wall,False,1857
103,BuildingSurface:Detailed,Surface 55,3,Construction Name,HIBO Metal Panel Exterior Wall,False,1858
103,BuildingSurface:Detailed,Surface 55,4,Zone Name,Thermal Zone: Plenum,False,1859
103,BuildingSurface:Detailed,Surface 55,5,Space Name,,True,1860
103,BuildingSurface:Detailed,Surface 55,6,Outside Boundary Condition,Outdoors,False,1861
103,BuildingSurface:Detailed,Surface 55,7,Outside Boundary Condition Object,,True,1862
103,BuildingSurface:Detailed,Surface 55,8,Sun Exposure,SunExposed,False,1863
103,BuildingSurface:Detailed,Surface 55,9,Wind Exposure,WindExposed,False,1864
103,BuildingSurface:Detailed,Surface 55,10,View Factor to Ground,,True,1865
103,BuildingSurface:Detailed,Surface 55,11,Number of Vertices,4,False,1866
103,BuildingSurface:Detailed,Surface 55,12,Vertex 1 X-coordinate {m},0.000000,False,1867
103,BuildingSurface:Detailed,Surface 55,13,Vertex 1 Y-coordinate {m},0.000000,False,1868
103,BuildingSurface:Detailed,Surface 55,14,Vertex 1 Z-coordinate {m},4.724400,False,1869
103,BuildingSurface:Detailed,Surface 55,15,Vertex 2 X-coordinate {m},0.000000,False,1870
103,BuildingSurface:Detailed,Surface 55,16,Vertex 2 Y-coordinate {m},0.000000,False,1871
103,BuildingSurface:Detailed,Surface 55,17,Vertex 2 Z-coordinate {m},3.048000,False,1872
103,BuildingSurface:Detailed,Surface 55,18,Vertex 3 X-coordinate {m},11.000232,False,1873
103,BuildingSurface:Detailed,Surface 55,19,Vertex 3 Y-coordinate {m},0.000000,False,1874
103,BuildingSurface:Detailed,Surface 55,20,Vertex 3 Z-coordinate {m},3.048000,False,1875
103,BuildingSurface:Detailed,Surface 55,21,Vertex 4 X-coordinate {m},11.000232,False,1876
103,BuildingSurface:Detailed,Surface 55,22,Vertex 4 Y-coordinate {m},0.000000,False,1877
103,BuildingSurface:Detailed,Surface 55,23,Vertex 4 Z-coordinate {m},4.724400,False,1878
104,BuildingSurface:Detailed,Surface 61,1,Name,Surface 61,False,1881
104,BuildingSurface:Detailed,Surface 61,2,Surface Type,Floor,False,1882
104,BuildingSurface:Detailed,Surface 61,3,Construction Name,HIBO APC-1 Ceiling,False,1883
104,BuildingSurface:Detailed,Surface 61,4,Zone Name,Thermal Zone: Plenum,False,1884
104,BuildingSurface:Detailed,Surface 61,5,Space Name,,True,1885
104,BuildingSurface:Detailed,Surface 61,6,Outside Boundary Condition,Surface,False,1886
104,BuildingSurface:Detailed,Surface 61,7,Outside Boundary Condition Object,Surface 46,False,1887
104,BuildingSurface:Detailed,Surface 61,8,Sun Exposure,NoSun,False,1888
104,BuildingSurface:Detailed,Surface 61,9,Wind Exposure,NoWind,False,1889
104,BuildingSurface:Detailed,Surface 61,10,View Factor to Ground,,True,1890
104,BuildingSurface:Detailed,Surface 61,11,Number of Vertices,4,False,1891
104,BuildingSurface:Detailed,Surface 61,12,Vertex 1 X-coordinate {m},9.171432,False,1892
104,BuildingSurface:Detailed,Surface 61,13,Vertex 1 Y-coordinate {m},6.912864,False,1893
104,BuildingSurface:Detailed,Surface 61,14,Vertex 1 Z-coordinate {m},3.048000,False,1894
104,BuildingSurface:Detailed,Surface 61,15,Vertex 2 X-coordinate {m},9.171432,False,1895
104,BuildingSurface:Detailed,Surface 61,16,Vertex 2 Y-coordinate {m},4.654296,False,1896
104,BuildingSurface:Detailed,Surface 61,17,Vertex 2 Z-coordinate {m},3.048000,False,1897
104,BuildingSurface:Detailed,Surface 61,18,Vertex 3 X-coordinate {m},6.312408,False,1898
104,BuildingSurface:Detailed,Surface 61,19,Vertex 3 Y-coordinate {m},4.654296,False,1899
104,BuildingSurface:Detailed,Surface 61,20,Vertex 3 Z-coordinate {m},3.048000,False,1900
104,BuildingSurface:Detailed,Surface 61,21,Vertex 4 X-coordinate {m},6.312408,False,1901
104,BuildingSurface:Detailed,Surface 61,22,Vertex 4 Y-coordinate {m},6.912864,False,1902
104,BuildingSurface:Detailed,Surface 61,23,Vertex 4 Z-coordinate {m},3.048000,False,1903
105,BuildingSurface:Detailed,Surface 62,1,Name,Surface 62,False,1906
105,BuildingSurface:Detailed,Surface 62,2,Surface Type,Floor,False,1907
105,BuildingSurface:Detailed,Surface 62,3,Construction Name,HIBO GYP Ceiling,False,1908
105,BuildingSurface:Detailed,Surface 62,4,Zone Name,Thermal Zone: Plenum,False,1909
105,BuildingSurface:Detailed,Surface 62,5,Space Name,,True,1910
105,BuildingSurface:Detailed,Surface 62,6,Outside Boundary Condition,Surface,False,1911
105,BuildingSurface:Detailed,Surface 62,7,Outside Boundary Condition Object,Surface 14,False,1912
105,BuildingSurface:Detailed,Surface 62,8,Sun Exposure,NoSun,False,1913
105,BuildingSurface:Detailed,Surface 62,9,Wind Exposure,NoWind,False,1914
105,BuildingSurface:Detailed,Surface 62,10,View Factor to Ground,,True,1915
105,BuildingSurface:Detailed,Surface 62,11,Number of Vertices,4,False,1916
105,BuildingSurface:Detailed,Surface 62,12,Vertex 1 X-coordinate {m},7.043928,False,1917
105,BuildingSurface:Detailed,Surface 62,13,Vertex 1 Y-coordinate {m},2.734056,False,1918
105,BuildingSurface:Detailed,Surface 62,14,Vertex 1 Z-coordinate {m},3.048000,False,1919
105,BuildingSurface:Detailed,Surface 62,15,Vertex 2 X-coordinate {m},7.043928,False,1920
105,BuildingSurface:Detailed,Surface 62,16,Vertex 2 Y-coordinate {m},0.000000,False,1921
105,BuildingSurface:Detailed,Surface 62,17,Vertex 2 Z-coordinate {m},3.048000,False,1922
105,BuildingSurface:Detailed,Surface 62,18,Vertex 3 X-coordinate {m},3.956304,False,1923
105,BuildingSurface:Detailed,Surface 62,19,Vertex 3 Y-coordinate {m},0.000000,False,1924
105,BuildingSurface:Detailed,Surface 62,20,Vertex 3 Z-coordinate {m},3.048000,False,1925
105,BuildingSurface:Detailed,Surface 62,21,Vertex 4 X-coordinate {m},3.956304,False,1926
105,BuildingSurface:Detailed,Surface 62,22,Vertex 4 Y-coordinate {m},2.734056,False,1927
105,BuildingSurface:Detailed,Surface 62,23,Vertex 4 Z-coordinate {m},3.048000,False,1928
106,BuildingSurface:Detailed,Surface 63,1,Name,Surface 63,False,1931
106,BuildingSurface:Detailed,Surface 63,2,Surface Type,Floor,False,1932
106,BuildingSurface:Detailed,Surface 63,3,Construction Name,HIBO APC-1 Ceiling,False,1933
106,BuildingSurface:Detailed,Surface 63,4,Zone Name,Thermal Zone: Plenum,False,1934
106,BuildingSurface:Detailed,Surface 63,5,Space Name,,True,1935
106,BuildingSurface:Detailed,Surface 63,6,Outside Boundary Condition,Surface,False,1936
106,BuildingSurface:Detailed,Surface 63,7,Outside Boundary Condition Object,Surface 32,False,1937
106,BuildingSurface:Detailed,Surface 63,8,Sun Exposure,NoSun,False,1938
106,BuildingSurface:Detailed,Surface 63,9,Wind Exposure,NoWind,False,1939
106,BuildingSurface:Detailed,Surface 63,10,View Factor to Ground,,True,1940
106,BuildingSurface:Detailed,Surface 63,11,Number of Vertices,8,False,1941
106,BuildingSurface:Detailed,Surface 63,12,Vertex 1 X-coordinate {m},6.312408,False,1942
106,BuildingSurface:Detailed,Surface 63,13,Vertex 1 Y-coordinate {m},6.912864,False,1943
106,BuildingSurface:Detailed,Surface 63,14,Vertex 1 Z-coordinate {m},3.048000,False,1944
106,BuildingSurface:Detailed,Surface 63,15,Vertex 2 X-coordinate {m},6.312408,False,1945
106,BuildingSurface:Detailed,Surface 63,16,Vertex 2 Y-coordinate {m},4.654296,False,1946
106,BuildingSurface:Detailed,Surface 63,17,Vertex 2 Z-coordinate {m},3.048000,False,1947
106,BuildingSurface:Detailed,Surface 63,18,Vertex 3 X-coordinate {m},7.043928,False,1948
106,BuildingSurface:Detailed,Surface 63,19,Vertex 3 Y-coordinate {m},4.654296,False,1949
106,BuildingSurface:Detailed,Surface 63,20,Vertex 3 Z-coordinate {m},3.048000,False,1950
106,BuildingSurface:Detailed,Surface 63,21,Vertex 4 X-coordinate {m},7.043928,False,1951
106,BuildingSurface:Detailed,Surface 63,22,Vertex 4 Y-coordinate {m},2.734056,False,1952
106,BuildingSurface:Detailed,Surface 63,23,Vertex 4 Z-coordinate {m},3.048000,False,1953
106,BuildingSurface:Detailed,Surface 63,24,Vertex 5 X-coordinate {m},3.956304,False,1954
106,BuildingSurface:Detailed,Surface 63,25,Vertex 5 Y-coordinate {m},2.734056,False,1955
106,BuildingSurface:Detailed,Surface 63,26,Vertex 5 Z-coordinate {m},3.048000,False,1956
106,BuildingSurface:Detailed,Surface 63,27,Vertex 6 X-coordinate {m},3.956304,False,1957
106,BuildingSurface:Detailed,Surface 63,28,Vertex 6 Y-coordinate {m},4.654296,False,1958
106,BuildingSurface:Detailed,Surface 63,29,Vertex 6 Z-coordinate {m},3.048000,False,1959
106,BuildingSurface:Detailed,Surface 63,30,Vertex 7 X-coordinate {m},4.532376,False,1960
106,BuildingSurface:Detailed,Surface 63,31,Vertex 7 Y-coordinate {m},4.654296,False,1961
106,BuildingSurface:Detailed,Surface 63,32,Vertex 7 Z-coordinate {m},3.048000,False,1962
106,BuildingSurface:Detailed,Surface 63,33,Vertex 8 X-coordinate {m},4.532376,False,1963
106,BuildingSurface:Detailed,Surface 63,34,Vertex 8 Y-coordinate {m},6.912864,False,1964
106,BuildingSurface:Detailed,Surface 63,35,Vertex 8 Z-coordinate {m},3.048000,False,1965
107,BuildingSurface:Detailed,Surface 64,1,Name,Surface 64,False,1968
107,BuildingSurface:Detailed,Surface 64,2,Surface Type,Floor,False,1969
107,BuildingSurface:Detailed,Surface 64,3,Construction Name,HIBO APC-1 Ceiling,False,1970
107,BuildingSurface:Detailed,Surface 64,4,Zone Name,Thermal Zone: Plenum,False,1971
107,BuildingSurface:Detailed,Surface 64,5,Space Name,,True,1972
107,BuildingSurface:Detailed,Surface 64,6,Outside Boundary Condition,Surface,False,1973
107,BuildingSurface:Detailed,Surface 64,7,Outside Boundary Condition Object,Surface 39,False,1974
107,BuildingSurface:Detailed,Surface 64,8,Sun Exposure,NoSun,False,1975
107,BuildingSurface:Detailed,Surface 64,9,Wind Exposure,NoWind,False,1976
107,BuildingSurface:Detailed,Surface 64,10,View Factor to Ground,,True,1977
107,BuildingSurface:Detailed,Surface 64,11,Number of Vertices,4,False,1978
107,BuildingSurface:Detailed,Surface 64,12,Vertex 1 X-coordinate {m},4.532376,False,1979
107,BuildingSurface:Detailed,Surface 64,13,Vertex 1 Y-coordinate {m},6.912864,False,1980
107,BuildingSurface:Detailed,Surface 64,14,Vertex 1 Z-coordinate {m},2.743200,False,1981
107,BuildingSurface:Detailed,Surface 64,15,Vertex 2 X-coordinate {m},4.532376,False,1982
107,BuildingSurface:Detailed,Surface 64,16,Vertex 2 Y-coordinate {m},4.654296,False,1983
107,BuildingSurface:Detailed,Surface 64,17,Vertex 2 Z-coordinate {m},2.743200,False,1984
107,BuildingSurface:Detailed,Surface 64,18,Vertex 3 X-coordinate {m},1.828800,False,1985
107,BuildingSurface:Detailed,Surface 64,19,Vertex 3 Y-coordinate {m},4.654296,False,1986
107,BuildingSurface:Detailed,Surface 64,20,Vertex 3 Z-coordinate {m},2.743200,False,1987
107,BuildingSurface:Detailed,Surface 64,21,Vertex 4 X-coordinate {m},1.828800,False,1988
107,BuildingSurface:Detailed,Surface 64,22,Vertex 4 Y-coordinate {m},6.912864,False,1989
107,BuildingSurface:Detailed,Surface 64,23,Vertex 4 Z-coordinate {m},2.743200,False,1990
108,BuildingSurface:Detailed,Surface 65,1,Name,Surface 65,False,1993
108,BuildingSurface:Detailed,Surface 65,2,Surface Type,Floor,False,1994
108,BuildingSurface:Detailed,Surface 65,3,Construction Name,HIBO APC-1 Ceiling,False,1995
108,BuildingSurface:Detailed,Surface 65,4,Zone Name,Thermal Zone: Plenum,False,1996
108,BuildingSurface:Detailed,Surface 65,5,Space Name,,True,1997
108,BuildingSurface:Detailed,Surface 65,6,Outside Boundary Condition,Surface,False,1998
108,BuildingSurface:Detailed,Surface 65,7,Outside Boundary Condition Object,Surface 8,False,1999
108,BuildingSurface:Detailed,Surface 65,8,Sun Exposure,NoSun,False,2000
108,BuildingSurface:Detailed,Surface 65,9,Wind Exposure,NoWind,False,2001
108,BuildingSurface:Detailed,Surface 65,10,View Factor to Ground,,True,2002
108,BuildingSurface:Detailed,Surface 65,11,Number of Vertices,4,False,2003
108,BuildingSurface:Detailed,Surface 65,12,Vertex 1 X-coordinate {m},3.956304,False,2004
108,BuildingSurface:Detailed,Surface 65,13,Vertex 1 Y-coordinate {m},4.654296,False,2005
108,BuildingSurface:Detailed,Surface 65,14,Vertex 1 Z-coordinate {m},3.048000,False,2006
108,BuildingSurface:Detailed,Surface 65,15,Vertex 2 X-coordinate {m},3.956304,False,2007
108,BuildingSurface:Detailed,Surface 65,16,Vertex 2 Y-coordinate {m},0.000000,False,2008
108,BuildingSurface:Detailed,Surface 65,17,Vertex 2 Z-coordinate {m},3.048000,False,2009
108,BuildingSurface:Detailed,Surface 65,18,Vertex 3 X-coordinate {m},0.000000,False,2010
108,BuildingSurface:Detailed,Surface 65,19,Vertex 3 Y-coordinate {m},0.000000,False,2011
108,BuildingSurface:Detailed,Surface 65,20,Vertex 3 Z-coordinate {m},3.048000,False,2012
108,BuildingSurface:Detailed,Surface 65,21,Vertex 4 X-coordinate {m},0.000000,False,2013
108,BuildingSurface:Detailed,Surface 65,22,Vertex 4 Y-coordinate {m},4.654296,False,2014
108,BuildingSurface:Detailed,Surface 65,23,Vertex 4 Z-coordinate {m},3.048000,False,2015
109,BuildingSurface:Detailed,Surface 1,1,Name,Surface 1,False,2018
109,BuildingSurface:Detailed,Surface 1,2,Surface Type,Floor,False,2019
109,BuildingSurface:Detailed,Surface 1,3,Construction Name,HIBO Slab Carpet,False,2020
109,BuildingSurface:Detailed,Surface 1,4,Zone Name,Thermal Zone: Space 103 LAB B,False,2021
109,BuildingSurface:Detailed,Surface 1,5,Space Name,,True,2022
109,BuildingSurface:Detailed,Surface 1,6,Outside Boundary Condition,Ground,False,2023
109,BuildingSurface:Detailed,Surface 1,7,Outside Boundary Condition Object,,True,2024
109,BuildingSurface:Detailed,Surface 1,8,Sun Exposure,NoSun,False,2025
109,BuildingSurface:Detailed,Surface 1,9,Wind Exposure,NoWind,False,2026
109,BuildingSurface:Detailed,Surface 1,10,View Factor to Ground,,True,2027
109,BuildingSurface:Detailed,Surface 1,11,Number of Vertices,,True,2028
109,BuildingSurface:Detailed,Surface 1,12,Vertex 1 X-coordinate {m},3.956304,False,2029
109,BuildingSurface:Detailed,Surface 1,13,Vertex 1 Y-coordinate {m},4.654296,False,2030
109,BuildingSurface:Detailed,Surface 1,14,Vertex 1 Z-coordinate {m},0,False,2031
109,BuildingSurface:Detailed,Surface 1,15,Vertex 2 X-coordinate {m},3.956304,False,2032
109,BuildingSurface:Detailed,Surface 1,16,Vertex 2 Y-coordinate {m},0,False,2033
109,BuildingSurface:Detailed,Surface 1,17,Vertex 2 Z-coordinate {m},0,False,2034
109,BuildingSurface:Detailed,Surface 1,18,Vertex 3 X-coordinate {m},0,False,2035
109,BuildingSurface:Detailed,Surface 1,19,Vertex 3 Y-coordinate {m},0,False,2036
109,BuildingSurface:Detailed,Surface 1,20,Vertex 3 Z-coordinate {m},0,False,2037
109,BuildingSurface:Detailed,Surface 1,21,Vertex 4 X-coordinate {m},0,False,2038
109,BuildingSurface:Detailed,Surface 1,22,Vertex 4 Y-coordinate {m},4.654296,False,2039
109,BuildingSurface:Detailed,Surface 1,23,Vertex 4 Z-coordinate {m},0,False,2040
110,BuildingSurface:Detailed,Surface 3 Ext,1,Name,Surface 3 Ext,False,2043
110,BuildingSurface:Detailed,Surface 3 Ext,2,Surface Type,Wall,False,2044
110,BuildingSurface:Detailed,Surface 3 Ext,3,Construction Name,HIBO Metal Panel Exterior Wall,False,2045
110,BuildingSurface:Detailed,Surface 3 Ext,4,Zone Name,Thermal Zone: Space 103 LAB B,False,2046
110,BuildingSurface:Detailed,Surface 3 Ext,5,Space Name,,True,2047
110,BuildingSurface:Detailed,Surface 3 Ext,6,Outside Boundary Condition,Outdoors,False,2048
110,BuildingSurface:Detailed,Surface 3 Ext,7,Outside Boundary Condition Object,,True,2049
110,BuildingSurface:Detailed,Surface 3 Ext,8,Sun Exposure,SunExposed,False,2050
110,BuildingSurface:Detailed,Surface 3 Ext,9,Wind Exposure,WindExposed,False,2051
110,BuildingSurface:Detailed,Surface 3 Ext,10,View Factor to Ground,,True,2052
110,BuildingSurface:Detailed,Surface 3 Ext,11,Number of Vertices,4,False,2053
110,BuildingSurface:Detailed,Surface 3 Ext,12,Vertex 1 X-coordinate {m},1.828800,False,2054
110,BuildingSurface:Detailed,Surface 3 Ext,13,Vertex 1 Y-coordinate {m},4.654296,False,2055
110,BuildingSurface:Detailed,Surface 3 Ext,14,Vertex 1 Z-coordinate {m},3.048000,False,2056
110,BuildingSurface:Detailed,Surface 3 Ext,15,Vertex 2 X-coordinate {m},1.828800,False,2057
110,BuildingSurface:Detailed,Surface 3 Ext,16,Vertex 2 Y-coordinate {m},4.654296,False,2058
110,BuildingSurface:Detailed,Surface 3 Ext,17,Vertex 2 Z-coordinate {m},0.000000,False,2059
110,BuildingSurface:Detailed,Surface 3 Ext,18,Vertex 3 X-coordinate {m},0.000000,False,2060
110,BuildingSurface:Detailed,Surface 3 Ext,19,Vertex 3 Y-coordinate {m},4.654296,False,2061
110,BuildingSurface:Detailed,Surface 3 Ext,20,Vertex 3 Z-coordinate {m},0.000000,False,2062
110,BuildingSurface:Detailed,Surface 3 Ext,21,Vertex 4 X-coordinate {m},0.000000,False,2063
110,BuildingSurface:Detailed,Surface 3 Ext,22,Vertex 4 Y-coordinate {m},4.654296,False,2064
110,BuildingSurface:Detailed,Surface 3 Ext,23,Vertex 4 Z-coordinate {m},3.048000,False,2065
111,BuildingSurface:Detailed,Surface 4,1,Name,Surface 4,False,2068
111,BuildingSurface:Detailed,Surface 4,2,Surface Type,Wall,False,2069
111,BuildingSurface:Detailed,Surface 4,3,Construction Name,HIBO Interior Partition SA.8.21,False,2070
111,BuildingSurface:Detailed,Surface 4,4,Zone Name,Thermal Zone: Space 103 LAB B,False,2071
111,BuildingSurface:Detailed,Surface 4,5,Space Name,,True,2072
111,BuildingSurface:Detailed,Surface 4,6,Outside Boundary Condition,Surface,False,2073
111,BuildingSurface:Detailed,Surface 4,7,Outside Boundary Condition Object,Surface 35,False,2074
111,BuildingSurface:Detailed,Surface 4,8,Sun Exposure,NoSun,False,2075
111,BuildingSurface:Detailed,Surface 4,9,Wind Exposure,NoWind,False,2076
111,BuildingSurface:Detailed,Surface 4,10,View Factor to Ground,,True,2077
111,BuildingSurface:Detailed,Surface 4,11,Number of Vertices,4,False,2078
111,BuildingSurface:Detailed,Surface 4,12,Vertex 1 X-coordinate {m},3.956304,False,2079
111,BuildingSurface:Detailed,Surface 4,13,Vertex 1 Y-coordinate {m},4.654296,False,2080
111,BuildingSurface:Detailed,Surface 4,14,Vertex 1 Z-coordinate {m},2.743200,False,2081
111,BuildingSurface:Detailed,Surface 4,15,Vertex 2 X-coordinate {m},3.956304,False,2082
111,BuildingSurface:Detailed,Surface 4,16,Vertex 2 Y-coordinate {m},4.654296,False,2083
111,BuildingSurface:Detailed,Surface 4,17,Vertex 2 Z-coordinate {m},0.000000,False,2084
111,BuildingSurface:Detailed,Surface 4,18,Vertex 3 X-coordinate {m},1.828800,False,2085
111,BuildingSurface:Detailed,Surface 4,19,Vertex 3 Y-coordinate {m},4.654296,False,2086
111,BuildingSurface:Detailed,Surface 4,20,Vertex 3 Z-coordinate {m},0.000000,False,2087
111,BuildingSurface:Detailed,Surface 4,21,Vertex 4 X-coordinate {m},1.828800,False,2088
111,BuildingSurface:Detailed,Surface 4,22,Vertex 4 Y-coordinate {m},4.654296,False,2089
111,BuildingSurface:Detailed,Surface 4,23,Vertex 4 Z-coordinate {m},2.743200,False,2090
112,BuildingSurface:Detailed,Surface 5,1,Name,Surface 5,False,2093
112,BuildingSurface:Detailed,Surface 5,2,Surface Type,Wall,False,2094
112,BuildingSurface:Detailed,Surface 5,3,Construction Name,HIBO Interior Partition SA.6.20,False,2095
112,BuildingSurface:Detailed,Surface 5,4,Zone Name,Thermal Zone: Space 103 LAB B,False,2096
112,BuildingSurface:Detailed,Surface 5,5,Space Name,,True,2097
112,BuildingSurface:Detailed,Surface 5,6,Outside Boundary Condition,Surface,False,2098
112,BuildingSurface:Detailed,Surface 5,7,Outside Boundary Condition Object,Surface 29,False,2099
112,BuildingSurface:Detailed,Surface 5,8,Sun Exposure,NoSun,False,2100
112,BuildingSurface:Detailed,Surface 5,9,Wind Exposure,NoWind,False,2101
112,BuildingSurface:Detailed,Surface 5,10,View Factor to Ground,,True,2102
112,BuildingSurface:Detailed,Surface 5,11,Number of Vertices,4,False,2103
112,BuildingSurface:Detailed,Surface 5,12,Vertex 1 X-coordinate {m},3.956304,False,2104
112,BuildingSurface:Detailed,Surface 5,13,Vertex 1 Y-coordinate {m},2.734056,False,2105
112,BuildingSurface:Detailed,Surface 5,14,Vertex 1 Z-coordinate {m},3.048000,False,2106
112,BuildingSurface:Detailed,Surface 5,15,Vertex 2 X-coordinate {m},3.956304,False,2107
112,BuildingSurface:Detailed,Surface 5,16,Vertex 2 Y-coordinate {m},2.734056,False,2108
112,BuildingSurface:Detailed,Surface 5,17,Vertex 2 Z-coordinate {m},0.000000,False,2109
112,BuildingSurface:Detailed,Surface 5,18,Vertex 3 X-coordinate {m},3.956304,False,2110
112,BuildingSurface:Detailed,Surface 5,19,Vertex 3 Y-coordinate {m},4.654296,False,2111
112,BuildingSurface:Detailed,Surface 5,20,Vertex 3 Z-coordinate {m},0.000000,False,2112
112,BuildingSurface:Detailed,Surface 5,21,Vertex 4 X-coordinate {m},3.956304,False,2113
112,BuildingSurface:Detailed,Surface 5,22,Vertex 4 Y-coordinate {m},4.654296,False,2114
112,BuildingSurface:Detailed,Surface 5,23,Vertex 4 Z-coordinate {m},3.048000,False,2115
113,BuildingSurface:Detailed,Surface 6,1,Name,Surface 6,False,2118
113,BuildingSurface:Detailed,Surface 6,2,Surface Type,Wall,False,2119
113,BuildingSurface:Detailed,Surface 6,3,Construction Name,HIBO Interior Partition SA.6.20,False,2120
113,BuildingSurface:Detailed,Surface 6,4,Zone Name,Thermal Zone: Space 103 LAB B,False,2121
113,BuildingSurface:Detailed,Surface 6,5,Space Name,,True,2122
113,BuildingSurface:Detailed,Surface 6,6,Outside Boundary Condition,Surface,False,2123
113,BuildingSurface:Detailed,Surface 6,7,Outside Boundary Condition Object,Surface 13,False,2124
113,BuildingSurface:Detailed,Surface 6,8,Sun Exposure,NoSun,False,2125
113,BuildingSurface:Detailed,Surface 6,9,Wind Exposure,NoWind,False,2126
113,BuildingSurface:Detailed,Surface 6,10,View Factor to Ground,,True,2127
113,BuildingSurface:Detailed,Surface 6,11,Number of Vertices,4,False,2128
113,BuildingSurface:Detailed,Surface 6,12,Vertex 1 X-coordinate {m},3.956304,False,2129
113,BuildingSurface:Detailed,Surface 6,13,Vertex 1 Y-coordinate {m},0.000000,False,2130
113,BuildingSurface:Detailed,Surface 6,14,Vertex 1 Z-coordinate {m},3.048000,False,2131
113,BuildingSurface:Detailed,Surface 6,15,Vertex 2 X-coordinate {m},3.956304,False,2132
113,BuildingSurface:Detailed,Surface 6,16,Vertex 2 Y-coordinate {m},0.000000,False,2133
113,BuildingSurface:Detailed,Surface 6,17,Vertex 2 Z-coordinate {m},0.000000,False,2134
113,BuildingSurface:Detailed,Surface 6,18,Vertex 3 X-coordinate {m},3.956304,False,2135
113,BuildingSurface:Detailed,Surface 6,19,Vertex 3 Y-coordinate {m},2.734056,False,2136
113,BuildingSurface:Detailed,Surface 6,20,Vertex 3 Z-coordinate {m},0.000000,False,2137
113,BuildingSurface:Detailed,Surface 6,21,Vertex 4 X-coordinate {m},3.956304,False,2138
113,BuildingSurface:Detailed,Surface 6,22,Vertex 4 Y-coordinate {m},2.734056,False,2139
113,BuildingSurface:Detailed,Surface 6,23,Vertex 4 Z-coordinate {m},3.048000,False,2140
114,BuildingSurface:Detailed,Surface 69 Ext,1,Name,Surface 69 Ext,False,2143
114,BuildingSurface:Detailed,Surface 69 Ext,2,Surface Type,Wall,False,2144
114,BuildingSurface:Detailed,Surface 69 Ext,3,Construction Name,HIBO Metal Panel Exterior Wall,False,2145
114,BuildingSurface:Detailed,Surface 69 Ext,4,Zone Name,Thermal Zone: Space 103 LAB B,False,2146
114,BuildingSurface:Detailed,Surface 69 Ext,5,Space Name,,True,2147
114,BuildingSurface:Detailed,Surface 69 Ext,6,Outside Boundary Condition,Outdoors,False,2148
114,BuildingSurface:Detailed,Surface 69 Ext,7,Outside Boundary Condition Object,,True,2149
114,BuildingSurface:Detailed,Surface 69 Ext,8,Sun Exposure,SunExposed,False,2150
114,BuildingSurface:Detailed,Surface 69 Ext,9,Wind Exposure,WindExposed,False,2151
114,BuildingSurface:Detailed,Surface 69 Ext,10,View Factor to Ground,,True,2152
114,BuildingSurface:Detailed,Surface 69 Ext,11,Number of Vertices,4,False,2153
114,BuildingSurface:Detailed,Surface 69 Ext,12,Vertex 1 X-coordinate {m},0.000000,False,2154
114,BuildingSurface:Detailed,Surface 69 Ext,13,Vertex 1 Y-coordinate {m},0.000000,False,2155
114,BuildingSurface:Detailed,Surface 69 Ext,14,Vertex 1 Z-coordinate {m},3.048000,False,2156
114,BuildingSurface:Detailed,Surface 69 Ext,15,Vertex 2 X-coordinate {m},0.000000,False,2157
114,BuildingSurface:Detailed,Surface 69 Ext,16,Vertex 2 Y-coordinate {m},0.000000,False,2158
114,BuildingSurface:Detailed,Surface 69 Ext,17,Vertex 2 Z-coordinate {m},0.406400,False,2159
114,BuildingSurface:Detailed,Surface 69 Ext,18,Vertex 3 X-coordinate {m},3.956304,False,2160
114,BuildingSurface:Detailed,Surface 69 Ext,19,Vertex 3 Y-coordinate {m},0.000000,False,2161
114,BuildingSurface:Detailed,Surface 69 Ext,20,Vertex 3 Z-coordinate {m},0.406400,False,2162
114,BuildingSurface:Detailed,Surface 69 Ext,21,Vertex 4 X-coordinate {m},3.956304,False,2163
114,BuildingSurface:Detailed,Surface 69 Ext,22,Vertex 4 Y-coordinate {m},0.000000,False,2164
114,BuildingSurface:Detailed,Surface 69 Ext,23,Vertex 4 Z-coordinate {m},3.048000,False,2165
115,BuildingSurface:Detailed,Surface 70 Ext,1,Name,Surface 70 Ext,False,2168
115,BuildingSurface:Detailed,Surface 70 Ext,2,Surface Type,Wall,False,2169
115,BuildingSurface:Detailed,Surface 70 Ext,3,Construction Name,HIBO Metal Panel Exterior Wall,False,2170
115,BuildingSurface:Detailed,Surface 70 Ext,4,Zone Name,Thermal Zone: Space 103 LAB B,False,2171
115,BuildingSurface:Detailed,Surface 70 Ext,5,Space Name,,True,2172
115,BuildingSurface:Detailed,Surface 70 Ext,6,Outside Boundary Condition,Outdoors,False,2173
115,BuildingSurface:Detailed,Surface 70 Ext,7,Outside Boundary Condition Object,,True,2174
115,BuildingSurface:Detailed,Surface 70 Ext,8,Sun Exposure,SunExposed,False,2175
115,BuildingSurface:Detailed,Surface 70 Ext,9,Wind Exposure,WindExposed,False,2176
115,BuildingSurface:Detailed,Surface 70 Ext,10,View Factor to Ground,,True,2177
115,BuildingSurface:Detailed,Surface 70 Ext,11,Number of Vertices,4,False,2178
115,BuildingSurface:Detailed,Surface 70 Ext,12,Vertex 1 X-coordinate {m},0.000000,False,2179
115,BuildingSurface:Detailed,Surface 70 Ext,13,Vertex 1 Y-coordinate {m},4.654296,False,2180
115,BuildingSurface:Detailed,Surface 70 Ext,14,Vertex 1 Z-coordinate {m},3.048000,False,2181
115,BuildingSurface:Detailed,Surface 70 Ext,15,Vertex 2 X-coordinate {m},0.000000,False,2182
115,BuildingSurface:Detailed,Surface 70 Ext,16,Vertex 2 Y-coordinate {m},4.654296,False,2183
115,BuildingSurface:Detailed,Surface 70 Ext,17,Vertex 2 Z-coordinate {m},0.000000,False,2184
115,BuildingSurface:Detailed,Surface 70 Ext,18,Vertex 3 X-coordinate {m},0.000000,False,2185
115,BuildingSurface:Detailed,Surface 70 Ext,19,Vertex 3 Y-coordinate {m},0.000000,False,2186
115,BuildingSurface:Detailed,Surface 70 Ext,20,Vertex 3 Z-coordinate {m},0.000000,False,2187
115,BuildingSurface:Detailed,Surface 70 Ext,21,Vertex 4 X-coordinate {m},0.000000,False,2188
115,BuildingSurface:Detailed,Surface 70 Ext,22,Vertex 4 Y-coordinate {m},0.000000,False,2189
115,BuildingSurface:Detailed,Surface 70 Ext,23,Vertex 4 Z-coordinate {m},3.048000,False,2190
116,BuildingSurface:Detailed,Surface 8,1,Name,Surface 8,False,2193
116,BuildingSurface:Detailed,Surface 8,2,Surface Type,Ceiling,False,2194
116,BuildingSurface:Detailed,Surface 8,3,Construction Name,HIBO APC-1 Ceiling,False,2195
116,BuildingSurface:Detailed,Surface 8,4,Zone Name,Thermal Zone: Space 103 LAB B,False,2196
116,BuildingSurface:Detailed,Surface 8,5,Space Name,,True,2197
116,BuildingSurface:Detailed,Surface 8,6,Outside Boundary Condition,Surface,False,2198
116,BuildingSurface:Detailed,Surface 8,7,Outside Boundary Condition Object,Surface 65,False,2199
116,BuildingSurface:Detailed,Surface 8,8,Sun Exposure,NoSun,False,2200
116,BuildingSurface:Detailed,Surface 8,9,Wind Exposure,NoWind,False,2201
116,BuildingSurface:Detailed,Surface 8,10,View Factor to Ground,,True,2202
116,BuildingSurface:Detailed,Surface 8,11,Number of Vertices,4,False,2203
116,BuildingSurface:Detailed,Surface 8,12,Vertex 1 X-coordinate {m},3.956304,False,2204
116,BuildingSurface:Detailed,Surface 8,13,Vertex 1 Y-coordinate {m},0.000000,False,2205
116,BuildingSurface:Detailed,Surface 8,14,Vertex 1 Z-coordinate {m},3.048000,False,2206
116,BuildingSurface:Detailed,Surface 8,15,Vertex 2 X-coordinate {m},3.956304,False,2207
116,BuildingSurface:Detailed,Surface 8,16,Vertex 2 Y-coordinate {m},4.654296,False,2208
116,BuildingSurface:Detailed,Surface 8,17,Vertex 2 Z-coordinate {m},3.048000,False,2209
116,BuildingSurface:Detailed,Surface 8,18,Vertex 3 X-coordinate {m},0.000000,False,2210
116,BuildingSurface:Detailed,Surface 8,19,Vertex 3 Y-coordinate {m},4.654296,False,2211
116,BuildingSurface:Detailed,Surface 8,20,Vertex 3 Z-coordinate {m},3.048000,False,2212
116,BuildingSurface:Detailed,Surface 8,21,Vertex 4 X-coordinate {m},0.000000,False,2213
116,BuildingSurface:Detailed,Surface 8,22,Vertex 4 Y-coordinate {m},0.000000,False,2214
116,BuildingSurface:Detailed,Surface 8,23,Vertex 4 Z-coordinate {m},3.048000,False,2215
117,BuildingSurface:Detailed,Surface 11,1,Name,Surface 11,False,2218
117,BuildingSurface:Detailed,Surface 11,2,Surface Type,Wall,False,2219
117,BuildingSurface:Detailed,Surface 11,3,Construction Name,HIBO Interior Partition SA.6.20,False,2220
117,BuildingSurface:Detailed,Surface 11,4,Zone Name,Thermal Zone: Space 102 - Plus,False,2221
117,BuildingSurface:Detailed,Surface 11,5,Space Name,,True,2222
117,BuildingSurface:Detailed,Surface 11,6,Outside Boundary Condition,Surface,False,2223
117,BuildingSurface:Detailed,Surface 11,7,Outside Boundary Condition Object,Surface 20,False,2224
117,BuildingSurface:Detailed,Surface 11,8,Sun Exposure,NoSun,False,2225
117,BuildingSurface:Detailed,Surface 11,9,Wind Exposure,NoWind,False,2226
117,BuildingSurface:Detailed,Surface 11,10,View Factor to Ground,,True,2227
117,BuildingSurface:Detailed,Surface 11,11,Number of Vertices,4,False,2228
117,BuildingSurface:Detailed,Surface 11,12,Vertex 1 X-coordinate {m},7.043928,False,2229
117,BuildingSurface:Detailed,Surface 11,13,Vertex 1 Y-coordinate {m},0.000000,False,2230
117,BuildingSurface:Detailed,Surface 11,14,Vertex 1 Z-coordinate {m},3.048000,False,2231
117,BuildingSurface:Detailed,Surface 11,15,Vertex 2 X-coordinate {m},7.043928,False,2232
117,BuildingSurface:Detailed,Surface 11,16,Vertex 2 Y-coordinate {m},0.000000,False,2233
117,BuildingSurface:Detailed,Surface 11,17,Vertex 2 Z-coordinate {m},0.000000,False,2234
117,BuildingSurface:Detailed,Surface 11,18,Vertex 3 X-coordinate {m},7.043928,False,2235
117,BuildingSurface:Detailed,Surface 11,19,Vertex 3 Y-coordinate {m},2.734056,False,2236
117,BuildingSurface:Detailed,Surface 11,20,Vertex 3 Z-coordinate {m},0.000000,False,2237
117,BuildingSurface:Detailed,Surface 11,21,Vertex 4 X-coordinate {m},7.043928,False,2238
117,BuildingSurface:Detailed,Surface 11,22,Vertex 4 Y-coordinate {m},2.734056,False,2239
117,BuildingSurface:Detailed,Surface 11,23,Vertex 4 Z-coordinate {m},3.048000,False,2240
118,BuildingSurface:Detailed,Surface 13,1,Name,Surface 13,False,2243
118,BuildingSurface:Detailed,Surface 13,2,Surface Type,Wall,False,2244
118,BuildingSurface:Detailed,Surface 13,3,Construction Name,HIBO Interior Partition SA.6.20,False,2245
118,BuildingSurface:Detailed,Surface 13,4,Zone Name,Thermal Zone: Space 102 - Plus,False,2246
118,BuildingSurface:Detailed,Surface 13,5,Space Name,,True,2247
118,BuildingSurface:Detailed,Surface 13,6,Outside Boundary Condition,Surface,False,2248
118,BuildingSurface:Detailed,Surface 13,7,Outside Boundary Condition Object,Surface 6,False,2249
118,BuildingSurface:Detailed,Surface 13,8,Sun Exposure,NoSun,False,2250
118,BuildingSurface:Detailed,Surface 13,9,Wind Exposure,NoWind,False,2251
118,BuildingSurface:Detailed,Surface 13,10,View Factor to Ground,,True,2252
118,BuildingSurface:Detailed,Surface 13,11,Number of Vertices,4,False,2253
118,BuildingSurface:Detailed,Surface 13,12,Vertex 1 X-coordinate {m},3.956304,False,2254
118,BuildingSurface:Detailed,Surface 13,13,Vertex 1 Y-coordinate {m},2.734056,False,2255
118,BuildingSurface:Detailed,Surface 13,14,Vertex 1 Z-coordinate {m},3.048000,False,2256
118,BuildingSurface:Detailed,Surface 13,15,Vertex 2 X-coordinate {m},3.956304,False,2257
118,BuildingSurface:Detailed,Surface 13,16,Vertex 2 Y-coordinate {m},2.734056,False,2258
118,BuildingSurface:Detailed,Surface 13,17,Vertex 2 Z-coordinate {m},0.000000,False,2259
118,BuildingSurface:Detailed,Surface 13,18,Vertex 3 X-coordinate {m},3.956304,False,2260
118,BuildingSurface:Detailed,Surface 13,19,Vertex 3 Y-coordinate {m},0.000000,False,2261
118,BuildingSurface:Detailed,Surface 13,20,Vertex 3 Z-coordinate {m},0.000000,False,2262
118,BuildingSurface:Detailed,Surface 13,21,Vertex 4 X-coordinate {m},3.956304,False,2263
118,BuildingSurface:Detailed,Surface 13,22,Vertex 4 Y-coordinate {m},0.000000,False,2264
118,BuildingSurface:Detailed,Surface 13,23,Vertex 4 Z-coordinate {m},3.048000,False,2265
119,BuildingSurface:Detailed,Surface 14,1,Name,Surface 14,False,2268
119,BuildingSurface:Detailed,Surface 14,2,Surface Type,Ceiling,False,2269
119,BuildingSurface:Detailed,Surface 14,3,Construction Name,HIBO GYP Ceiling,False,2270
119,BuildingSurface:Detailed,Surface 14,4,Zone Name,Thermal Zone: Space 102 - Plus,False,2271
119,BuildingSurface:Detailed,Surface 14,5,Space Name,,True,2272
119,BuildingSurface:Detailed,Surface 14,6,Outside Boundary Condition,Surface,False,2273
119,BuildingSurface:Detailed,Surface 14,7,Outside Boundary Condition Object,Surface 62,False,2274
119,BuildingSurface:Detailed,Surface 14,8,Sun Exposure,NoSun,False,2275
119,BuildingSurface:Detailed,Surface 14,9,Wind Exposure,NoWind,False,2276
119,BuildingSurface:Detailed,Surface 14,10,View Factor to Ground,,True,2277
119,BuildingSurface:Detailed,Surface 14,11,Number of Vertices,4,False,2278
119,BuildingSurface:Detailed,Surface 14,12,Vertex 1 X-coordinate {m},7.043928,False,2279
119,BuildingSurface:Detailed,Surface 14,13,Vertex 1 Y-coordinate {m},0.000000,False,2280
119,BuildingSurface:Detailed,Surface 14,14,Vertex 1 Z-coordinate {m},3.048000,False,2281
119,BuildingSurface:Detailed,Surface 14,15,Vertex 2 X-coordinate {m},7.043928,False,2282
119,BuildingSurface:Detailed,Surface 14,16,Vertex 2 Y-coordinate {m},2.734056,False,2283
119,BuildingSurface:Detailed,Surface 14,17,Vertex 2 Z-coordinate {m},3.048000,False,2284
119,BuildingSurface:Detailed,Surface 14,18,Vertex 3 X-coordinate {m},3.956304,False,2285
119,BuildingSurface:Detailed,Surface 14,19,Vertex 3 Y-coordinate {m},2.734056,False,2286
119,BuildingSurface:Detailed,Surface 14,20,Vertex 3 Z-coordinate {m},3.048000,False,2287
119,BuildingSurface:Detailed,Surface 14,21,Vertex 4 X-coordinate {m},3.956304,False,2288
119,BuildingSurface:Detailed,Surface 14,22,Vertex 4 Y-coordinate {m},0.000000,False,2289
119,BuildingSurface:Detailed,Surface 14,23,Vertex 4 Z-coordinate {m},3.048000,False,2290
120,BuildingSurface:Detailed,Surface 68 Ext,1,Name,Surface 68 Ext,False,2293
120,BuildingSurface:Detailed,Surface 68 Ext,2,Surface Type,Wall,False,2294
120,BuildingSurface:Detailed,Surface 68 Ext,3,Construction Name,HIBO Metal Panel Exterior Wall,False,2295
120,BuildingSurface:Detailed,Surface 68 Ext,4,Zone Name,Thermal Zone: Space 102 - Plus,False,2296
120,BuildingSurface:Detailed,Surface 68 Ext,5,Space Name,,True,2297
120,BuildingSurface:Detailed,Surface 68 Ext,6,Outside Boundary Condition,Outdoors,False,2298
120,BuildingSurface:Detailed,Surface 68 Ext,7,Outside Boundary Condition Object,,True,2299
120,BuildingSurface:Detailed,Surface 68 Ext,8,Sun Exposure,SunExposed,False,2300
120,BuildingSurface:Detailed,Surface 68 Ext,9,Wind Exposure,WindExposed,False,2301
120,BuildingSurface:Detailed,Surface 68 Ext,10,View Factor to Ground,,True,2302
120,BuildingSurface:Detailed,Surface 68 Ext,11,Number of Vertices,4,False,2303
120,BuildingSurface:Detailed,Surface 68 Ext,12,Vertex 1 X-coordinate {m},3.956304,False,2304
120,BuildingSurface:Detailed,Surface 68 Ext,13,Vertex 1 Y-coordinate {m},0.000000,False,2305
120,BuildingSurface:Detailed,Surface 68 Ext,14,Vertex 1 Z-coordinate {m},3.048000,False,2306
120,BuildingSurface:Detailed,Surface 68 Ext,15,Vertex 2 X-coordinate {m},3.956304,False,2307
120,BuildingSurface:Detailed,Surface 68 Ext,16,Vertex 2 Y-coordinate {m},0.000000,False,2308
120,BuildingSurface:Detailed,Surface 68 Ext,17,Vertex 2 Z-coordinate {m},0.406400,False,2309
120,BuildingSurface:Detailed,Surface 68 Ext,18,Vertex 3 X-coordinate {m},7.043928,False,2310
120,BuildingSurface:Detailed,Surface 68 Ext,19,Vertex 3 Y-coordinate {m},0.000000,False,2311
120,BuildingSurface:Detailed,Surface 68 Ext,20,Vertex 3 Z-coordinate {m},0.406400,False,2312
120,BuildingSurface:Detailed,Surface 68 Ext,21,Vertex 4 X-coordinate {m},7.043928,False,2313
120,BuildingSurface:Detailed,Surface 68 Ext,22,Vertex 4 Y-coordinate {m},0.000000,False,2314
120,BuildingSurface:Detailed,Surface 68 Ext,23,Vertex 4 Z-coordinate {m},3.048000,False,2315
121,BuildingSurface:Detailed,Surface 9,1,Name,Surface 9,False,2318
121,BuildingSurface:Detailed,Surface 9,2,Surface Type,Floor,False,2319
121,BuildingSurface:Detailed,Surface 9,3,Construction Name,HIBO Slab Carpet,False,2320
121,BuildingSurface:Detailed,Surface 9,4,Zone Name,Thermal Zone: Space 102 - Plus,False,2321
121,BuildingSurface:Detailed,Surface 9,5,Space Name,,True,2322
121,BuildingSurface:Detailed,Surface 9,6,Outside Boundary Condition,Ground,False,2323
121,BuildingSurface:Detailed,Surface 9,7,Outside Boundary Condition Object,,True,2324
121,BuildingSurface:Detailed,Surface 9,8,Sun Exposure,NoSun,False,2325
121,BuildingSurface:Detailed,Surface 9,9,Wind Exposure,NoWind,False,2326
121,BuildingSurface:Detailed,Surface 9,10,View Factor to Ground,,True,2327
121,BuildingSurface:Detailed,Surface 9,11,Number of Vertices,,True,2328
121,BuildingSurface:Detailed,Surface 9,12,Vertex 1 X-coordinate {m},7.043928,False,2329
121,BuildingSurface:Detailed,Surface 9,13,Vertex 1 Y-coordinate {m},2.734056,False,2330
121,BuildingSurface:Detailed,Surface 9,14,Vertex 1 Z-coordinate {m},0,False,2331
121,BuildingSurface:Detailed,Surface 9,15,Vertex 2 X-coordinate {m},7.043928,False,2332
121,BuildingSurface:Detailed,Surface 9,16,Vertex 2 Y-coordinate {m},0,False,2333
121,BuildingSurface:Detailed,Surface 9,17,Vertex 2 Z-coordinate {m},0,False,2334
121,BuildingSurface:Detailed,Surface 9,18,Vertex 3 X-coordinate {m},3.956304,False,2335
121,BuildingSurface:Detailed,Surface 9,19,Vertex 3 Y-coordinate {m},0,False,2336
121,BuildingSurface:Detailed,Surface 9,20,Vertex 3 Z-coordinate {m},0,False,2337
121,BuildingSurface:Detailed,Surface 9,21,Vertex 4 X-coordinate {m},3.956304,False,2338
121,BuildingSurface:Detailed,Surface 9,22,Vertex 4 Y-coordinate {m},2.734056,False,2339
121,BuildingSurface:Detailed,Surface 9,23,Vertex 4 Z-coordinate {m},0,False,2340
122,BuildingSurface:Detailed,Surface 23,1,Name,Surface 23,False,2343
122,BuildingSurface:Detailed,Surface 23,2,Surface Type,Floor,False,2344
122,BuildingSurface:Detailed,Surface 23,3,Construction Name,HIBO Slab Sealed Concrete,False,2345
122,BuildingSurface:Detailed,Surface 23,4,Zone Name,Thermal Zone: Space 102 - Plus,False,2346
122,BuildingSurface:Detailed,Surface 23,5,Space Name,,True,2347
122,BuildingSurface:Detailed,Surface 23,6,Outside Boundary Condition,Ground,False,2348
122,BuildingSurface:Detailed,Surface 23,7,Outside Boundary Condition Object,,True,2349
122,BuildingSurface:Detailed,Surface 23,8,Sun Exposure,NoSun,False,2350
122,BuildingSurface:Detailed,Surface 23,9,Wind Exposure,NoWind,False,2351
122,BuildingSurface:Detailed,Surface 23,10,View Factor to Ground,,True,2352
122,BuildingSurface:Detailed,Surface 23,11,Number of Vertices,,True,2353
122,BuildingSurface:Detailed,Surface 23,12,Vertex 1 X-coordinate {m},6.312408,False,2354
122,BuildingSurface:Detailed,Surface 23,13,Vertex 1 Y-coordinate {m},6.912864,False,2355
122,BuildingSurface:Detailed,Surface 23,14,Vertex 1 Z-coordinate {m},0,False,2356
122,BuildingSurface:Detailed,Surface 23,15,Vertex 2 X-coordinate {m},6.312408,False,2357
122,BuildingSurface:Detailed,Surface 23,16,Vertex 2 Y-coordinate {m},4.654296,False,2358
122,BuildingSurface:Detailed,Surface 23,17,Vertex 2 Z-coordinate {m},0,False,2359
122,BuildingSurface:Detailed,Surface 23,18,Vertex 3 X-coordinate {m},7.043928,False,2360
122,BuildingSurface:Detailed,Surface 23,19,Vertex 3 Y-coordinate {m},4.654296,False,2361
122,BuildingSurface:Detailed,Surface 23,20,Vertex 3 Z-coordinate {m},0,False,2362
122,BuildingSurface:Detailed,Surface 23,21,Vertex 4 X-coordinate {m},7.043928,False,2363
122,BuildingSurface:Detailed,Surface 23,22,Vertex 4 Y-coordinate {m},2.734056,False,2364
122,BuildingSurface:Detailed,Surface 23,23,Vertex 4 Z-coordinate {m},0,False,2365
122,BuildingSurface:Detailed,Surface 23,24,Vertex 5 X-coordinate {m},3.956304,False,2366
122,BuildingSurface:Detailed,Surface 23,25,Vertex 5 Y-coordinate {m},2.734056,False,2367
122,BuildingSurface:Detailed,Surface 23,26,Vertex 5 Z-coordinate {m},0,False,2368
122,BuildingSurface:Detailed,Surface 23,27,Vertex 6 X-coordinate {m},3.956304,False,2369
122,BuildingSurface:Detailed,Surface 23,28,Vertex 6 Y-coordinate {m},4.654296,False,2370
122,BuildingSurface:Detailed,Surface 23,29,Vertex 6 Z-coordinate {m},0,False,2371
122,BuildingSurface:Detailed,Surface 23,30,Vertex 7 X-coordinate {m},4.532376,False,2372
122,BuildingSurface:Detailed,Surface 23,31,Vertex 7 Y-coordinate {m},4.654296,False,2373
122,BuildingSurface:Detailed,Surface 23,32,Vertex 7 Z-coordinate {m},0,False,2374
122,BuildingSurface:Detailed,Surface 23,33,Vertex 8 X-coordinate {m},4.532376,False,2375
122,BuildingSurface:Detailed,Surface 23,34,Vertex 8 Y-coordinate {m},6.912864,False,2376
122,BuildingSurface:Detailed,Surface 23,35,Vertex 8 Z-coordinate {m},0,False,2377
123,BuildingSurface:Detailed,Surface 24 Ext,1,Name,Surface 24 Ext,False,2380
123,BuildingSurface:Detailed,Surface 24 Ext,2,Surface Type,Wall,False,2381
123,BuildingSurface:Detailed,Surface 24 Ext,3,Construction Name,HIBO CMU Veneer Exterior Wall,False,2382
123,BuildingSurface:Detailed,Surface 24 Ext,4,Zone Name,Thermal Zone: Space 102 - Plus,False,2383
123,BuildingSurface:Detailed,Surface 24 Ext,5,Space Name,,True,2384
123,BuildingSurface:Detailed,Surface 24 Ext,6,Outside Boundary Condition,Outdoors,False,2385
123,BuildingSurface:Detailed,Surface 24 Ext,7,Outside Boundary Condition Object,,True,2386
123,BuildingSurface:Detailed,Surface 24 Ext,8,Sun Exposure,SunExposed,False,2387
123,BuildingSurface:Detailed,Surface 24 Ext,9,Wind Exposure,WindExposed,False,2388
123,BuildingSurface:Detailed,Surface 24 Ext,10,View Factor to Ground,,True,2389
123,BuildingSurface:Detailed,Surface 24 Ext,11,Number of Vertices,4,False,2390
123,BuildingSurface:Detailed,Surface 24 Ext,12,Vertex 1 X-coordinate {m},6.312408,False,2391
123,BuildingSurface:Detailed,Surface 24 Ext,13,Vertex 1 Y-coordinate {m},6.912864,False,2392
123,BuildingSurface:Detailed,Surface 24 Ext,14,Vertex 1 Z-coordinate {m},3.048000,False,2393
123,BuildingSurface:Detailed,Surface 24 Ext,15,Vertex 2 X-coordinate {m},6.312408,False,2394
123,BuildingSurface:Detailed,Surface 24 Ext,16,Vertex 2 Y-coordinate {m},6.912864,False,2395
123,BuildingSurface:Detailed,Surface 24 Ext,17,Vertex 2 Z-coordinate {m},0.000000,False,2396
123,BuildingSurface:Detailed,Surface 24 Ext,18,Vertex 3 X-coordinate {m},4.532376,False,2397
123,BuildingSurface:Detailed,Surface 24 Ext,19,Vertex 3 Y-coordinate {m},6.912864,False,2398
123,BuildingSurface:Detailed,Surface 24 Ext,20,Vertex 3 Z-coordinate {m},0.000000,False,2399
123,BuildingSurface:Detailed,Surface 24 Ext,21,Vertex 4 X-coordinate {m},4.532376,False,2400
123,BuildingSurface:Detailed,Surface 24 Ext,22,Vertex 4 Y-coordinate {m},6.912864,False,2401
123,BuildingSurface:Detailed,Surface 24 Ext,23,Vertex 4 Z-coordinate {m},3.048000,False,2402
124,BuildingSurface:Detailed,Surface 25,1,Name,Surface 25,False,2405
124,BuildingSurface:Detailed,Surface 25,2,Surface Type,Wall,False,2406
124,BuildingSurface:Detailed,Surface 25,3,Construction Name,HIBO Interior Partition SA.6.20,False,2407
124,BuildingSurface:Detailed,Surface 25,4,Zone Name,Thermal Zone: Space 102 - Plus,False,2408
124,BuildingSurface:Detailed,Surface 25,5,Space Name,,True,2409
124,BuildingSurface:Detailed,Surface 25,6,Outside Boundary Condition,Surface,False,2410
124,BuildingSurface:Detailed,Surface 25,7,Outside Boundary Condition Object,Surface 45,False,2411
124,BuildingSurface:Detailed,Surface 25,8,Sun Exposure,NoSun,False,2412
124,BuildingSurface:Detailed,Surface 25,9,Wind Exposure,NoWind,False,2413
124,BuildingSurface:Detailed,Surface 25,10,View Factor to Ground,,True,2414
124,BuildingSurface:Detailed,Surface 25,11,Number of Vertices,4,False,2415
124,BuildingSurface:Detailed,Surface 25,12,Vertex 1 X-coordinate {m},6.312408,False,2416
124,BuildingSurface:Detailed,Surface 25,13,Vertex 1 Y-coordinate {m},4.654296,False,2417
124,BuildingSurface:Detailed,Surface 25,14,Vertex 1 Z-coordinate {m},3.048000,False,2418
124,BuildingSurface:Detailed,Surface 25,15,Vertex 2 X-coordinate {m},6.312408,False,2419
124,BuildingSurface:Detailed,Surface 25,16,Vertex 2 Y-coordinate {m},4.654296,False,2420
124,BuildingSurface:Detailed,Surface 25,17,Vertex 2 Z-coordinate {m},0.000000,False,2421
124,BuildingSurface:Detailed,Surface 25,18,Vertex 3 X-coordinate {m},6.312408,False,2422
124,BuildingSurface:Detailed,Surface 25,19,Vertex 3 Y-coordinate {m},6.912864,False,2423
124,BuildingSurface:Detailed,Surface 25,20,Vertex 3 Z-coordinate {m},0.000000,False,2424
124,BuildingSurface:Detailed,Surface 25,21,Vertex 4 X-coordinate {m},6.312408,False,2425
124,BuildingSurface:Detailed,Surface 25,22,Vertex 4 Y-coordinate {m},6.912864,False,2426
124,BuildingSurface:Detailed,Surface 25,23,Vertex 4 Z-coordinate {m},3.048000,False,2427
125,BuildingSurface:Detailed,Surface 26,1,Name,Surface 26,False,2430
125,BuildingSurface:Detailed,Surface 26,2,Surface Type,Wall,False,2431
125,BuildingSurface:Detailed,Surface 26,3,Construction Name,HIBO Interior Partition SA.8.21,False,2432
125,BuildingSurface:Detailed,Surface 26,4,Zone Name,Thermal Zone: Space 102 - Plus,False,2433
125,BuildingSurface:Detailed,Surface 26,5,Space Name,,True,2434
125,BuildingSurface:Detailed,Surface 26,6,Outside Boundary Condition,Surface,False,2435
125,BuildingSurface:Detailed,Surface 26,7,Outside Boundary Condition Object,Surface 44,False,2436
125,BuildingSurface:Detailed,Surface 26,8,Sun Exposure,NoSun,False,2437
125,BuildingSurface:Detailed,Surface 26,9,Wind Exposure,NoWind,False,2438
125,BuildingSurface:Detailed,Surface 26,10,View Factor to Ground,,True,2439
125,BuildingSurface:Detailed,Surface 26,11,Number of Vertices,4,False,2440
125,BuildingSurface:Detailed,Surface 26,12,Vertex 1 X-coordinate {m},7.04392800,False,2441
125,BuildingSurface:Detailed,Surface 26,13,Vertex 1 Y-coordinate {m},4.65429600,False,2442
125,BuildingSurface:Detailed,Surface 26,14,Vertex 1 Z-coordinate {m},3.04800000,False,2443
125,BuildingSurface:Detailed,Surface 26,15,Vertex 2 X-coordinate {m},7.04392800,False,2444
125,BuildingSurface:Detailed,Surface 26,16,Vertex 2 Y-coordinate {m},4.65429600,False,2445
125,BuildingSurface:Detailed,Surface 26,17,Vertex 2 Z-coordinate {m},0.00000000,False,2446
125,BuildingSurface:Detailed,Surface 26,18,Vertex 3 X-coordinate {m},6.31240800,False,2447
125,BuildingSurface:Detailed,Surface 26,19,Vertex 3 Y-coordinate {m},4.65429600,False,2448
125,BuildingSurface:Detailed,Surface 26,20,Vertex 3 Z-coordinate {m},0.00000000,False,2449
125,BuildingSurface:Detailed,Surface 26,21,Vertex 4 X-coordinate {m},6.31240800,False,2450
125,BuildingSurface:Detailed,Surface 26,22,Vertex 4 Y-coordinate {m},4.65429600,False,2451
125,BuildingSurface:Detailed,Surface 26,23,Vertex 4 Z-coordinate {m},3.04800000,False,2452
126,BuildingSurface:Detailed,Surface 27,1,Name,Surface 27,False,2455
126,BuildingSurface:Detailed,Surface 27,2,Surface Type,Wall,False,2456
126,BuildingSurface:Detailed,Surface 27,3,Construction Name,HIBO Interior Partition SA.6.20,False,2457
126,BuildingSurface:Detailed,Surface 27,4,Zone Name,Thermal Zone: Space 102 - Plus,False,2458
126,BuildingSurface:Detailed,Surface 27,5,Space Name,,True,2459
126,BuildingSurface:Detailed,Surface 27,6,Outside Boundary Condition,Surface,False,2460
126,BuildingSurface:Detailed,Surface 27,7,Outside Boundary Condition Object,Surface 21,False,2461
126,BuildingSurface:Detailed,Surface 27,8,Sun Exposure,NoSun,False,2462
126,BuildingSurface:Detailed,Surface 27,9,Wind Exposure,NoWind,False,2463
126,BuildingSurface:Detailed,Surface 27,10,View Factor to Ground,,True,2464
126,BuildingSurface:Detailed,Surface 27,11,Number of Vertices,4,False,2465
126,BuildingSurface:Detailed,Surface 27,12,Vertex 1 X-coordinate {m},7.043928,False,2466
126,BuildingSurface:Detailed,Surface 27,13,Vertex 1 Y-coordinate {m},2.734056,False,2467
126,BuildingSurface:Detailed,Surface 27,14,Vertex 1 Z-coordinate {m},3.048000,False,2468
126,BuildingSurface:Detailed,Surface 27,15,Vertex 2 X-coordinate {m},7.043928,False,2469
126,BuildingSurface:Detailed,Surface 27,16,Vertex 2 Y-coordinate {m},2.734056,False,2470
126,BuildingSurface:Detailed,Surface 27,17,Vertex 2 Z-coordinate {m},0.000000,False,2471
126,BuildingSurface:Detailed,Surface 27,18,Vertex 3 X-coordinate {m},7.043928,False,2472
126,BuildingSurface:Detailed,Surface 27,19,Vertex 3 Y-coordinate {m},4.654296,False,2473
126,BuildingSurface:Detailed,Surface 27,20,Vertex 3 Z-coordinate {m},0.000000,False,2474
126,BuildingSurface:Detailed,Surface 27,21,Vertex 4 X-coordinate {m},7.043928,False,2475
126,BuildingSurface:Detailed,Surface 27,22,Vertex 4 Y-coordinate {m},4.654296,False,2476
126,BuildingSurface:Detailed,Surface 27,23,Vertex 4 Z-coordinate {m},3.048000,False,2477
127,BuildingSurface:Detailed,Surface 29,1,Name,Surface 29,False,2480
127,BuildingSurface:Detailed,Surface 29,2,Surface Type,Wall,False,2481
127,BuildingSurface:Detailed,Surface 29,3,Construction Name,HIBO Interior Partition SA.6.20,False,2482
127,BuildingSurface:Detailed,Surface 29,4,Zone Name,Thermal Zone: Space 102 - Plus,False,2483
127,BuildingSurface:Detailed,Surface 29,5,Space Name,,True,2484
127,BuildingSurface:Detailed,Surface 29,6,Outside Boundary Condition,Surface,False,2485
127,BuildingSurface:Detailed,Surface 29,7,Outside Boundary Condition Object,Surface 5,False,2486
127,BuildingSurface:Detailed,Surface 29,8,Sun Exposure,NoSun,False,2487
127,BuildingSurface:Detailed,Surface 29,9,Wind Exposure,NoWind,False,2488
127,BuildingSurface:Detailed,Surface 29,10,View Factor to Ground,,True,2489
127,BuildingSurface:Detailed,Surface 29,11,Number of Vertices,4,False,2490
127,BuildingSurface:Detailed,Surface 29,12,Vertex 1 X-coordinate {m},3.956304,False,2491
127,BuildingSurface:Detailed,Surface 29,13,Vertex 1 Y-coordinate {m},4.654296,False,2492
127,BuildingSurface:Detailed,Surface 29,14,Vertex 1 Z-coordinate {m},3.048000,False,2493
127,BuildingSurface:Detailed,Surface 29,15,Vertex 2 X-coordinate {m},3.956304,False,2494
127,BuildingSurface:Detailed,Surface 29,16,Vertex 2 Y-coordinate {m},4.654296,False,2495
127,BuildingSurface:Detailed,Surface 29,17,Vertex 2 Z-coordinate {m},0.000000,False,2496
127,BuildingSurface:Detailed,Surface 29,18,Vertex 3 X-coordinate {m},3.956304,False,2497
127,BuildingSurface:Detailed,Surface 29,19,Vertex 3 Y-coordinate {m},2.734056,False,2498
127,BuildingSurface:Detailed,Surface 29,20,Vertex 3 Z-coordinate {m},0.000000,False,2499
127,BuildingSurface:Detailed,Surface 29,21,Vertex 4 X-coordinate {m},3.956304,False,2500
127,BuildingSurface:Detailed,Surface 29,22,Vertex 4 Y-coordinate {m},2.734056,False,2501
127,BuildingSurface:Detailed,Surface 29,23,Vertex 4 Z-coordinate {m},3.048000,False,2502
128,BuildingSurface:Detailed,Surface 32,1,Name,Surface 32,False,2505
128,BuildingSurface:Detailed,Surface 32,2,Surface Type,Ceiling,False,2506
128,BuildingSurface:Detailed,Surface 32,3,Construction Name,HIBO APC-1 Ceiling,False,2507
128,BuildingSurface:Detailed,Surface 32,4,Zone Name,Thermal Zone: Space 102 - Plus,False,2508
128,BuildingSurface:Detailed,Surface 32,5,Space Name,,True,2509
128,BuildingSurface:Detailed,Surface 32,6,Outside Boundary Condition,Surface,False,2510
128,BuildingSurface:Detailed,Surface 32,7,Outside Boundary Condition Object,Surface 63,False,2511
128,BuildingSurface:Detailed,Surface 32,8,Sun Exposure,NoSun,False,2512
128,BuildingSurface:Detailed,Surface 32,9,Wind Exposure,NoWind,False,2513
128,BuildingSurface:Detailed,Surface 32,10,View Factor to Ground,,True,2514
128,BuildingSurface:Detailed,Surface 32,11,Number of Vertices,8,False,2515
128,BuildingSurface:Detailed,Surface 32,12,Vertex 1 X-coordinate {m},7.043928,False,2516
128,BuildingSurface:Detailed,Surface 32,13,Vertex 1 Y-coordinate {m},2.734056,False,2517
128,BuildingSurface:Detailed,Surface 32,14,Vertex 1 Z-coordinate {m},3.048000,False,2518
128,BuildingSurface:Detailed,Surface 32,15,Vertex 2 X-coordinate {m},7.043928,False,2519
128,BuildingSurface:Detailed,Surface 32,16,Vertex 2 Y-coordinate {m},4.654296,False,2520
128,BuildingSurface:Detailed,Surface 32,17,Vertex 2 Z-coordinate {m},3.048000,False,2521
128,BuildingSurface:Detailed,Surface 32,18,Vertex 3 X-coordinate {m},6.312408,False,2522
128,BuildingSurface:Detailed,Surface 32,19,Vertex 3 Y-coordinate {m},4.654296,False,2523
128,BuildingSurface:Detailed,Surface 32,20,Vertex 3 Z-coordinate {m},3.048000,False,2524
128,BuildingSurface:Detailed,Surface 32,21,Vertex 4 X-coordinate {m},6.312408,False,2525
128,BuildingSurface:Detailed,Surface 32,22,Vertex 4 Y-coordinate {m},6.912864,False,2526
128,BuildingSurface:Detailed,Surface 32,23,Vertex 4 Z-coordinate {m},3.048000,False,2527
128,BuildingSurface:Detailed,Surface 32,24,Vertex 5 X-coordinate {m},4.532376,False,2528
128,BuildingSurface:Detailed,Surface 32,25,Vertex 5 Y-coordinate {m},6.912864,False,2529
128,BuildingSurface:Detailed,Surface 32,26,Vertex 5 Z-coordinate {m},3.048000,False,2530
128,BuildingSurface:Detailed,Surface 32,27,Vertex 6 X-coordinate {m},4.532376,False,2531
128,BuildingSurface:Detailed,Surface 32,28,Vertex 6 Y-coordinate {m},4.654296,False,2532
128,BuildingSurface:Detailed,Surface 32,29,Vertex 6 Z-coordinate {m},3.048000,False,2533
128,BuildingSurface:Detailed,Surface 32,30,Vertex 7 X-coordinate {m},3.956304,False,2534
128,BuildingSurface:Detailed,Surface 32,31,Vertex 7 Y-coordinate {m},4.654296,False,2535
128,BuildingSurface:Detailed,Surface 32,32,Vertex 7 Z-coordinate {m},3.048000,False,2536
128,BuildingSurface:Detailed,Surface 32,33,Vertex 8 X-coordinate {m},3.956304,False,2537
128,BuildingSurface:Detailed,Surface 32,34,Vertex 8 Y-coordinate {m},2.734056,False,2538
128,BuildingSurface:Detailed,Surface 32,35,Vertex 8 Z-coordinate {m},3.048000,False,2539
129,BuildingSurface:Detailed,Surface 33,1,Name,Surface 33,False,2542
129,BuildingSurface:Detailed,Surface 33,2,Surface Type,Floor,False,2543
129,BuildingSurface:Detailed,Surface 33,3,Construction Name,HIBO Slab Sealed Concrete,False,2544
129,BuildingSurface:Detailed,Surface 33,4,Zone Name,Thermal Zone: Space 102 - Plus,False,2545
129,BuildingSurface:Detailed,Surface 33,5,Space Name,,True,2546
129,BuildingSurface:Detailed,Surface 33,6,Outside Boundary Condition,Ground,False,2547
129,BuildingSurface:Detailed,Surface 33,7,Outside Boundary Condition Object,,True,2548
129,BuildingSurface:Detailed,Surface 33,8,Sun Exposure,NoSun,False,2549
129,BuildingSurface:Detailed,Surface 33,9,Wind Exposure,NoWind,False,2550
129,BuildingSurface:Detailed,Surface 33,10,View Factor to Ground,,True,2551
129,BuildingSurface:Detailed,Surface 33,11,Number of Vertices,,True,2552
129,BuildingSurface:Detailed,Surface 33,12,Vertex 1 X-coordinate {m},4.532376,False,2553
129,BuildingSurface:Detailed,Surface 33,13,Vertex 1 Y-coordinate {m},6.912864,False,2554
129,BuildingSurface:Detailed,Surface 33,14,Vertex 1 Z-coordinate {m},0,False,2555
129,BuildingSurface:Detailed,Surface 33,15,Vertex 2 X-coordinate {m},4.532376,False,2556
129,BuildingSurface:Detailed,Surface 33,16,Vertex 2 Y-coordinate {m},4.654296,False,2557
129,BuildingSurface:Detailed,Surface 33,17,Vertex 2 Z-coordinate {m},0,False,2558
129,BuildingSurface:Detailed,Surface 33,18,Vertex 3 X-coordinate {m},1.8288,False,2559
129,BuildingSurface:Detailed,Surface 33,19,Vertex 3 Y-coordinate {m},4.654296,False,2560
129,BuildingSurface:Detailed,Surface 33,20,Vertex 3 Z-coordinate {m},0,False,2561
129,BuildingSurface:Detailed,Surface 33,21,Vertex 4 X-coordinate {m},1.8288,False,2562
129,BuildingSurface:Detailed,Surface 33,22,Vertex 4 Y-coordinate {m},6.912864,False,2563
129,BuildingSurface:Detailed,Surface 33,23,Vertex 4 Z-coordinate {m},0,False,2564
130,BuildingSurface:Detailed,Surface 35,1,Name,Surface 35,False,2567
130,BuildingSurface:Detailed,Surface 35,2,Surface Type,Wall,False,2568
130,BuildingSurface:Detailed,Surface 35,3,Construction Name,HIBO Interior Partition SA.8.21,False,2569
130,BuildingSurface:Detailed,Surface 35,4,Zone Name,Thermal Zone: Space 102 - Plus,False,2570
130,BuildingSurface:Detailed,Surface 35,5,Space Name,,True,2571
130,BuildingSurface:Detailed,Surface 35,6,Outside Boundary Condition,Surface,False,2572
130,BuildingSurface:Detailed,Surface 35,7,Outside Boundary Condition Object,Surface 4,False,2573
130,BuildingSurface:Detailed,Surface 35,8,Sun Exposure,NoSun,False,2574
130,BuildingSurface:Detailed,Surface 35,9,Wind Exposure,NoWind,False,2575
130,BuildingSurface:Detailed,Surface 35,10,View Factor to Ground,,True,2576
130,BuildingSurface:Detailed,Surface 35,11,Number of Vertices,4,False,2577
130,BuildingSurface:Detailed,Surface 35,12,Vertex 1 X-coordinate {m},1.828800,False,2578
130,BuildingSurface:Detailed,Surface 35,13,Vertex 1 Y-coordinate {m},4.654296,False,2579
130,BuildingSurface:Detailed,Surface 35,14,Vertex 1 Z-coordinate {m},2.743200,False,2580
130,BuildingSurface:Detailed,Surface 35,15,Vertex 2 X-coordinate {m},1.828800,False,2581
130,BuildingSurface:Detailed,Surface 35,16,Vertex 2 Y-coordinate {m},4.654296,False,2582
130,BuildingSurface:Detailed,Surface 35,17,Vertex 2 Z-coordinate {m},0.000000,False,2583
130,BuildingSurface:Detailed,Surface 35,18,Vertex 3 X-coordinate {m},3.956304,False,2584
130,BuildingSurface:Detailed,Surface 35,19,Vertex 3 Y-coordinate {m},4.654296,False,2585
130,BuildingSurface:Detailed,Surface 35,20,Vertex 3 Z-coordinate {m},0.000000,False,2586
130,BuildingSurface:Detailed,Surface 35,21,Vertex 4 X-coordinate {m},3.956304,False,2587
130,BuildingSurface:Detailed,Surface 35,22,Vertex 4 Y-coordinate {m},4.654296,False,2588
130,BuildingSurface:Detailed,Surface 35,23,Vertex 4 Z-coordinate {m},2.743200,False,2589
131,BuildingSurface:Detailed,Surface 36 Ext,1,Name,Surface 36 Ext,False,2592
131,BuildingSurface:Detailed,Surface 36 Ext,2,Surface Type,Wall,False,2593
131,BuildingSurface:Detailed,Surface 36 Ext,3,Construction Name,HIBO CMU Veneer Exterior Wall,False,2594
131,BuildingSurface:Detailed,Surface 36 Ext,4,Zone Name,Thermal Zone: Space 102 - Plus,False,2595
131,BuildingSurface:Detailed,Surface 36 Ext,5,Space Name,,True,2596
131,BuildingSurface:Detailed,Surface 36 Ext,6,Outside Boundary Condition,Outdoors,False,2597
131,BuildingSurface:Detailed,Surface 36 Ext,7,Outside Boundary Condition Object,,True,2598
131,BuildingSurface:Detailed,Surface 36 Ext,8,Sun Exposure,SunExposed,False,2599
131,BuildingSurface:Detailed,Surface 36 Ext,9,Wind Exposure,WindExposed,False,2600
131,BuildingSurface:Detailed,Surface 36 Ext,10,View Factor to Ground,,True,2601
131,BuildingSurface:Detailed,Surface 36 Ext,11,Number of Vertices,4,False,2602
131,BuildingSurface:Detailed,Surface 36 Ext,12,Vertex 1 X-coordinate {m},1.828800,False,2603
131,BuildingSurface:Detailed,Surface 36 Ext,13,Vertex 1 Y-coordinate {m},6.912864,False,2604
131,BuildingSurface:Detailed,Surface 36 Ext,14,Vertex 1 Z-coordinate {m},2.743200,False,2605
131,BuildingSurface:Detailed,Surface 36 Ext,15,Vertex 2 X-coordinate {m},1.828800,False,2606
131,BuildingSurface:Detailed,Surface 36 Ext,16,Vertex 2 Y-coordinate {m},6.912864,False,2607
131,BuildingSurface:Detailed,Surface 36 Ext,17,Vertex 2 Z-coordinate {m},0.000000,False,2608
131,BuildingSurface:Detailed,Surface 36 Ext,18,Vertex 3 X-coordinate {m},1.828800,False,2609
131,BuildingSurface:Detailed,Surface 36 Ext,19,Vertex 3 Y-coordinate {m},4.654296,False,2610
131,BuildingSurface:Detailed,Surface 36 Ext,20,Vertex 3 Z-coordinate {m},0.000000,False,2611
131,BuildingSurface:Detailed,Surface 36 Ext,21,Vertex 4 X-coordinate {m},1.828800,False,2612
131,BuildingSurface:Detailed,Surface 36 Ext,22,Vertex 4 Y-coordinate {m},4.654296,False,2613
131,BuildingSurface:Detailed,Surface 36 Ext,23,Vertex 4 Z-coordinate {m},2.743200,False,2614
132,BuildingSurface:Detailed,Surface 37 Ext,1,Name,Surface 37 Ext,False,2617
132,BuildingSurface:Detailed,Surface 37 Ext,2,Surface Type,Wall,False,2618
132,BuildingSurface:Detailed,Surface 37 Ext,3,Construction Name,HIBO CMU Veneer Exterior Wall,False,2619
132,BuildingSurface:Detailed,Surface 37 Ext,4,Zone Name,Thermal Zone: Space 102 - Plus,False,2620
132,BuildingSurface:Detailed,Surface 37 Ext,5,Space Name,,True,2621
132,BuildingSurface:Detailed,Surface 37 Ext,6,Outside Boundary Condition,Outdoors,False,2622
132,BuildingSurface:Detailed,Surface 37 Ext,7,Outside Boundary Condition Object,,True,2623
132,BuildingSurface:Detailed,Surface 37 Ext,8,Sun Exposure,SunExposed,False,2624
132,BuildingSurface:Detailed,Surface 37 Ext,9,Wind Exposure,WindExposed,False,2625
132,BuildingSurface:Detailed,Surface 37 Ext,10,View Factor to Ground,,True,2626
132,BuildingSurface:Detailed,Surface 37 Ext,11,Number of Vertices,4,False,2627
132,BuildingSurface:Detailed,Surface 37 Ext,12,Vertex 1 X-coordinate {m},4.532376,False,2628
132,BuildingSurface:Detailed,Surface 37 Ext,13,Vertex 1 Y-coordinate {m},6.912864,False,2629
132,BuildingSurface:Detailed,Surface 37 Ext,14,Vertex 1 Z-coordinate {m},2.743200,False,2630
132,BuildingSurface:Detailed,Surface 37 Ext,15,Vertex 2 X-coordinate {m},4.532376,False,2631
132,BuildingSurface:Detailed,Surface 37 Ext,16,Vertex 2 Y-coordinate {m},6.912864,False,2632
132,BuildingSurface:Detailed,Surface 37 Ext,17,Vertex 2 Z-coordinate {m},0.000000,False,2633
132,BuildingSurface:Detailed,Surface 37 Ext,18,Vertex 3 X-coordinate {m},1.828800,False,2634
132,BuildingSurface:Detailed,Surface 37 Ext,19,Vertex 3 Y-coordinate {m},6.912864,False,2635
132,BuildingSurface:Detailed,Surface 37 Ext,20,Vertex 3 Z-coordinate {m},0.000000,False,2636
132,BuildingSurface:Detailed,Surface 37 Ext,21,Vertex 4 X-coordinate {m},1.828800,False,2637
132,BuildingSurface:Detailed,Surface 37 Ext,22,Vertex 4 Y-coordinate {m},6.912864,False,2638
132,BuildingSurface:Detailed,Surface 37 Ext,23,Vertex 4 Z-coordinate {m},2.743200,False,2639
133,BuildingSurface:Detailed,Surface 39,1,Name,Surface 39,False,2642
133,BuildingSurface:Detailed,Surface 39,2,Surface Type,Ceiling,False,2643
133,BuildingSurface:Detailed,Surface 39,3,Construction Name,HIBO APC-1 Ceiling,False,2644
133,BuildingSurface:Detailed,Surface 39,4,Zone Name,Thermal Zone: Space 102 - Plus,False,2645
133,BuildingSurface:Detailed,Surface 39,5,Space Name,,True,2646
133,BuildingSurface:Detailed,Surface 39,6,Outside Boundary Condition,Surface,False,2647
133,BuildingSurface:Detailed,Surface 39,7,Outside Boundary Condition Object,Surface 64,False,2648
133,BuildingSurface:Detailed,Surface 39,8,Sun Exposure,NoSun,False,2649
133,BuildingSurface:Detailed,Surface 39,9,Wind Exposure,NoWind,False,2650
133,BuildingSurface:Detailed,Surface 39,10,View Factor to Ground,,True,2651
133,BuildingSurface:Detailed,Surface 39,11,Number of Vertices,4,False,2652
133,BuildingSurface:Detailed,Surface 39,12,Vertex 1 X-coordinate {m},4.532376,False,2653
133,BuildingSurface:Detailed,Surface 39,13,Vertex 1 Y-coordinate {m},4.654296,False,2654
133,BuildingSurface:Detailed,Surface 39,14,Vertex 1 Z-coordinate {m},2.743200,False,2655
133,BuildingSurface:Detailed,Surface 39,15,Vertex 2 X-coordinate {m},4.532376,False,2656
133,BuildingSurface:Detailed,Surface 39,16,Vertex 2 Y-coordinate {m},6.912864,False,2657
133,BuildingSurface:Detailed,Surface 39,17,Vertex 2 Z-coordinate {m},2.743200,False,2658
133,BuildingSurface:Detailed,Surface 39,18,Vertex 3 X-coordinate {m},1.828800,False,2659
133,BuildingSurface:Detailed,Surface 39,19,Vertex 3 Y-coordinate {m},6.912864,False,2660
133,BuildingSurface:Detailed,Surface 39,20,Vertex 3 Z-coordinate {m},2.743200,False,2661
133,BuildingSurface:Detailed,Surface 39,21,Vertex 4 X-coordinate {m},1.828800,False,2662
133,BuildingSurface:Detailed,Surface 39,22,Vertex 4 Y-coordinate {m},4.654296,False,2663
133,BuildingSurface:Detailed,Surface 39,23,Vertex 4 Z-coordinate {m},2.743200,False,2664
134,BuildingSurface:Detailed,Surface 15,1,Name,Surface 15,False,2667
134,BuildingSurface:Detailed,Surface 15,2,Surface Type,Floor,False,2668
134,BuildingSurface:Detailed,Surface 15,3,Construction Name,HIBO Slab Carpet,False,2669
134,BuildingSurface:Detailed,Surface 15,4,Zone Name,Thermal Zone: Space 105 LAB A,False,2670
134,BuildingSurface:Detailed,Surface 15,5,Space Name,,True,2671
134,BuildingSurface:Detailed,Surface 15,6,Outside Boundary Condition,Ground,False,2672
134,BuildingSurface:Detailed,Surface 15,7,Outside Boundary Condition Object,,True,2673
134,BuildingSurface:Detailed,Surface 15,8,Sun Exposure,NoSun,False,2674
134,BuildingSurface:Detailed,Surface 15,9,Wind Exposure,NoWind,False,2675
134,BuildingSurface:Detailed,Surface 15,10,View Factor to Ground,,True,2676
134,BuildingSurface:Detailed,Surface 15,11,Number of Vertices,4,False,2677
134,BuildingSurface:Detailed,Surface 15,12,Vertex 1 X-coordinate {m},7.043928,False,2678
134,BuildingSurface:Detailed,Surface 15,13,Vertex 1 Y-coordinate {m},4.654296,False,2679
134,BuildingSurface:Detailed,Surface 15,14,Vertex 1 Z-coordinate {m},0,False,2680
134,BuildingSurface:Detailed,Surface 15,15,Vertex 2 X-coordinate {m},11.000232,False,2681
134,BuildingSurface:Detailed,Surface 15,16,Vertex 2 Y-coordinate {m},4.654296,False,2682
134,BuildingSurface:Detailed,Surface 15,17,Vertex 2 Z-coordinate {m},0,False,2683
134,BuildingSurface:Detailed,Surface 15,18,Vertex 3 X-coordinate {m},11.000232,False,2684
134,BuildingSurface:Detailed,Surface 15,19,Vertex 3 Y-coordinate {m},0.000000,False,2685
134,BuildingSurface:Detailed,Surface 15,20,Vertex 3 Z-coordinate {m},0,False,2686
134,BuildingSurface:Detailed,Surface 15,21,Vertex 4 X-coordinate {m},7.043928,False,2687
134,BuildingSurface:Detailed,Surface 15,22,Vertex 4 Y-coordinate {m},0,False,2688
134,BuildingSurface:Detailed,Surface 15,23,Vertex 4 Z-coordinate {m},0,False,2689
135,BuildingSurface:Detailed,Surface 16,1,Name,Surface 16,False,2692
135,BuildingSurface:Detailed,Surface 16,2,Surface Type,Wall,False,2693
135,BuildingSurface:Detailed,Surface 16,3,Construction Name,HIBO Interior Partition SA.8.21,False,2694
135,BuildingSurface:Detailed,Surface 16,4,Zone Name,Thermal Zone: Space 105 LAB A,False,2695
135,BuildingSurface:Detailed,Surface 16,5,Space Name,,True,2696
135,BuildingSurface:Detailed,Surface 16,6,Outside Boundary Condition,Surface,False,2697
135,BuildingSurface:Detailed,Surface 16,7,Outside Boundary Condition Object,Surface 43,False,2698
135,BuildingSurface:Detailed,Surface 16,8,Sun Exposure,NoSun,False,2699
135,BuildingSurface:Detailed,Surface 16,9,Wind Exposure,NoWind,False,2700
135,BuildingSurface:Detailed,Surface 16,10,View Factor to Ground,,True,2701
135,BuildingSurface:Detailed,Surface 16,11,Number of Vertices,4,False,2702
135,BuildingSurface:Detailed,Surface 16,12,Vertex 1 X-coordinate {m},9.17143200,False,2703
135,BuildingSurface:Detailed,Surface 16,13,Vertex 1 Y-coordinate {m},4.65429600,False,2704
135,BuildingSurface:Detailed,Surface 16,14,Vertex 1 Z-coordinate {m},3.04800000,False,2705
135,BuildingSurface:Detailed,Surface 16,15,Vertex 2 X-coordinate {m},9.17143200,False,2706
135,BuildingSurface:Detailed,Surface 16,16,Vertex 2 Y-coordinate {m},4.65429600,False,2707
135,BuildingSurface:Detailed,Surface 16,17,Vertex 2 Z-coordinate {m},0.00000000,False,2708
135,BuildingSurface:Detailed,Surface 16,18,Vertex 3 X-coordinate {m},7.04392800,False,2709
135,BuildingSurface:Detailed,Surface 16,19,Vertex 3 Y-coordinate {m},4.65429600,False,2710
135,BuildingSurface:Detailed,Surface 16,20,Vertex 3 Z-coordinate {m},0.00000000,False,2711
135,BuildingSurface:Detailed,Surface 16,21,Vertex 4 X-coordinate {m},7.04392800,False,2712
135,BuildingSurface:Detailed,Surface 16,22,Vertex 4 Y-coordinate {m},4.65429600,False,2713
135,BuildingSurface:Detailed,Surface 16,23,Vertex 4 Z-coordinate {m},3.04800000,False,2714
136,BuildingSurface:Detailed,Surface 17 Ext,1,Name,Surface 17 Ext,False,2717
136,BuildingSurface:Detailed,Surface 17 Ext,2,Surface Type,Wall,False,2718
136,BuildingSurface:Detailed,Surface 17 Ext,3,Construction Name,HIBO Metal Panel Exterior Wall,False,2719
136,BuildingSurface:Detailed,Surface 17 Ext,4,Zone Name,Thermal Zone: Space 105 LAB A,False,2720
136,BuildingSurface:Detailed,Surface 17 Ext,5,Space Name,,True,2721
136,BuildingSurface:Detailed,Surface 17 Ext,6,Outside Boundary Condition,Outdoors,False,2722
136,BuildingSurface:Detailed,Surface 17 Ext,7,Outside Boundary Condition Object,,True,2723
136,BuildingSurface:Detailed,Surface 17 Ext,8,Sun Exposure,SunExposed,False,2724
136,BuildingSurface:Detailed,Surface 17 Ext,9,Wind Exposure,WindExposed,False,2725
136,BuildingSurface:Detailed,Surface 17 Ext,10,View Factor to Ground,,True,2726
136,BuildingSurface:Detailed,Surface 17 Ext,11,Number of Vertices,4,False,2727
136,BuildingSurface:Detailed,Surface 17 Ext,12,Vertex 1 X-coordinate {m},9.171432,False,2728
136,BuildingSurface:Detailed,Surface 17 Ext,13,Vertex 1 Y-coordinate {m},4.654296,False,2729
136,BuildingSurface:Detailed,Surface 17 Ext,14,Vertex 1 Z-coordinate {m},3.048000,False,2730
136,BuildingSurface:Detailed,Surface 17 Ext,15,Vertex 2 X-coordinate {m},11.000232,False,2731
136,BuildingSurface:Detailed,Surface 17 Ext,16,Vertex 2 Y-coordinate {m},4.654296,False,2732
136,BuildingSurface:Detailed,Surface 17 Ext,17,Vertex 2 Z-coordinate {m},3.048000,False,2733
136,BuildingSurface:Detailed,Surface 17 Ext,18,Vertex 3 X-coordinate {m},11.000232,False,2734
136,BuildingSurface:Detailed,Surface 17 Ext,19,Vertex 3 Y-coordinate {m},4.654296,False,2735
136,BuildingSurface:Detailed,Surface 17 Ext,20,Vertex 3 Z-coordinate {m},0.000000,False,2736
136,BuildingSurface:Detailed,Surface 17 Ext,21,Vertex 4 X-coordinate {m},9.171432,False,2737
136,BuildingSurface:Detailed,Surface 17 Ext,22,Vertex 4 Y-coordinate {m},4.654296,False,2738
136,BuildingSurface:Detailed,Surface 17 Ext,23,Vertex 4 Z-coordinate {m},0.000000,False,2739
137,BuildingSurface:Detailed,Surface 20,1,Name,Surface 20,False,2742
137,BuildingSurface:Detailed,Surface 20,2,Surface Type,Wall,False,2743
137,BuildingSurface:Detailed,Surface 20,3,Construction Name,HIBO Interior Partition SA.6.20,False,2744
137,BuildingSurface:Detailed,Surface 20,4,Zone Name,Thermal Zone: Space 105 LAB A,False,2745
137,BuildingSurface:Detailed,Surface 20,5,Space Name,,True,2746
137,BuildingSurface:Detailed,Surface 20,6,Outside Boundary Condition,Surface,False,2747
137,BuildingSurface:Detailed,Surface 20,7,Outside Boundary Condition Object,Surface 11,False,2748
137,BuildingSurface:Detailed,Surface 20,8,Sun Exposure,NoSun,False,2749
137,BuildingSurface:Detailed,Surface 20,9,Wind Exposure,NoWind,False,2750
137,BuildingSurface:Detailed,Surface 20,10,View Factor to Ground,,True,2751
137,BuildingSurface:Detailed,Surface 20,11,Number of Vertices,4,False,2752
137,BuildingSurface:Detailed,Surface 20,12,Vertex 1 X-coordinate {m},7.043928,False,2753
137,BuildingSurface:Detailed,Surface 20,13,Vertex 1 Y-coordinate {m},2.734056,False,2754
137,BuildingSurface:Detailed,Surface 20,14,Vertex 1 Z-coordinate {m},3.048000,False,2755
137,BuildingSurface:Detailed,Surface 20,15,Vertex 2 X-coordinate {m},7.043928,False,2756
137,BuildingSurface:Detailed,Surface 20,16,Vertex 2 Y-coordinate {m},2.734056,False,2757
137,BuildingSurface:Detailed,Surface 20,17,Vertex 2 Z-coordinate {m},0.000000,False,2758
137,BuildingSurface:Detailed,Surface 20,18,Vertex 3 X-coordinate {m},7.043928,False,2759
137,BuildingSurface:Detailed,Surface 20,19,Vertex 3 Y-coordinate {m},0.000000,False,2760
137,BuildingSurface:Detailed,Surface 20,20,Vertex 3 Z-coordinate {m},0.000000,False,2761
137,BuildingSurface:Detailed,Surface 20,21,Vertex 4 X-coordinate {m},7.043928,False,2762
137,BuildingSurface:Detailed,Surface 20,22,Vertex 4 Y-coordinate {m},0.000000,False,2763
137,BuildingSurface:Detailed,Surface 20,23,Vertex 4 Z-coordinate {m},3.048000,False,2764
138,BuildingSurface:Detailed,Surface 21,1,Name,Surface 21,False,2767
138,BuildingSurface:Detailed,Surface 21,2,Surface Type,Wall,False,2768
138,BuildingSurface:Detailed,Surface 21,3,Construction Name,HIBO Interior Partition SA.6.20,False,2769
138,BuildingSurface:Detailed,Surface 21,4,Zone Name,Thermal Zone: Space 105 LAB A,False,2770
138,BuildingSurface:Detailed,Surface 21,5,Space Name,,True,2771
138,BuildingSurface:Detailed,Surface 21,6,Outside Boundary Condition,Surface,False,2772
138,BuildingSurface:Detailed,Surface 21,7,Outside Boundary Condition Object,Surface 27,False,2773
138,BuildingSurface:Detailed,Surface 21,8,Sun Exposure,NoSun,False,2774
138,BuildingSurface:Detailed,Surface 21,9,Wind Exposure,NoWind,False,2775
138,BuildingSurface:Detailed,Surface 21,10,View Factor to Ground,,True,2776
138,BuildingSurface:Detailed,Surface 21,11,Number of Vertices,4,False,2777
138,BuildingSurface:Detailed,Surface 21,12,Vertex 1 X-coordinate {m},7.043928,False,2778
138,BuildingSurface:Detailed,Surface 21,13,Vertex 1 Y-coordinate {m},4.654296,False,2779
138,BuildingSurface:Detailed,Surface 21,14,Vertex 1 Z-coordinate {m},3.048000,False,2780
138,BuildingSurface:Detailed,Surface 21,15,Vertex 2 X-coordinate {m},7.043928,False,2781
138,BuildingSurface:Detailed,Surface 21,16,Vertex 2 Y-coordinate {m},4.654296,False,2782
138,BuildingSurface:Detailed,Surface 21,17,Vertex 2 Z-coordinate {m},0.000000,False,2783
138,BuildingSurface:Detailed,Surface 21,18,Vertex 3 X-coordinate {m},7.043928,False,2784
138,BuildingSurface:Detailed,Surface 21,19,Vertex 3 Y-coordinate {m},2.734056,False,2785
138,BuildingSurface:Detailed,Surface 21,20,Vertex 3 Z-coordinate {m},0.000000,False,2786
138,BuildingSurface:Detailed,Surface 21,21,Vertex 4 X-coordinate {m},7.043928,False,2787
138,BuildingSurface:Detailed,Surface 21,22,Vertex 4 Y-coordinate {m},2.734056,False,2788
138,BuildingSurface:Detailed,Surface 21,23,Vertex 4 Z-coordinate {m},3.048000,False,2789
139,BuildingSurface:Detailed,Surface 22,1,Name,Surface 22,False,2792
139,BuildingSurface:Detailed,Surface 22,2,Surface Type,Ceiling,False,2793
139,BuildingSurface:Detailed,Surface 22,3,Construction Name,HIBO APC-1 Ceiling,False,2794
139,BuildingSurface:Detailed,Surface 22,4,Zone Name,Thermal Zone: Space 105 LAB A,False,2795
139,BuildingSurface:Detailed,Surface 22,5,Space Name,,True,2796
139,BuildingSurface:Detailed,Surface 22,6,Outside Boundary Condition,Surface,False,2797
139,BuildingSurface:Detailed,Surface 22,7,Outside Boundary Condition Object,Surface 47,False,2798
139,BuildingSurface:Detailed,Surface 22,8,Sun Exposure,NoSun,False,2799
139,BuildingSurface:Detailed,Surface 22,9,Wind Exposure,NoWind,False,2800
139,BuildingSurface:Detailed,Surface 22,10,View Factor to Ground,,True,2801
139,BuildingSurface:Detailed,Surface 22,11,Number of Vertices,4,False,2802
139,BuildingSurface:Detailed,Surface 22,12,Vertex 1 X-coordinate {m},7.043928,False,2803
139,BuildingSurface:Detailed,Surface 22,13,Vertex 1 Y-coordinate {m},4.654296,False,2804
139,BuildingSurface:Detailed,Surface 22,14,Vertex 1 Z-coordinate {m},3.048000,False,2805
139,BuildingSurface:Detailed,Surface 22,15,Vertex 2 X-coordinate {m},7.043928,False,2806
139,BuildingSurface:Detailed,Surface 22,16,Vertex 2 Y-coordinate {m},0.000000,False,2807
139,BuildingSurface:Detailed,Surface 22,17,Vertex 2 Z-coordinate {m},3.048000,False,2808
139,BuildingSurface:Detailed,Surface 22,18,Vertex 3 X-coordinate {m},11.000232,False,2809
139,BuildingSurface:Detailed,Surface 22,19,Vertex 3 Y-coordinate {m},0.000000,False,2810
139,BuildingSurface:Detailed,Surface 22,20,Vertex 3 Z-coordinate {m},3.048000,False,2811
139,BuildingSurface:Detailed,Surface 22,21,Vertex 4 X-coordinate {m},11.000232,False,2812
139,BuildingSurface:Detailed,Surface 22,22,Vertex 4 Y-coordinate {m},4.654296,False,2813
139,BuildingSurface:Detailed,Surface 22,23,Vertex 4 Z-coordinate {m},3.048000,False,2814
140,BuildingSurface:Detailed,Surface 66 Ext,1,Name,Surface 66 Ext,False,2817
140,BuildingSurface:Detailed,Surface 66 Ext,2,Surface Type,Wall,False,2818
140,BuildingSurface:Detailed,Surface 66 Ext,3,Construction Name,HIBO Metal Panel Exterior Wall,False,2819
140,BuildingSurface:Detailed,Surface 66 Ext,4,Zone Name,Thermal Zone: Space 105 LAB A,False,2820
140,BuildingSurface:Detailed,Surface 66 Ext,5,Space Name,,True,2821
140,BuildingSurface:Detailed,Surface 66 Ext,6,Outside Boundary Condition,Outdoors,False,2822
140,BuildingSurface:Detailed,Surface 66 Ext,7,Outside Boundary Condition Object,,True,2823
140,BuildingSurface:Detailed,Surface 66 Ext,8,Sun Exposure,SunExposed,False,2824
140,BuildingSurface:Detailed,Surface 66 Ext,9,Wind Exposure,WindExposed,False,2825
140,BuildingSurface:Detailed,Surface 66 Ext,10,View Factor to Ground,,True,2826
140,BuildingSurface:Detailed,Surface 66 Ext,11,Number of Vertices,4,False,2827
140,BuildingSurface:Detailed,Surface 66 Ext,12,Vertex 1 X-coordinate {m},7.043928,False,2828
140,BuildingSurface:Detailed,Surface 66 Ext,13,Vertex 1 Y-coordinate {m},0.000000,False,2829
140,BuildingSurface:Detailed,Surface 66 Ext,14,Vertex 1 Z-coordinate {m},3.048000,False,2830
140,BuildingSurface:Detailed,Surface 66 Ext,15,Vertex 2 X-coordinate {m},7.043928,False,2831
140,BuildingSurface:Detailed,Surface 66 Ext,16,Vertex 2 Y-coordinate {m},0.000000,False,2832
140,BuildingSurface:Detailed,Surface 66 Ext,17,Vertex 2 Z-coordinate {m},0.406400,False,2833
140,BuildingSurface:Detailed,Surface 66 Ext,18,Vertex 3 X-coordinate {m},11.000232,False,2834
140,BuildingSurface:Detailed,Surface 66 Ext,19,Vertex 3 Y-coordinate {m},0.000000,False,2835
140,BuildingSurface:Detailed,Surface 66 Ext,20,Vertex 3 Z-coordinate {m},0.406400,False,2836
140,BuildingSurface:Detailed,Surface 66 Ext,21,Vertex 4 X-coordinate {m},11.000232,False,2837
140,BuildingSurface:Detailed,Surface 66 Ext,22,Vertex 4 Y-coordinate {m},0.000000,False,2838
140,BuildingSurface:Detailed,Surface 66 Ext,23,Vertex 4 Z-coordinate {m},3.048000,False,2839
141,BuildingSurface:Detailed,Surface 69 Low CMU,1,Name,Surface 69 Low CMU,False,2842
141,BuildingSurface:Detailed,Surface 69 Low CMU,2,Surface Type,Wall,False,2843
141,BuildingSurface:Detailed,Surface 69 Low CMU,3,Construction Name,HIBO CMU Veneer Exterior Wall,False,2844
141,BuildingSurface:Detailed,Surface 69 Low CMU,4,Zone Name,Thermal Zone: Space 103 LAB B,False,2845
141,BuildingSurface:Detailed,Surface 69 Low CMU,5,Space Name,,True,2846
141,BuildingSurface:Detailed,Surface 69 Low CMU,6,Outside Boundary Condition,Outdoors,False,2847
141,BuildingSurface:Detailed,Surface 69 Low CMU,7,Outside Boundary Condition Object,,True,2848
141,BuildingSurface:Detailed,Surface 69 Low CMU,8,Sun Exposure,SunExposed,False,2849
141,BuildingSurface:Detailed,Surface 69 Low CMU,9,Wind Exposure,WindExposed,False,2850
141,BuildingSurface:Detailed,Surface 69 Low CMU,10,View Factor to Ground,,True,2851
141,BuildingSurface:Detailed,Surface 69 Low CMU,11,Number of Vertices,4,False,2852
141,BuildingSurface:Detailed,Surface 69 Low CMU,12,Vertex 1 X-coordinate {m},0.000000,False,2853
141,BuildingSurface:Detailed,Surface 69 Low CMU,13,Vertex 1 Y-coordinate {m},0.000000,False,2854
141,BuildingSurface:Detailed,Surface 69 Low CMU,14,Vertex 1 Z-coordinate {m},0.406400,False,2855
141,BuildingSurface:Detailed,Surface 69 Low CMU,15,Vertex 2 X-coordinate {m},0.000000,False,2856
141,BuildingSurface:Detailed,Surface 69 Low CMU,16,Vertex 2 Y-coordinate {m},0.000000,False,2857
141,BuildingSurface:Detailed,Surface 69 Low CMU,17,Vertex 2 Z-coordinate {m},0.000000,False,2858
141,BuildingSurface:Detailed,Surface 69 Low CMU,18,Vertex 3 X-coordinate {m},3.956304,False,2859
141,BuildingSurface:Detailed,Surface 69 Low CMU,19,Vertex 3 Y-coordinate {m},0.000000,False,2860
141,BuildingSurface:Detailed,Surface 69 Low CMU,20,Vertex 3 Z-coordinate {m},0.000000,False,2861
141,BuildingSurface:Detailed,Surface 69 Low CMU,21,Vertex 4 X-coordinate {m},3.956304,False,2862
141,BuildingSurface:Detailed,Surface 69 Low CMU,22,Vertex 4 Y-coordinate {m},0.000000,False,2863
141,BuildingSurface:Detailed,Surface 69 Low CMU,23,Vertex 4 Z-coordinate {m},0.406400,False,2864
142,BuildingSurface:Detailed,Surface 68 Low CMU,1,Name,Surface 68 Low CMU,False,2867
142,BuildingSurface:Detailed,Surface 68 Low CMU,2,Surface Type,Wall,False,2868
142,BuildingSurface:Detailed,Surface 68 Low CMU,3,Construction Name,HIBO CMU Veneer Exterior Wall,False,2869
142,BuildingSurface:Detailed,Surface 68 Low CMU,4,Zone Name,Thermal Zone: Space 102 - Plus,False,2870
142,BuildingSurface:Detailed,Surface 68 Low CMU,5,Space Name,,True,2871
142,BuildingSurface:Detailed,Surface 68 Low CMU,6,Outside Boundary Condition,Outdoors,False,2872
142,BuildingSurface:Detailed,Surface 68 Low CMU,7,Outside Boundary Condition Object,,True,2873
142,BuildingSurface:Detailed,Surface 68 Low CMU,8,Sun Exposure,SunExposed,False,2874
142,BuildingSurface:Detailed,Surface 68 Low CMU,9,Wind Exposure,WindExposed,False,2875
142,BuildingSurface:Detailed,Surface 68 Low CMU,10,View Factor to Ground,,True,2876
142,BuildingSurface:Detailed,Surface 68 Low CMU,11,Number of Vertices,4,False,2877
142,BuildingSurface:Detailed,Surface 68 Low CMU,12,Vertex 1 X-coordinate {m},3.956304,False,2878
142,BuildingSurface:Detailed,Surface 68 Low CMU,13,Vertex 1 Y-coordinate {m},0.000000,False,2879
142,BuildingSurface:Detailed,Surface 68 Low CMU,14,Vertex 1 Z-coordinate {m},0.406400,False,2880
142,BuildingSurface:Detailed,Surface 68 Low CMU,15,Vertex 2 X-coordinate {m},3.956304,False,2881
142,BuildingSurface:Detailed,Surface 68 Low CMU,16,Vertex 2 Y-coordinate {m},0.000000,False,2882
142,BuildingSurface:Detailed,Surface 68 Low CMU,17,Vertex 2 Z-coordinate {m},0.000000,False,2883
142,BuildingSurface:Detailed,Surface 68 Low CMU,18,Vertex 3 X-coordinate {m},7.043928,False,2884
142,BuildingSurface:Detailed,Surface 68 Low CMU,19,Vertex 3 Y-coordinate {m},0.000000,False,2885
142,BuildingSurface:Detailed,Surface 68 Low CMU,20,Vertex 3 Z-coordinate {m},0.000000,False,2886
142,BuildingSurface:Detailed,Surface 68 Low CMU,21,Vertex 4 X-coordinate {m},7.043928,False,2887
142,BuildingSurface:Detailed,Surface 68 Low CMU,22,Vertex 4 Y-coordinate {m},0.000000,False,2888
142,BuildingSurface:Detailed,Surface 68 Low CMU,23,Vertex 4 Z-coordinate {m},0.406400,False,2889
143,BuildingSurface:Detailed,Surface 66 Low CMU,1,Name,Surface 66 Low CMU,False,2892
143,BuildingSurface:Detailed,Surface 66 Low CMU,2,Surface Type,Wall,False,2893
143,BuildingSurface:Detailed,Surface 66 Low CMU,3,Construction Name,HIBO CMU Veneer Exterior Wall,False,2894
143,BuildingSurface:Detailed,Surface 66 Low CMU,4,Zone Name,Thermal Zone: Space 105 LAB A,False,2895
143,BuildingSurface:Detailed,Surface 66 Low CMU,5,Space Name,,True,2896
143,BuildingSurface:Detailed,Surface 66 Low CMU,6,Outside Boundary Condition,Outdoors,False,2897
143,BuildingSurface:Detailed,Surface 66 Low CMU,7,Outside Boundary Condition Object,,True,2898
143,BuildingSurface:Detailed,Surface 66 Low CMU,8,Sun Exposure,SunExposed,False,2899
143,BuildingSurface:Detailed,Surface 66 Low CMU,9,Wind Exposure,WindExposed,False,2900
143,BuildingSurface:Detailed,Surface 66 Low CMU,10,View Factor to Ground,,True,2901
143,BuildingSurface:Detailed,Surface 66 Low CMU,11,Number of Vertices,4,False,2902
143,BuildingSurface:Detailed,Surface 66 Low CMU,12,Vertex 1 X-coordinate {m},7.043928,False,2903
143,BuildingSurface:Detailed,Surface 66 Low CMU,13,Vertex 1 Y-coordinate {m},0.000000,False,2904
143,BuildingSurface:Detailed,Surface 66 Low CMU,14,Vertex 1 Z-coordinate {m},0.406400,False,2905
143,BuildingSurface:Detailed,Surface 66 Low CMU,15,Vertex 2 X-coordinate {m},7.043928,False,2906
143,BuildingSurface:Detailed,Surface 66 Low CMU,16,Vertex 2 Y-coordinate {m},0.000000,False,2907
143,BuildingSurface:Detailed,Surface 66 Low CMU,17,Vertex 2 Z-coordinate {m},0.000000,False,2908
143,BuildingSurface:Detailed,Surface 66 Low CMU,18,Vertex 3 X-coordinate {m},11.000232,False,2909
143,BuildingSurface:Detailed,Surface 66 Low CMU,19,Vertex 3 Y-coordinate {m},0.000000,False,2910
143,BuildingSurface:Detailed,Surface 66 Low CMU,20,Vertex 3 Z-coordinate {m},0.000000,False,2911
143,BuildingSurface:Detailed,Surface 66 Low CMU,21,Vertex 4 X-coordinate {m},11.000232,False,2912
143,BuildingSurface:Detailed,Surface 66 Low CMU,22,Vertex 4 Y-coordinate {m},0.000000,False,2913
143,BuildingSurface:Detailed,Surface 66 Low CMU,23,Vertex 4 Z-coordinate {m},0.406400,False,2914
144,BuildingSurface:Detailed,Surface 67 Ext,1,Name,Surface 67 Ext,False,2917
144,BuildingSurface:Detailed,Surface 67 Ext,2,Surface Type,Wall,False,2918
144,BuildingSurface:Detailed,Surface 67 Ext,3,Construction Name,HIBO Metal Panel Exterior Wall,False,2919
144,BuildingSurface:Detailed,Surface 67 Ext,4,Zone Name,Thermal Zone: Space 105 LAB A,False,2920
144,BuildingSurface:Detailed,Surface 67 Ext,5,Space Name,,True,2921
144,BuildingSurface:Detailed,Surface 67 Ext,6,Outside Boundary Condition,Outdoors,False,2922
144,BuildingSurface:Detailed,Surface 67 Ext,7,Outside Boundary Condition Object,,True,2923
144,BuildingSurface:Detailed,Surface 67 Ext,8,Sun Exposure,SunExposed,False,2924
144,BuildingSurface:Detailed,Surface 67 Ext,9,Wind Exposure,WindExposed,False,2925
144,BuildingSurface:Detailed,Surface 67 Ext,10,View Factor to Ground,,True,2926
144,BuildingSurface:Detailed,Surface 67 Ext,11,Number of Vertices,4,False,2927
144,BuildingSurface:Detailed,Surface 67 Ext,12,Vertex 1 X-coordinate {m},11.000232,False,2928
144,BuildingSurface:Detailed,Surface 67 Ext,13,Vertex 1 Y-coordinate {m},0.000000,False,2929
144,BuildingSurface:Detailed,Surface 67 Ext,14,Vertex 1 Z-coordinate {m},3.048000,False,2930
144,BuildingSurface:Detailed,Surface 67 Ext,15,Vertex 2 X-coordinate {m},11.000232,False,2931
144,BuildingSurface:Detailed,Surface 67 Ext,16,Vertex 2 Y-coordinate {m},0.000000,False,2932
144,BuildingSurface:Detailed,Surface 67 Ext,17,Vertex 2 Z-coordinate {m},0.000000,False,2933
144,BuildingSurface:Detailed,Surface 67 Ext,18,Vertex 3 X-coordinate {m},11.000232,False,2934
144,BuildingSurface:Detailed,Surface 67 Ext,19,Vertex 3 Y-coordinate {m},4.654296,False,2935
144,BuildingSurface:Detailed,Surface 67 Ext,20,Vertex 3 Z-coordinate {m},0.000000,False,2936
144,BuildingSurface:Detailed,Surface 67 Ext,21,Vertex 4 X-coordinate {m},11.000232,False,2937
144,BuildingSurface:Detailed,Surface 67 Ext,22,Vertex 4 Y-coordinate {m},4.654296,False,2938
144,BuildingSurface:Detailed,Surface 67 Ext,23,Vertex 4 Z-coordinate {m},3.048000,False,2939
145,BuildingSurface:Detailed,Surface 56A,1,Name,Surface 56A,False,2942
145,BuildingSurface:Detailed,Surface 56A,2,Surface Type,Roof,False,2943
145,BuildingSurface:Detailed,Surface 56A,3,Construction Name,HIBO EPDM Insulated Roof,False,2944
145,BuildingSurface:Detailed,Surface 56A,4,Zone Name,Thermal Zone: Plenum,False,2945
145,BuildingSurface:Detailed,Surface 56A,5,Space Name,,True,2946
145,BuildingSurface:Detailed,Surface 56A,6,Outside Boundary Condition,Outdoors,False,2947
145,BuildingSurface:Detailed,Surface 56A,7,Outside Boundary Condition Object,,True,2948
145,BuildingSurface:Detailed,Surface 56A,8,Sun Exposure,SunExposed,False,2949
145,BuildingSurface:Detailed,Surface 56A,9,Wind Exposure,WindExposed,False,2950
145,BuildingSurface:Detailed,Surface 56A,10,View Factor to Ground,,True,2951
145,BuildingSurface:Detailed,Surface 56A,11,Number of Vertices,4,False,2952
145,BuildingSurface:Detailed,Surface 56A,12,Vertex 1 X-coordinate {m},9.171432,False,2953
145,BuildingSurface:Detailed,Surface 56A,13,Vertex 1 Y-coordinate {m},6.912864,False,2954
145,BuildingSurface:Detailed,Surface 56A,14,Vertex 1 Z-coordinate {m},3.962400,False,2955
145,BuildingSurface:Detailed,Surface 56A,15,Vertex 2 X-coordinate {m},1.828800,False,2956
145,BuildingSurface:Detailed,Surface 56A,16,Vertex 2 Y-coordinate {m},6.912864,False,2957
145,BuildingSurface:Detailed,Surface 56A,17,Vertex 2 Z-coordinate {m},3.962400,False,2958
145,BuildingSurface:Detailed,Surface 56A,18,Vertex 3 X-coordinate {m},1.828800,False,2959
145,BuildingSurface:Detailed,Surface 56A,19,Vertex 3 Y-coordinate {m},4.654296,False,2960
145,BuildingSurface:Detailed,Surface 56A,20,Vertex 3 Z-coordinate {m},4.064000,False,2961
145,BuildingSurface:Detailed,Surface 56A,21,Vertex 4 X-coordinate {m},9.171432,False,2962
145,BuildingSurface:Detailed,Surface 56A,22,Vertex 4 Y-coordinate {m},4.654296,False,2963
145,BuildingSurface:Detailed,Surface 56A,23,Vertex 4 Z-coordinate {m},4.064000,False,2964
146,BuildingSurface:Detailed,Surface 56B,1,Name,Surface 56B,False,2967
146,BuildingSurface:Detailed,Surface 56B,2,Surface Type,Roof,False,2968
146,BuildingSurface:Detailed,Surface 56B,3,Construction Name,HIBO EPDM Insulated Roof,False,2969
146,BuildingSurface:Detailed,Surface 56B,4,Zone Name,Thermal Zone: Plenum,False,2970
146,BuildingSurface:Detailed,Surface 56B,5,Space Name,,True,2971
146,BuildingSurface:Detailed,Surface 56B,6,Outside Boundary Condition,Outdoors,False,2972
146,BuildingSurface:Detailed,Surface 56B,7,Outside Boundary Condition Object,,True,2973
146,BuildingSurface:Detailed,Surface 56B,8,Sun Exposure,SunExposed,False,2974
146,BuildingSurface:Detailed,Surface 56B,9,Wind Exposure,WindExposed,False,2975
146,BuildingSurface:Detailed,Surface 56B,10,View Factor to Ground,,True,2976
146,BuildingSurface:Detailed,Surface 56B,11,Number of Vertices,4,False,2977
146,BuildingSurface:Detailed,Surface 56B,12,Vertex 1 X-coordinate {m},0.000000,False,2978
146,BuildingSurface:Detailed,Surface 56B,13,Vertex 1 Y-coordinate {m},4.654296,False,2979
146,BuildingSurface:Detailed,Surface 56B,14,Vertex 1 Z-coordinate {m},4.521200,False,2980
146,BuildingSurface:Detailed,Surface 56B,15,Vertex 2 X-coordinate {m},0.000000,False,2981
146,BuildingSurface:Detailed,Surface 56B,16,Vertex 2 Y-coordinate {m},0.000000,False,2982
146,BuildingSurface:Detailed,Surface 56B,17,Vertex 2 Z-coordinate {m},4.724400,False,2983
146,BuildingSurface:Detailed,Surface 56B,18,Vertex 3 X-coordinate {m},11.000232,False,2984
146,BuildingSurface:Detailed,Surface 56B,19,Vertex 3 Y-coordinate {m},0.000000,False,2985
146,BuildingSurface:Detailed,Surface 56B,20,Vertex 3 Z-coordinate {m},4.724400,False,2986
146,BuildingSurface:Detailed,Surface 56B,21,Vertex 4 X-coordinate {m},11.000232,False,2987
146,BuildingSurface:Detailed,Surface 56B,22,Vertex 4 Y-coordinate {m},4.654296,False,2988
146,BuildingSurface:Detailed,Surface 56B,23,Vertex 4 Z-coordinate {m},4.521200,False,2989
147,BuildingSurface:Detailed,Surface 71,1,Name,Surface 71,False,2992
147,BuildingSurface:Detailed,Surface 71,2,Surface Type,Wall,False,2993
147,BuildingSurface:Detailed,Surface 71,3,Construction Name,HIBO Interior Partition SA.8.21,False,2994
147,BuildingSurface:Detailed,Surface 71,4,Zone Name,Thermal Zone: Space 103 LAB B,False,2995
147,BuildingSurface:Detailed,Surface 71,5,Space Name,,True,2996
147,BuildingSurface:Detailed,Surface 71,6,Outside Boundary Condition,Surface,False,2997
147,BuildingSurface:Detailed,Surface 71,7,Outside Boundary Condition Object,Surface 72,False,2998
147,BuildingSurface:Detailed,Surface 71,8,Sun Exposure,NoSun,False,2999
147,BuildingSurface:Detailed,Surface 71,9,Wind Exposure,NoWind,False,3000
147,BuildingSurface:Detailed,Surface 71,10,View Factor to Ground,,True,3001
147,BuildingSurface:Detailed,Surface 71,11,Number of Vertices,4,False,3002
147,BuildingSurface:Detailed,Surface 71,12,Vertex 1 X-coordinate {m},3.956304,False,3003
147,BuildingSurface:Detailed,Surface 71,13,Vertex 1 Y-coordinate {m},4.654296,False,3004
147,BuildingSurface:Detailed,Surface 71,14,Vertex 1 Z-coordinate {m},3.048000,False,3005
147,BuildingSurface:Detailed,Surface 71,15,Vertex 2 X-coordinate {m},3.956304,False,3006
147,BuildingSurface:Detailed,Surface 71,16,Vertex 2 Y-coordinate {m},4.654296,False,3007
147,BuildingSurface:Detailed,Surface 71,17,Vertex 2 Z-coordinate {m},2.743200,False,3008
147,BuildingSurface:Detailed,Surface 71,18,Vertex 3 X-coordinate {m},1.828800,False,3009
147,BuildingSurface:Detailed,Surface 71,19,Vertex 3 Y-coordinate {m},4.654296,False,3010
147,BuildingSurface:Detailed,Surface 71,20,Vertex 3 Z-coordinate {m},2.743200,False,3011
147,BuildingSurface:Detailed,Surface 71,21,Vertex 4 X-coordinate {m},1.828800,False,3012
147,BuildingSurface:Detailed,Surface 71,22,Vertex 4 Y-coordinate {m},4.654296,False,3013
147,BuildingSurface:Detailed,Surface 71,23,Vertex 4 Z-coordinate {m},3.048000,False,3014
148,BuildingSurface:Detailed,Surface 72,1,Name,Surface 72,False,3017
148,BuildingSurface:Detailed,Surface 72,2,Surface Type,Wall,False,3018
148,BuildingSurface:Detailed,Surface 72,3,Construction Name,HIBO Interior Partition SA.8.21,False,3019
148,BuildingSurface:Detailed,Surface 72,4,Zone Name,Thermal Zone: Plenum,False,3020
148,BuildingSurface:Detailed,Surface 72,5,Space Name,,True,3021
148,BuildingSurface:Detailed,Surface 72,6,Outside Boundary Condition,Surface,False,3022
148,BuildingSurface:Detailed,Surface 72,7,Outside Boundary Condition Object,Surface 71,False,3023
148,BuildingSurface:Detailed,Surface 72,8,Sun Exposure,NoSun,False,3024
148,BuildingSurface:Detailed,Surface 72,9,Wind Exposure,NoWind,False,3025
148,BuildingSurface:Detailed,Surface 72,10,View Factor to Ground,,True,3026
148,BuildingSurface:Detailed,Surface 72,11,Number of Vertices,4,False,3027
148,BuildingSurface:Detailed,Surface 72,12,Vertex 1 X-coordinate {m},1.828800,False,3028
148,BuildingSurface:Detailed,Surface 72,13,Vertex 1 Y-coordinate {m},4.654296,False,3029
148,BuildingSurface:Detailed,Surface 72,14,Vertex 1 Z-coordinate {m},3.048000,False,3030
148,BuildingSurface:Detailed,Surface 72,15,Vertex 2 X-coordinate {m},1.828800,False,3031
148,BuildingSurface:Detailed,Surface 72,16,Vertex 2 Y-coordinate {m},4.654296,False,3032
148,BuildingSurface:Detailed,Surface 72,17,Vertex 2 Z-coordinate {m},2.743200,False,3033
148,BuildingSurface:Detailed,Surface 72,18,Vertex 3 X-coordinate {m},3.956304,False,3034
148,BuildingSurface:Detailed,Surface 72,19,Vertex 3 Y-coordinate {m},4.654296,False,3035
148,BuildingSurface:Detailed,Surface 72,20,Vertex 3 Z-coordinate {m},2.743200,False,3036
148,BuildingSurface:Detailed,Surface 72,21,Vertex 4 X-coordinate {m},3.956304,False,3037
148,BuildingSurface:Detailed,Surface 72,22,Vertex 4 Y-coordinate {m},4.654296,False,3038
148,BuildingSurface:Detailed,Surface 72,23,Vertex 4 Z-coordinate {m},3.048000,False,3039
149,BuildingSurface:Detailed,Surface 73,1,Name,Surface 73,False,3042
149,BuildingSurface:Detailed,Surface 73,2,Surface Type,Wall,False,3043
149,BuildingSurface:Detailed,Surface 73,3,Construction Name,HIBO Interior Partition SA.6.20,False,3044
149,BuildingSurface:Detailed,Surface 73,4,Zone Name,Thermal Zone: Space 102 - Plus,False,3045
149,BuildingSurface:Detailed,Surface 73,5,Space Name,,True,3046
149,BuildingSurface:Detailed,Surface 73,6,Outside Boundary Condition,Surface,False,3047
149,BuildingSurface:Detailed,Surface 73,7,Outside Boundary Condition Object,Surface 74,False,3048
149,BuildingSurface:Detailed,Surface 73,8,Sun Exposure,NoSun,False,3049
149,BuildingSurface:Detailed,Surface 73,9,Wind Exposure,NoWind,False,3050
149,BuildingSurface:Detailed,Surface 73,10,View Factor to Ground,,True,3051
149,BuildingSurface:Detailed,Surface 73,11,Number of Vertices,4,False,3052
149,BuildingSurface:Detailed,Surface 73,12,Vertex 1 X-coordinate {m},4.532376,False,3053
149,BuildingSurface:Detailed,Surface 73,13,Vertex 1 Y-coordinate {m},4.654296,False,3054
149,BuildingSurface:Detailed,Surface 73,14,Vertex 1 Z-coordinate {m},3.048000,False,3055
149,BuildingSurface:Detailed,Surface 73,15,Vertex 2 X-coordinate {m},4.532376,False,3056
149,BuildingSurface:Detailed,Surface 73,16,Vertex 2 Y-coordinate {m},4.654296,False,3057
149,BuildingSurface:Detailed,Surface 73,17,Vertex 2 Z-coordinate {m},2.743200,False,3058
149,BuildingSurface:Detailed,Surface 73,18,Vertex 3 X-coordinate {m},3.956304,False,3059
149,BuildingSurface:Detailed,Surface 73,19,Vertex 3 Y-coordinate {m},4.654296,False,3060
149,BuildingSurface:Detailed,Surface 73,20,Vertex 3 Z-coordinate {m},2.743200,False,3061
149,BuildingSurface:Detailed,Surface 73,21,Vertex 4 X-coordinate {m},3.956304,False,3062
149,BuildingSurface:Detailed,Surface 73,22,Vertex 4 Y-coordinate {m},4.654296,False,3063
149,BuildingSurface:Detailed,Surface 73,23,Vertex 4 Z-coordinate {m},3.048000,False,3064
150,BuildingSurface:Detailed,Surface 74,1,Name,Surface 74,False,3067
150,BuildingSurface:Detailed,Surface 74,2,Surface Type,Wall,False,3068
150,BuildingSurface:Detailed,Surface 74,3,Construction Name,HIBO Interior Partition SA.6.20,False,3069
150,BuildingSurface:Detailed,Surface 74,4,Zone Name,Thermal Zone: Plenum,False,3070
150,BuildingSurface:Detailed,Surface 74,5,Space Name,,True,3071
150,BuildingSurface:Detailed,Surface 74,6,Outside Boundary Condition,Surface,False,3072
150,BuildingSurface:Detailed,Surface 74,7,Outside Boundary Condition Object,Surface 73,False,3073
150,BuildingSurface:Detailed,Surface 74,8,Sun Exposure,NoSun,False,3074
150,BuildingSurface:Detailed,Surface 74,9,Wind Exposure,NoWind,False,3075
150,BuildingSurface:Detailed,Surface 74,10,View Factor to Ground,,True,3076
150,BuildingSurface:Detailed,Surface 74,11,Number of Vertices,4,False,3077
150,BuildingSurface:Detailed,Surface 74,12,Vertex 1 X-coordinate {m},3.956304,False,3078
150,BuildingSurface:Detailed,Surface 74,13,Vertex 1 Y-coordinate {m},4.654296,False,3079
150,BuildingSurface:Detailed,Surface 74,14,Vertex 1 Z-coordinate {m},3.048000,False,3080
150,BuildingSurface:Detailed,Surface 74,15,Vertex 2 X-coordinate {m},3.956304,False,3081
150,BuildingSurface:Detailed,Surface 74,16,Vertex 2 Y-coordinate {m},4.654296,False,3082
150,BuildingSurface:Detailed,Surface 74,17,Vertex 2 Z-coordinate {m},2.743200,False,3083
150,BuildingSurface:Detailed,Surface 74,18,Vertex 3 X-coordinate {m},4.532376,False,3084
150,BuildingSurface:Detailed,Surface 74,19,Vertex 3 Y-coordinate {m},4.654296,False,3085
150,BuildingSurface:Detailed,Surface 74,20,Vertex 3 Z-coordinate {m},2.743200,False,3086
150,BuildingSurface:Detailed,Surface 74,21,Vertex 4 X-coordinate {m},4.532376,False,3087
150,BuildingSurface:Detailed,Surface 74,22,Vertex 4 Y-coordinate {m},4.654296,False,3088
150,BuildingSurface:Detailed,Surface 74,23,Vertex 4 Z-coordinate {m},3.048000,False,3089
151,BuildingSurface:Detailed,Surface 75,1,Name,Surface 75,False,3092
151,BuildingSurface:Detailed,Surface 75,2,Surface Type,Wall,False,3093
151,BuildingSurface:Detailed,Surface 75,3,Construction Name,HIBO Interior Partition SA.6.20,False,3094
151,BuildingSurface:Detailed,Surface 75,4,Zone Name,Thermal Zone: Space 102 - Plus,False,3095
151,BuildingSurface:Detailed,Surface 75,5,Space Name,,True,3096
151,BuildingSurface:Detailed,Surface 75,6,Outside Boundary Condition,Surface,False,3097
151,BuildingSurface:Detailed,Surface 75,7,Outside Boundary Condition Object,Surface 76,False,3098
151,BuildingSurface:Detailed,Surface 75,8,Sun Exposure,NoSun,False,3099
151,BuildingSurface:Detailed,Surface 75,9,Wind Exposure,NoWind,False,3100
151,BuildingSurface:Detailed,Surface 75,10,View Factor to Ground,,True,3101
151,BuildingSurface:Detailed,Surface 75,11,Number of Vertices,4,False,3102
151,BuildingSurface:Detailed,Surface 75,12,Vertex 1 X-coordinate {m},4.532376,False,3103
151,BuildingSurface:Detailed,Surface 75,13,Vertex 1 Y-coordinate {m},6.912864,False,3104
151,BuildingSurface:Detailed,Surface 75,14,Vertex 1 Z-coordinate {m},3.048000,False,3105
151,BuildingSurface:Detailed,Surface 75,15,Vertex 2 X-coordinate {m},4.532376,False,3106
151,BuildingSurface:Detailed,Surface 75,16,Vertex 2 Y-coordinate {m},6.912864,False,3107
151,BuildingSurface:Detailed,Surface 75,17,Vertex 2 Z-coordinate {m},2.743200,False,3108
151,BuildingSurface:Detailed,Surface 75,18,Vertex 3 X-coordinate {m},4.532376,False,3109
151,BuildingSurface:Detailed,Surface 75,19,Vertex 3 Y-coordinate {m},4.654296,False,3110
151,BuildingSurface:Detailed,Surface 75,20,Vertex 3 Z-coordinate {m},2.743200,False,3111
151,BuildingSurface:Detailed,Surface 75,21,Vertex 4 X-coordinate {m},4.532376,False,3112
151,BuildingSurface:Detailed,Surface 75,22,Vertex 4 Y-coordinate {m},4.654296,False,3113
151,BuildingSurface:Detailed,Surface 75,23,Vertex 4 Z-coordinate {m},3.048000,False,3114
152,BuildingSurface:Detailed,Surface 76,1,Name,Surface 76,False,3117
152,BuildingSurface:Detailed,Surface 76,2,Surface Type,Wall,False,3118
152,BuildingSurface:Detailed,Surface 76,3,Construction Name,HIBO Interior Partition SA.6.20,False,3119
152,BuildingSurface:Detailed,Surface 76,4,Zone Name,Thermal Zone: Plenum,False,3120
152,BuildingSurface:Detailed,Surface 76,5,Space Name,,True,3121
152,BuildingSurface:Detailed,Surface 76,6,Outside Boundary Condition,Surface,False,3122
152,BuildingSurface:Detailed,Surface 76,7,Outside Boundary Condition Object,Surface 75,False,3123
152,BuildingSurface:Detailed,Surface 76,8,Sun Exposure,NoSun,False,3124
152,BuildingSurface:Detailed,Surface 76,9,Wind Exposure,NoWind,False,3125
152,BuildingSurface:Detailed,Surface 76,10,View Factor to Ground,,True,3126
152,BuildingSurface:Detailed,Surface 76,11,Number of Vertices,4,False,3127
152,BuildingSurface:Detailed,Surface 76,12,Vertex 1 X-coordinate {m},4.532376,False,3128
152,BuildingSurface:Detailed,Surface 76,13,Vertex 1 Y-coordinate {m},4.654296,False,3129
152,BuildingSurface:Detailed,Surface 76,14,Vertex 1 Z-coordinate {m},3.048000,False,3130
152,BuildingSurface:Detailed,Surface 76,15,Vertex 2 X-coordinate {m},4.532376,False,3131
152,BuildingSurface:Detailed,Surface 76,16,Vertex 2 Y-coordinate {m},4.654296,False,3132
152,BuildingSurface:Detailed,Surface 76,17,Vertex 2 Z-coordinate {m},2.743200,False,3133
152,BuildingSurface:Detailed,Surface 76,18,Vertex 3 X-coordinate {m},4.532376,False,3134
152,BuildingSurface:Detailed,Surface 76,19,Vertex 3 Y-coordinate {m},6.912864,False,3135
152,BuildingSurface:Detailed,Surface 76,20,Vertex 3 Z-coordinate {m},2.743200,False,3136
152,BuildingSurface:Detailed,Surface 76,21,Vertex 4 X-coordinate {m},4.532376,False,3137
152,BuildingSurface:Detailed,Surface 76,22,Vertex 4 Y-coordinate {m},6.912864,False,3138
152,BuildingSurface:Detailed,Surface 76,23,Vertex 4 Z-coordinate {m},3.048000,False,3139
153,BuildingSurface:Detailed,Surface 77,1,Name,Surface 77,False,3142
153,BuildingSurface:Detailed,Surface 77,2,Surface Type,Wall,False,3143
153,BuildingSurface:Detailed,Surface 77,3,Construction Name,HIBO Metal Panel Exterior Wall,False,3144
153,BuildingSurface:Detailed,Surface 77,4,Zone Name,Thermal Zone: Plenum,False,3145
153,BuildingSurface:Detailed,Surface 77,5,Space Name,,True,3146
153,BuildingSurface:Detailed,Surface 77,6,Outside Boundary Condition,Outdoors,False,3147
153,BuildingSurface:Detailed,Surface 77,7,Outside Boundary Condition Object,,True,3148
153,BuildingSurface:Detailed,Surface 77,8,Sun Exposure,SunExposed,False,3149
153,BuildingSurface:Detailed,Surface 77,9,Wind Exposure,WindExposed,False,3150
153,BuildingSurface:Detailed,Surface 77,10,View Factor to Ground,,True,3151
153,BuildingSurface:Detailed,Surface 77,11,Number of Vertices,4,False,3152
153,BuildingSurface:Detailed,Surface 77,12,Vertex 1 X-coordinate {m},9.171432,False,3153
153,BuildingSurface:Detailed,Surface 77,13,Vertex 1 Y-coordinate {m},4.654296,False,3154
153,BuildingSurface:Detailed,Surface 77,14,Vertex 1 Z-coordinate {m},4.521200,False,3155
153,BuildingSurface:Detailed,Surface 77,15,Vertex 2 X-coordinate {m},9.171432,False,3156
153,BuildingSurface:Detailed,Surface 77,16,Vertex 2 Y-coordinate {m},4.654296,False,3157
153,BuildingSurface:Detailed,Surface 77,17,Vertex 2 Z-coordinate {m},4.064000,False,3158
153,BuildingSurface:Detailed,Surface 77,18,Vertex 3 X-coordinate {m},1.828800,False,3159
153,BuildingSurface:Detailed,Surface 77,19,Vertex 3 Y-coordinate {m},4.654296,False,3160
153,BuildingSurface:Detailed,Surface 77,20,Vertex 3 Z-coordinate {m},4.064000,False,3161
153,BuildingSurface:Detailed,Surface 77,21,Vertex 4 X-coordinate {m},1.828800,False,3162
153,BuildingSurface:Detailed,Surface 77,22,Vertex 4 Y-coordinate {m},4.654296,False,3163
153,BuildingSurface:Detailed,Surface 77,23,Vertex 4 Z-coordinate {m},4.521200,False,3164
154,BuildingSurface:Detailed,Surface 51B,1,Name,Surface 51B,False,3167
154,BuildingSurface:Detailed,Surface 51B,2,Surface Type,Wall,False,3168
154,BuildingSurface:Detailed,Surface 51B,3,Construction Name,HIBO CMU Veneer Exterior Wall,False,3169
154,BuildingSurface:Detailed,Surface 51B,4,Zone Name,Thermal Zone: Plenum,False,3170
154,BuildingSurface:Detailed,Surface 51B,5,Space Name,,True,3171
154,BuildingSurface:Detailed,Surface 51B,6,Outside Boundary Condition,Outdoors,False,3172
154,BuildingSurface:Detailed,Surface 51B,7,Outside Boundary Condition Object,,True,3173
154,BuildingSurface:Detailed,Surface 51B,8,Sun Exposure,SunExposed,False,3174
154,BuildingSurface:Detailed,Surface 51B,9,Wind Exposure,WindExposed,False,3175
154,BuildingSurface:Detailed,Surface 51B,10,View Factor to Ground,,True,3176
154,BuildingSurface:Detailed,Surface 51B,11,Number of Vertices,4,False,3177
154,BuildingSurface:Detailed,Surface 51B,12,Vertex 1 X-coordinate {m},9.171432,False,3178
154,BuildingSurface:Detailed,Surface 51B,13,Vertex 1 Y-coordinate {m},6.912864,False,3179
154,BuildingSurface:Detailed,Surface 51B,14,Vertex 1 Z-coordinate {m},3.962400,False,3180
154,BuildingSurface:Detailed,Surface 51B,15,Vertex 2 X-coordinate {m},9.171432,False,3181
154,BuildingSurface:Detailed,Surface 51B,16,Vertex 2 Y-coordinate {m},6.912864,False,3182
154,BuildingSurface:Detailed,Surface 51B,17,Vertex 2 Z-coordinate {m},3.048000,False,3183
154,BuildingSurface:Detailed,Surface 51B,18,Vertex 3 X-coordinate {m},4.532376,False,3184
154,BuildingSurface:Detailed,Surface 51B,19,Vertex 3 Y-coordinate {m},6.912864,False,3185
154,BuildingSurface:Detailed,Surface 51B,20,Vertex 3 Z-coordinate {m},3.048000,False,3186
154,BuildingSurface:Detailed,Surface 51B,21,Vertex 4 X-coordinate {m},4.532376,False,3187
154,BuildingSurface:Detailed,Surface 51B,22,Vertex 4 Y-coordinate {m},6.912864,False,3188
154,BuildingSurface:Detailed,Surface 51B,23,Vertex 4 Z-coordinate {m},3.962400,False,3189
155,FenestrationSurface:Detailed,HIBO CWC LabB Vision,1,Name,HIBO CWC LabB Vision,False,3195
155,FenestrationSurface:Detailed,HIBO CWC LabB Vision,2,Surface Type,Window,False,3196
155,FenestrationSurface:Detailed,HIBO CWC LabB Vision,3,Construction Name,EXT_Window_SN54,False,3197
155,FenestrationSurface:Detailed,HIBO CWC LabB Vision,4,Building Surface Name,Surface 69 Ext,False,3198
155,FenestrationSurface:Detailed,HIBO CWC LabB Vision,5,Outside Boundary Condition Object,,True,3199
155,FenestrationSurface:Detailed,HIBO CWC LabB Vision,6,View Factor to Ground,autocalculate,False,3200
155,FenestrationSurface:Detailed,HIBO CWC LabB Vision,7,Frame and Divider Name,HIBO CWC Vision Frame,False,3201
155,FenestrationSurface:Detailed,HIBO CWC LabB Vision,8,Multiplier,1,False,3202
155,FenestrationSurface:Detailed,HIBO CWC LabB Vision,9,Number of Vertices,4,False,3203
155,FenestrationSurface:Detailed,HIBO CWC LabB Vision,10,Vertex 1 X-coordinate {m},0.200152,False,3204
155,FenestrationSurface:Detailed,HIBO CWC LabB Vision,11,Vertex 1 Y-coordinate {m},0.000000,False,3205
155,FenestrationSurface:Detailed,HIBO CWC LabB Vision,12,Vertex 1 Z-coordinate {m},2.997200,False,3206
155,FenestrationSurface:Detailed,HIBO CWC LabB Vision,13,Vertex 2 X-coordinate {m},0.200152,False,3207
155,FenestrationSurface:Detailed,HIBO CWC LabB Vision,14,Vertex 2 Y-coordinate {m},0.000000,False,3208
155,FenestrationSurface:Detailed,HIBO CWC LabB Vision,15,Vertex 2 Z-coordinate {m},0.457200,False,3209
155,FenestrationSurface:Detailed,HIBO CWC LabB Vision,16,Vertex 3 X-coordinate {m},3.756152,False,3210
155,FenestrationSurface:Detailed,HIBO CWC LabB Vision,17,Vertex 3 Y-coordinate {m},0.000000,False,3211
155,FenestrationSurface:Detailed,HIBO CWC LabB Vision,18,Vertex 3 Z-coordinate {m},0.457200,False,3212
155,FenestrationSurface:Detailed,HIBO CWC LabB Vision,19,Vertex 4 X-coordinate {m},3.756152,False,3213
155,FenestrationSurface:Detailed,HIBO CWC LabB Vision,20,Vertex 4 Y-coordinate {m},0.000000,False,3214
155,FenestrationSurface:Detailed,HIBO CWC LabB Vision,21,Vertex 4 Z-coordinate {m},2.997200,False,3215
156,FenestrationSurface:Detailed,HIBO CWB Control Vision,1,Name,HIBO CWB Control Vision,False,3218
156,FenestrationSurface:Detailed,HIBO CWB Control Vision,2,Surface Type,Window,False,3219
156,FenestrationSurface:Detailed,HIBO CWB Control Vision,3,Construction Name,EXT_Window_SN54,False,3220
156,FenestrationSurface:Detailed,HIBO CWB Control Vision,4,Building Surface Name,Surface 68 Ext,False,3221
156,FenestrationSurface:Detailed,HIBO CWB Control Vision,5,Outside Boundary Condition Object,,True,3222
156,FenestrationSurface:Detailed,HIBO CWB Control Vision,6,View Factor to Ground,autocalculate,False,3223
156,FenestrationSurface:Detailed,HIBO CWB Control Vision,7,Frame and Divider Name,HIBO CWB Vision Frame,False,3224
156,FenestrationSurface:Detailed,HIBO CWB Control Vision,8,Multiplier,1,False,3225
156,FenestrationSurface:Detailed,HIBO CWB Control Vision,9,Number of Vertices,4,False,3226
156,FenestrationSurface:Detailed,HIBO CWB Control Vision,10,Vertex 1 X-coordinate {m},4.941316,False,3227
156,FenestrationSurface:Detailed,HIBO CWB Control Vision,11,Vertex 1 Y-coordinate {m},0.000000,False,3228
156,FenestrationSurface:Detailed,HIBO CWB Control Vision,12,Vertex 1 Z-coordinate {m},2.997200,False,3229
156,FenestrationSurface:Detailed,HIBO CWB Control Vision,13,Vertex 2 X-coordinate {m},4.941316,False,3230
156,FenestrationSurface:Detailed,HIBO CWB Control Vision,14,Vertex 2 Y-coordinate {m},0.000000,False,3231
156,FenestrationSurface:Detailed,HIBO CWB Control Vision,15,Vertex 2 Z-coordinate {m},0.457200,False,3232
156,FenestrationSurface:Detailed,HIBO CWB Control Vision,16,Vertex 3 X-coordinate {m},6.058916,False,3233
156,FenestrationSurface:Detailed,HIBO CWB Control Vision,17,Vertex 3 Y-coordinate {m},0.000000,False,3234
156,FenestrationSurface:Detailed,HIBO CWB Control Vision,18,Vertex 3 Z-coordinate {m},0.457200,False,3235
156,FenestrationSurface:Detailed,HIBO CWB Control Vision,19,Vertex 4 X-coordinate {m},6.058916,False,3236
156,FenestrationSurface:Detailed,HIBO CWB Control Vision,20,Vertex 4 Y-coordinate {m},0.000000,False,3237
156,FenestrationSurface:Detailed,HIBO CWB Control Vision,21,Vertex 4 Z-coordinate {m},2.997200,False,3238
157,FenestrationSurface:Detailed,HIBO CWC LabA Vision,1,Name,HIBO CWC LabA Vision,False,3241
157,FenestrationSurface:Detailed,HIBO CWC LabA Vision,2,Surface Type,Window,False,3242
157,FenestrationSurface:Detailed,HIBO CWC LabA Vision,3,Construction Name,EXT_Window_SN54,False,3243
157,FenestrationSurface:Detailed,HIBO CWC LabA Vision,4,Building Surface Name,Surface 66 Ext,False,3244
157,FenestrationSurface:Detailed,HIBO CWC LabA Vision,5,Outside Boundary Condition Object,,True,3245
157,FenestrationSurface:Detailed,HIBO CWC LabA Vision,6,View Factor to Ground,autocalculate,False,3246
157,FenestrationSurface:Detailed,HIBO CWC LabA Vision,7,Frame and Divider Name,HIBO CWC Vision Frame,False,3247
157,FenestrationSurface:Detailed,HIBO CWC LabA Vision,8,Multiplier,1,False,3248
157,FenestrationSurface:Detailed,HIBO CWC LabA Vision,9,Number of Vertices,4,False,3249
157,FenestrationSurface:Detailed,HIBO CWC LabA Vision,10,Vertex 1 X-coordinate {m},7.244080,False,3250
157,FenestrationSurface:Detailed,HIBO CWC LabA Vision,11,Vertex 1 Y-coordinate {m},0.000000,False,3251
157,FenestrationSurface:Detailed,HIBO CWC LabA Vision,12,Vertex 1 Z-coordinate {m},2.997200,False,3252
157,FenestrationSurface:Detailed,HIBO CWC LabA Vision,13,Vertex 2 X-coordinate {m},7.244080,False,3253
157,FenestrationSurface:Detailed,HIBO CWC LabA Vision,14,Vertex 2 Y-coordinate {m},0.000000,False,3254
157,FenestrationSurface:Detailed,HIBO CWC LabA Vision,15,Vertex 2 Z-coordinate {m},0.457200,False,3255
157,FenestrationSurface:Detailed,HIBO CWC LabA Vision,16,Vertex 3 X-coordinate {m},10.800080,False,3256
157,FenestrationSurface:Detailed,HIBO CWC LabA Vision,17,Vertex 3 Y-coordinate {m},0.000000,False,3257
157,FenestrationSurface:Detailed,HIBO CWC LabA Vision,18,Vertex 3 Z-coordinate {m},0.457200,False,3258
157,FenestrationSurface:Detailed,HIBO CWC LabA Vision,19,Vertex 4 X-coordinate {m},10.800080,False,3259
157,FenestrationSurface:Detailed,HIBO CWC LabA Vision,20,Vertex 4 Y-coordinate {m},0.000000,False,3260
157,FenestrationSurface:Detailed,HIBO CWC LabA Vision,21,Vertex 4 Z-coordinate {m},2.997200,False,3261
158,FenestrationSurface:Detailed,HIBO Door 103 Frame Top A,1,Name,HIBO Door 103 Frame Top A,False,3264
158,FenestrationSurface:Detailed,HIBO Door 103 Frame Top A,2,Surface Type,Door,False,3265
158,FenestrationSurface:Detailed,HIBO Door 103 Frame Top A,3,Construction Name,HIBO Metal Frame Strip,False,3266
158,FenestrationSurface:Detailed,HIBO Door 103 Frame Top A,4,Building Surface Name,Surface 5,False,3267
158,FenestrationSurface:Detailed,HIBO Door 103 Frame Top A,5,Outside Boundary Condition Object,HIBO Door 103 Frame Top B,False,3268
158,FenestrationSurface:Detailed,HIBO Door 103 Frame Top A,6,View Factor to Ground,autocalculate,False,3269
158,FenestrationSurface:Detailed,HIBO Door 103 Frame Top A,7,Frame and Divider Name,,True,3270
158,FenestrationSurface:Detailed,HIBO Door 103 Frame Top A,8,Multiplier,1,False,3271
158,FenestrationSurface:Detailed,HIBO Door 103 Frame Top A,9,Number of Vertices,4,False,3272
158,FenestrationSurface:Detailed,HIBO Door 103 Frame Top A,10,Vertex 1 X-coordinate {m},3.95630400,False,3273
158,FenestrationSurface:Detailed,HIBO Door 103 Frame Top A,11,Vertex 1 Y-coordinate {m},3.58749600,False,3274
158,FenestrationSurface:Detailed,HIBO Door 103 Frame Top A,12,Vertex 1 Z-coordinate {m},2.18440000,False,3275
158,FenestrationSurface:Detailed,HIBO Door 103 Frame Top A,13,Vertex 2 X-coordinate {m},3.95630400,False,3276
158,FenestrationSurface:Detailed,HIBO Door 103 Frame Top A,14,Vertex 2 Y-coordinate {m},3.58749600,False,3277
158,FenestrationSurface:Detailed,HIBO Door 103 Frame Top A,15,Vertex 2 Z-coordinate {m},2.13360000,False,3278
158,FenestrationSurface:Detailed,HIBO Door 103 Frame Top A,16,Vertex 3 X-coordinate {m},3.95630400,False,3279
158,FenestrationSurface:Detailed,HIBO Door 103 Frame Top A,17,Vertex 3 Y-coordinate {m},4.60349600,False,3280
158,FenestrationSurface:Detailed,HIBO Door 103 Frame Top A,18,Vertex 3 Z-coordinate {m},2.13360000,False,3281
158,FenestrationSurface:Detailed,HIBO Door 103 Frame Top A,19,Vertex 4 X-coordinate {m},3.95630400,False,3282
158,FenestrationSurface:Detailed,HIBO Door 103 Frame Top A,20,Vertex 4 Y-coordinate {m},4.60349600,False,3283
158,FenestrationSurface:Detailed,HIBO Door 103 Frame Top A,21,Vertex 4 Z-coordinate {m},2.18440000,False,3284
159,FenestrationSurface:Detailed,HIBO Door 103 Frame Top B,1,Name,HIBO Door 103 Frame Top B,False,3287
159,FenestrationSurface:Detailed,HIBO Door 103 Frame Top B,2,Surface Type,Door,False,3288
159,FenestrationSurface:Detailed,HIBO Door 103 Frame Top B,3,Construction Name,HIBO Metal Frame Strip,False,3289
159,FenestrationSurface:Detailed,HIBO Door 103 Frame Top B,4,Building Surface Name,Surface 29,False,3290
159,FenestrationSurface:Detailed,HIBO Door 103 Frame Top B,5,Outside Boundary Condition Object,HIBO Door 103 Frame Top A,False,3291
159,FenestrationSurface:Detailed,HIBO Door 103 Frame Top B,6,View Factor to Ground,autocalculate,False,3292
159,FenestrationSurface:Detailed,HIBO Door 103 Frame Top B,7,Frame and Divider Name,,True,3293
159,FenestrationSurface:Detailed,HIBO Door 103 Frame Top B,8,Multiplier,1,False,3294
159,FenestrationSurface:Detailed,HIBO Door 103 Frame Top B,9,Number of Vertices,4,False,3295
159,FenestrationSurface:Detailed,HIBO Door 103 Frame Top B,10,Vertex 1 X-coordinate {m},3.95630400,False,3296
159,FenestrationSurface:Detailed,HIBO Door 103 Frame Top B,11,Vertex 1 Y-coordinate {m},4.60349600,False,3297
159,FenestrationSurface:Detailed,HIBO Door 103 Frame Top B,12,Vertex 1 Z-coordinate {m},2.18440000,False,3298
159,FenestrationSurface:Detailed,HIBO Door 103 Frame Top B,13,Vertex 2 X-coordinate {m},3.95630400,False,3299
159,FenestrationSurface:Detailed,HIBO Door 103 Frame Top B,14,Vertex 2 Y-coordinate {m},4.60349600,False,3300
159,FenestrationSurface:Detailed,HIBO Door 103 Frame Top B,15,Vertex 2 Z-coordinate {m},2.13360000,False,3301
159,FenestrationSurface:Detailed,HIBO Door 103 Frame Top B,16,Vertex 3 X-coordinate {m},3.95630400,False,3302
159,FenestrationSurface:Detailed,HIBO Door 103 Frame Top B,17,Vertex 3 Y-coordinate {m},3.58749600,False,3303
159,FenestrationSurface:Detailed,HIBO Door 103 Frame Top B,18,Vertex 3 Z-coordinate {m},2.13360000,False,3304
159,FenestrationSurface:Detailed,HIBO Door 103 Frame Top B,19,Vertex 4 X-coordinate {m},3.95630400,False,3305
159,FenestrationSurface:Detailed,HIBO Door 103 Frame Top B,20,Vertex 4 Y-coordinate {m},3.58749600,False,3306
159,FenestrationSurface:Detailed,HIBO Door 103 Frame Top B,21,Vertex 4 Z-coordinate {m},2.18440000,False,3307
160,FenestrationSurface:Detailed,HIBO Door 103 Frame Left A,1,Name,HIBO Door 103 Frame Left A,False,3310
160,FenestrationSurface:Detailed,HIBO Door 103 Frame Left A,2,Surface Type,Door,False,3311
160,FenestrationSurface:Detailed,HIBO Door 103 Frame Left A,3,Construction Name,HIBO Metal Frame Strip,False,3312
160,FenestrationSurface:Detailed,HIBO Door 103 Frame Left A,4,Building Surface Name,Surface 5,False,3313
160,FenestrationSurface:Detailed,HIBO Door 103 Frame Left A,5,Outside Boundary Condition Object,HIBO Door 103 Frame Left B,False,3314
160,FenestrationSurface:Detailed,HIBO Door 103 Frame Left A,6,View Factor to Ground,autocalculate,False,3315
160,FenestrationSurface:Detailed,HIBO Door 103 Frame Left A,7,Frame and Divider Name,,True,3316
160,FenestrationSurface:Detailed,HIBO Door 103 Frame Left A,8,Multiplier,1,False,3317
160,FenestrationSurface:Detailed,HIBO Door 103 Frame Left A,9,Number of Vertices,4,False,3318
160,FenestrationSurface:Detailed,HIBO Door 103 Frame Left A,10,Vertex 1 X-coordinate {m},3.95630400,False,3319
160,FenestrationSurface:Detailed,HIBO Door 103 Frame Left A,11,Vertex 1 Y-coordinate {m},3.58749600,False,3320
160,FenestrationSurface:Detailed,HIBO Door 103 Frame Left A,12,Vertex 1 Z-coordinate {m},2.13360000,False,3321
160,FenestrationSurface:Detailed,HIBO Door 103 Frame Left A,13,Vertex 2 X-coordinate {m},3.95630400,False,3322
160,FenestrationSurface:Detailed,HIBO Door 103 Frame Left A,14,Vertex 2 Y-coordinate {m},3.58749600,False,3323
160,FenestrationSurface:Detailed,HIBO Door 103 Frame Left A,15,Vertex 2 Z-coordinate {m},0.00000000,False,3324
160,FenestrationSurface:Detailed,HIBO Door 103 Frame Left A,16,Vertex 3 X-coordinate {m},3.95630400,False,3325
160,FenestrationSurface:Detailed,HIBO Door 103 Frame Left A,17,Vertex 3 Y-coordinate {m},3.63829600,False,3326
160,FenestrationSurface:Detailed,HIBO Door 103 Frame Left A,18,Vertex 3 Z-coordinate {m},0.00000000,False,3327
160,FenestrationSurface:Detailed,HIBO Door 103 Frame Left A,19,Vertex 4 X-coordinate {m},3.95630400,False,3328
160,FenestrationSurface:Detailed,HIBO Door 103 Frame Left A,20,Vertex 4 Y-coordinate {m},3.63829600,False,3329
160,FenestrationSurface:Detailed,HIBO Door 103 Frame Left A,21,Vertex 4 Z-coordinate {m},2.13360000,False,3330
161,FenestrationSurface:Detailed,HIBO Door 103 Frame Left B,1,Name,HIBO Door 103 Frame Left B,False,3333
161,FenestrationSurface:Detailed,HIBO Door 103 Frame Left B,2,Surface Type,Door,False,3334
161,FenestrationSurface:Detailed,HIBO Door 103 Frame Left B,3,Construction Name,HIBO Metal Frame Strip,False,3335
161,FenestrationSurface:Detailed,HIBO Door 103 Frame Left B,4,Building Surface Name,Surface 29,False,3336
161,FenestrationSurface:Detailed,HIBO Door 103 Frame Left B,5,Outside Boundary Condition Object,HIBO Door 103 Frame Left A,False,3337
161,FenestrationSurface:Detailed,HIBO Door 103 Frame Left B,6,View Factor to Ground,autocalculate,False,3338
161,FenestrationSurface:Detailed,HIBO Door 103 Frame Left B,7,Frame and Divider Name,,True,3339
161,FenestrationSurface:Detailed,HIBO Door 103 Frame Left B,8,Multiplier,1,False,3340
161,FenestrationSurface:Detailed,HIBO Door 103 Frame Left B,9,Number of Vertices,4,False,3341
161,FenestrationSurface:Detailed,HIBO Door 103 Frame Left B,10,Vertex 1 X-coordinate {m},3.95630400,False,3342
161,FenestrationSurface:Detailed,HIBO Door 103 Frame Left B,11,Vertex 1 Y-coordinate {m},3.63829600,False,3343
161,FenestrationSurface:Detailed,HIBO Door 103 Frame Left B,12,Vertex 1 Z-coordinate {m},2.13360000,False,3344
161,FenestrationSurface:Detailed,HIBO Door 103 Frame Left B,13,Vertex 2 X-coordinate {m},3.95630400,False,3345
161,FenestrationSurface:Detailed,HIBO Door 103 Frame Left B,14,Vertex 2 Y-coordinate {m},3.63829600,False,3346
161,FenestrationSurface:Detailed,HIBO Door 103 Frame Left B,15,Vertex 2 Z-coordinate {m},0.00000000,False,3347
161,FenestrationSurface:Detailed,HIBO Door 103 Frame Left B,16,Vertex 3 X-coordinate {m},3.95630400,False,3348
161,FenestrationSurface:Detailed,HIBO Door 103 Frame Left B,17,Vertex 3 Y-coordinate {m},3.58749600,False,3349
161,FenestrationSurface:Detailed,HIBO Door 103 Frame Left B,18,Vertex 3 Z-coordinate {m},0.00000000,False,3350
161,FenestrationSurface:Detailed,HIBO Door 103 Frame Left B,19,Vertex 4 X-coordinate {m},3.95630400,False,3351
161,FenestrationSurface:Detailed,HIBO Door 103 Frame Left B,20,Vertex 4 Y-coordinate {m},3.58749600,False,3352
161,FenestrationSurface:Detailed,HIBO Door 103 Frame Left B,21,Vertex 4 Z-coordinate {m},2.13360000,False,3353
162,FenestrationSurface:Detailed,HIBO Door 103 Frame Right A,1,Name,HIBO Door 103 Frame Right A,False,3356
162,FenestrationSurface:Detailed,HIBO Door 103 Frame Right A,2,Surface Type,Door,False,3357
162,FenestrationSurface:Detailed,HIBO Door 103 Frame Right A,3,Construction Name,HIBO Metal Frame Strip,False,3358
162,FenestrationSurface:Detailed,HIBO Door 103 Frame Right A,4,Building Surface Name,Surface 5,False,3359
162,FenestrationSurface:Detailed,HIBO Door 103 Frame Right A,5,Outside Boundary Condition Object,HIBO Door 103 Frame Right B,False,3360
162,FenestrationSurface:Detailed,HIBO Door 103 Frame Right A,6,View Factor to Ground,autocalculate,False,3361
162,FenestrationSurface:Detailed,HIBO Door 103 Frame Right A,7,Frame and Divider Name,,True,3362
162,FenestrationSurface:Detailed,HIBO Door 103 Frame Right A,8,Multiplier,1,False,3363
162,FenestrationSurface:Detailed,HIBO Door 103 Frame Right A,9,Number of Vertices,4,False,3364
162,FenestrationSurface:Detailed,HIBO Door 103 Frame Right A,10,Vertex 1 X-coordinate {m},3.95630400,False,3365
162,FenestrationSurface:Detailed,HIBO Door 103 Frame Right A,11,Vertex 1 Y-coordinate {m},4.55269600,False,3366
162,FenestrationSurface:Detailed,HIBO Door 103 Frame Right A,12,Vertex 1 Z-coordinate {m},2.13360000,False,3367
162,FenestrationSurface:Detailed,HIBO Door 103 Frame Right A,13,Vertex 2 X-coordinate {m},3.95630400,False,3368
162,FenestrationSurface:Detailed,HIBO Door 103 Frame Right A,14,Vertex 2 Y-coordinate {m},4.55269600,False,3369
162,FenestrationSurface:Detailed,HIBO Door 103 Frame Right A,15,Vertex 2 Z-coordinate {m},0.00000000,False,3370
162,FenestrationSurface:Detailed,HIBO Door 103 Frame Right A,16,Vertex 3 X-coordinate {m},3.95630400,False,3371
162,FenestrationSurface:Detailed,HIBO Door 103 Frame Right A,17,Vertex 3 Y-coordinate {m},4.60349600,False,3372
162,FenestrationSurface:Detailed,HIBO Door 103 Frame Right A,18,Vertex 3 Z-coordinate {m},0.00000000,False,3373
162,FenestrationSurface:Detailed,HIBO Door 103 Frame Right A,19,Vertex 4 X-coordinate {m},3.95630400,False,3374
162,FenestrationSurface:Detailed,HIBO Door 103 Frame Right A,20,Vertex 4 Y-coordinate {m},4.60349600,False,3375
162,FenestrationSurface:Detailed,HIBO Door 103 Frame Right A,21,Vertex 4 Z-coordinate {m},2.13360000,False,3376
163,FenestrationSurface:Detailed,HIBO Door 103 Frame Right B,1,Name,HIBO Door 103 Frame Right B,False,3379
163,FenestrationSurface:Detailed,HIBO Door 103 Frame Right B,2,Surface Type,Door,False,3380
163,FenestrationSurface:Detailed,HIBO Door 103 Frame Right B,3,Construction Name,HIBO Metal Frame Strip,False,3381
163,FenestrationSurface:Detailed,HIBO Door 103 Frame Right B,4,Building Surface Name,Surface 29,False,3382
163,FenestrationSurface:Detailed,HIBO Door 103 Frame Right B,5,Outside Boundary Condition Object,HIBO Door 103 Frame Right A,False,3383
163,FenestrationSurface:Detailed,HIBO Door 103 Frame Right B,6,View Factor to Ground,autocalculate,False,3384
163,FenestrationSurface:Detailed,HIBO Door 103 Frame Right B,7,Frame and Divider Name,,True,3385
163,FenestrationSurface:Detailed,HIBO Door 103 Frame Right B,8,Multiplier,1,False,3386
163,FenestrationSurface:Detailed,HIBO Door 103 Frame Right B,9,Number of Vertices,4,False,3387
163,FenestrationSurface:Detailed,HIBO Door 103 Frame Right B,10,Vertex 1 X-coordinate {m},3.95630400,False,3388
163,FenestrationSurface:Detailed,HIBO Door 103 Frame Right B,11,Vertex 1 Y-coordinate {m},4.60349600,False,3389
163,FenestrationSurface:Detailed,HIBO Door 103 Frame Right B,12,Vertex 1 Z-coordinate {m},2.13360000,False,3390
163,FenestrationSurface:Detailed,HIBO Door 103 Frame Right B,13,Vertex 2 X-coordinate {m},3.95630400,False,3391
163,FenestrationSurface:Detailed,HIBO Door 103 Frame Right B,14,Vertex 2 Y-coordinate {m},4.60349600,False,3392
163,FenestrationSurface:Detailed,HIBO Door 103 Frame Right B,15,Vertex 2 Z-coordinate {m},0.00000000,False,3393
163,FenestrationSurface:Detailed,HIBO Door 103 Frame Right B,16,Vertex 3 X-coordinate {m},3.95630400,False,3394
163,FenestrationSurface:Detailed,HIBO Door 103 Frame Right B,17,Vertex 3 Y-coordinate {m},4.55269600,False,3395
163,FenestrationSurface:Detailed,HIBO Door 103 Frame Right B,18,Vertex 3 Z-coordinate {m},0.00000000,False,3396
163,FenestrationSurface:Detailed,HIBO Door 103 Frame Right B,19,Vertex 4 X-coordinate {m},3.95630400,False,3397
163,FenestrationSurface:Detailed,HIBO Door 103 Frame Right B,20,Vertex 4 Y-coordinate {m},4.55269600,False,3398
163,FenestrationSurface:Detailed,HIBO Door 103 Frame Right B,21,Vertex 4 Z-coordinate {m},2.13360000,False,3399
164,FenestrationSurface:Detailed,HIBO Door 103 Leaf Bottom A,1,Name,HIBO Door 103 Leaf Bottom A,False,3402
164,FenestrationSurface:Detailed,HIBO Door 103 Leaf Bottom A,2,Surface Type,Door,False,3403
164,FenestrationSurface:Detailed,HIBO Door 103 Leaf Bottom A,3,Construction Name,HIBO HM Door 1-3-4in,False,3404
164,FenestrationSurface:Detailed,HIBO Door 103 Leaf Bottom A,4,Building Surface Name,Surface 5,False,3405
164,FenestrationSurface:Detailed,HIBO Door 103 Leaf Bottom A,5,Outside Boundary Condition Object,HIBO Door 103 Leaf Bottom B,False,3406
164,FenestrationSurface:Detailed,HIBO Door 103 Leaf Bottom A,6,View Factor to Ground,autocalculate,False,3407
164,FenestrationSurface:Detailed,HIBO Door 103 Leaf Bottom A,7,Frame and Divider Name,,True,3408
164,FenestrationSurface:Detailed,HIBO Door 103 Leaf Bottom A,8,Multiplier,1,False,3409
164,FenestrationSurface:Detailed,HIBO Door 103 Leaf Bottom A,9,Number of Vertices,4,False,3410
164,FenestrationSurface:Detailed,HIBO Door 103 Leaf Bottom A,10,Vertex 1 X-coordinate {m},3.95630400,False,3411
164,FenestrationSurface:Detailed,HIBO Door 103 Leaf Bottom A,11,Vertex 1 Y-coordinate {m},3.63829600,False,3412
164,FenestrationSurface:Detailed,HIBO Door 103 Leaf Bottom A,12,Vertex 1 Z-coordinate {m},1.06680000,False,3413
164,FenestrationSurface:Detailed,HIBO Door 103 Leaf Bottom A,13,Vertex 2 X-coordinate {m},3.95630400,False,3414
164,FenestrationSurface:Detailed,HIBO Door 103 Leaf Bottom A,14,Vertex 2 Y-coordinate {m},3.63829600,False,3415
164,FenestrationSurface:Detailed,HIBO Door 103 Leaf Bottom A,15,Vertex 2 Z-coordinate {m},0.00000000,False,3416
164,FenestrationSurface:Detailed,HIBO Door 103 Leaf Bottom A,16,Vertex 3 X-coordinate {m},3.95630400,False,3417
164,FenestrationSurface:Detailed,HIBO Door 103 Leaf Bottom A,17,Vertex 3 Y-coordinate {m},4.55269600,False,3418
164,FenestrationSurface:Detailed,HIBO Door 103 Leaf Bottom A,18,Vertex 3 Z-coordinate {m},0.00000000,False,3419
164,FenestrationSurface:Detailed,HIBO Door 103 Leaf Bottom A,19,Vertex 4 X-coordinate {m},3.95630400,False,3420
164,FenestrationSurface:Detailed,HIBO Door 103 Leaf Bottom A,20,Vertex 4 Y-coordinate {m},4.55269600,False,3421
164,FenestrationSurface:Detailed,HIBO Door 103 Leaf Bottom A,21,Vertex 4 Z-coordinate {m},1.06680000,False,3422
165,FenestrationSurface:Detailed,HIBO Door 103 Leaf Bottom B,1,Name,HIBO Door 103 Leaf Bottom B,False,3425
165,FenestrationSurface:Detailed,HIBO Door 103 Leaf Bottom B,2,Surface Type,Door,False,3426
165,FenestrationSurface:Detailed,HIBO Door 103 Leaf Bottom B,3,Construction Name,HIBO HM Door 1-3-4in,False,3427
165,FenestrationSurface:Detailed,HIBO Door 103 Leaf Bottom B,4,Building Surface Name,Surface 29,False,3428
165,FenestrationSurface:Detailed,HIBO Door 103 Leaf Bottom B,5,Outside Boundary Condition Object,HIBO Door 103 Leaf Bottom A,False,3429
165,FenestrationSurface:Detailed,HIBO Door 103 Leaf Bottom B,6,View Factor to Ground,autocalculate,False,3430
165,FenestrationSurface:Detailed,HIBO Door 103 Leaf Bottom B,7,Frame and Divider Name,,True,3431
165,FenestrationSurface:Detailed,HIBO Door 103 Leaf Bottom B,8,Multiplier,1,False,3432
165,FenestrationSurface:Detailed,HIBO Door 103 Leaf Bottom B,9,Number of Vertices,4,False,3433
165,FenestrationSurface:Detailed,HIBO Door 103 Leaf Bottom B,10,Vertex 1 X-coordinate {m},3.95630400,False,3434
165,FenestrationSurface:Detailed,HIBO Door 103 Leaf Bottom B,11,Vertex 1 Y-coordinate {m},4.55269600,False,3435
165,FenestrationSurface:Detailed,HIBO Door 103 Leaf Bottom B,12,Vertex 1 Z-coordinate {m},1.06680000,False,3436
165,FenestrationSurface:Detailed,HIBO Door 103 Leaf Bottom B,13,Vertex 2 X-coordinate {m},3.95630400,False,3437
165,FenestrationSurface:Detailed,HIBO Door 103 Leaf Bottom B,14,Vertex 2 Y-coordinate {m},4.55269600,False,3438
165,FenestrationSurface:Detailed,HIBO Door 103 Leaf Bottom B,15,Vertex 2 Z-coordinate {m},0.00000000,False,3439
165,FenestrationSurface:Detailed,HIBO Door 103 Leaf Bottom B,16,Vertex 3 X-coordinate {m},3.95630400,False,3440
165,FenestrationSurface:Detailed,HIBO Door 103 Leaf Bottom B,17,Vertex 3 Y-coordinate {m},3.63829600,False,3441
165,FenestrationSurface:Detailed,HIBO Door 103 Leaf Bottom B,18,Vertex 3 Z-coordinate {m},0.00000000,False,3442
165,FenestrationSurface:Detailed,HIBO Door 103 Leaf Bottom B,19,Vertex 4 X-coordinate {m},3.95630400,False,3443
165,FenestrationSurface:Detailed,HIBO Door 103 Leaf Bottom B,20,Vertex 4 Y-coordinate {m},3.63829600,False,3444
165,FenestrationSurface:Detailed,HIBO Door 103 Leaf Bottom B,21,Vertex 4 Z-coordinate {m},1.06680000,False,3445
166,FenestrationSurface:Detailed,HIBO Door 103 Leaf Top A,1,Name,HIBO Door 103 Leaf Top A,False,3448
166,FenestrationSurface:Detailed,HIBO Door 103 Leaf Top A,2,Surface Type,Door,False,3449
166,FenestrationSurface:Detailed,HIBO Door 103 Leaf Top A,3,Construction Name,HIBO HM Door 1-3-4in,False,3450
166,FenestrationSurface:Detailed,HIBO Door 103 Leaf Top A,4,Building Surface Name,Surface 5,False,3451
166,FenestrationSurface:Detailed,HIBO Door 103 Leaf Top A,5,Outside Boundary Condition Object,HIBO Door 103 Leaf Top B,False,3452
166,FenestrationSurface:Detailed,HIBO Door 103 Leaf Top A,6,View Factor to Ground,autocalculate,False,3453
166,FenestrationSurface:Detailed,HIBO Door 103 Leaf Top A,7,Frame and Divider Name,,True,3454
166,FenestrationSurface:Detailed,HIBO Door 103 Leaf Top A,8,Multiplier,1,False,3455
166,FenestrationSurface:Detailed,HIBO Door 103 Leaf Top A,9,Number of Vertices,4,False,3456
166,FenestrationSurface:Detailed,HIBO Door 103 Leaf Top A,10,Vertex 1 X-coordinate {m},3.95630400,False,3457
166,FenestrationSurface:Detailed,HIBO Door 103 Leaf Top A,11,Vertex 1 Y-coordinate {m},3.63829600,False,3458
166,FenestrationSurface:Detailed,HIBO Door 103 Leaf Top A,12,Vertex 1 Z-coordinate {m},2.13360000,False,3459
166,FenestrationSurface:Detailed,HIBO Door 103 Leaf Top A,13,Vertex 2 X-coordinate {m},3.95630400,False,3460
166,FenestrationSurface:Detailed,HIBO Door 103 Leaf Top A,14,Vertex 2 Y-coordinate {m},3.63829600,False,3461
166,FenestrationSurface:Detailed,HIBO Door 103 Leaf Top A,15,Vertex 2 Z-coordinate {m},1.98120000,False,3462
166,FenestrationSurface:Detailed,HIBO Door 103 Leaf Top A,16,Vertex 3 X-coordinate {m},3.95630400,False,3463
166,FenestrationSurface:Detailed,HIBO Door 103 Leaf Top A,17,Vertex 3 Y-coordinate {m},4.55269600,False,3464
166,FenestrationSurface:Detailed,HIBO Door 103 Leaf Top A,18,Vertex 3 Z-coordinate {m},1.98120000,False,3465
166,FenestrationSurface:Detailed,HIBO Door 103 Leaf Top A,19,Vertex 4 X-coordinate {m},3.95630400,False,3466
166,FenestrationSurface:Detailed,HIBO Door 103 Leaf Top A,20,Vertex 4 Y-coordinate {m},4.55269600,False,3467
166,FenestrationSurface:Detailed,HIBO Door 103 Leaf Top A,21,Vertex 4 Z-coordinate {m},2.13360000,False,3468
167,FenestrationSurface:Detailed,HIBO Door 103 Leaf Top B,1,Name,HIBO Door 103 Leaf Top B,False,3471
167,FenestrationSurface:Detailed,HIBO Door 103 Leaf Top B,2,Surface Type,Door,False,3472
167,FenestrationSurface:Detailed,HIBO Door 103 Leaf Top B,3,Construction Name,HIBO HM Door 1-3-4in,False,3473
167,FenestrationSurface:Detailed,HIBO Door 103 Leaf Top B,4,Building Surface Name,Surface 29,False,3474
167,FenestrationSurface:Detailed,HIBO Door 103 Leaf Top B,5,Outside Boundary Condition Object,HIBO Door 103 Leaf Top A,False,3475
167,FenestrationSurface:Detailed,HIBO Door 103 Leaf Top B,6,View Factor to Ground,autocalculate,False,3476
167,FenestrationSurface:Detailed,HIBO Door 103 Leaf Top B,7,Frame and Divider Name,,True,3477
167,FenestrationSurface:Detailed,HIBO Door 103 Leaf Top B,8,Multiplier,1,False,3478
167,FenestrationSurface:Detailed,HIBO Door 103 Leaf Top B,9,Number of Vertices,4,False,3479
167,FenestrationSurface:Detailed,HIBO Door 103 Leaf Top B,10,Vertex 1 X-coordinate {m},3.95630400,False,3480
167,FenestrationSurface:Detailed,HIBO Door 103 Leaf Top B,11,Vertex 1 Y-coordinate {m},4.55269600,False,3481
167,FenestrationSurface:Detailed,HIBO Door 103 Leaf Top B,12,Vertex 1 Z-coordinate {m},2.13360000,False,3482
167,FenestrationSurface:Detailed,HIBO Door 103 Leaf Top B,13,Vertex 2 X-coordinate {m},3.95630400,False,3483
167,FenestrationSurface:Detailed,HIBO Door 103 Leaf Top B,14,Vertex 2 Y-coordinate {m},4.55269600,False,3484
167,FenestrationSurface:Detailed,HIBO Door 103 Leaf Top B,15,Vertex 2 Z-coordinate {m},1.98120000,False,3485
167,FenestrationSurface:Detailed,HIBO Door 103 Leaf Top B,16,Vertex 3 X-coordinate {m},3.95630400,False,3486
167,FenestrationSurface:Detailed,HIBO Door 103 Leaf Top B,17,Vertex 3 Y-coordinate {m},3.63829600,False,3487
167,FenestrationSurface:Detailed,HIBO Door 103 Leaf Top B,18,Vertex 3 Z-coordinate {m},1.98120000,False,3488
167,FenestrationSurface:Detailed,HIBO Door 103 Leaf Top B,19,Vertex 4 X-coordinate {m},3.95630400,False,3489
167,FenestrationSurface:Detailed,HIBO Door 103 Leaf Top B,20,Vertex 4 Y-coordinate {m},3.63829600,False,3490
167,FenestrationSurface:Detailed,HIBO Door 103 Leaf Top B,21,Vertex 4 Z-coordinate {m},2.13360000,False,3491
168,FenestrationSurface:Detailed,HIBO Door 103 Leaf Left A,1,Name,HIBO Door 103 Leaf Left A,False,3494
168,FenestrationSurface:Detailed,HIBO Door 103 Leaf Left A,2,Surface Type,Door,False,3495
168,FenestrationSurface:Detailed,HIBO Door 103 Leaf Left A,3,Construction Name,HIBO HM Door 1-3-4in,False,3496
168,FenestrationSurface:Detailed,HIBO Door 103 Leaf Left A,4,Building Surface Name,Surface 5,False,3497
168,FenestrationSurface:Detailed,HIBO Door 103 Leaf Left A,5,Outside Boundary Condition Object,HIBO Door 103 Leaf Left B,False,3498
168,FenestrationSurface:Detailed,HIBO Door 103 Leaf Left A,6,View Factor to Ground,autocalculate,False,3499
168,FenestrationSurface:Detailed,HIBO Door 103 Leaf Left A,7,Frame and Divider Name,,True,3500
168,FenestrationSurface:Detailed,HIBO Door 103 Leaf Left A,8,Multiplier,1,False,3501
168,FenestrationSurface:Detailed,HIBO Door 103 Leaf Left A,9,Number of Vertices,4,False,3502
168,FenestrationSurface:Detailed,HIBO Door 103 Leaf Left A,10,Vertex 1 X-coordinate {m},3.95630400,False,3503
168,FenestrationSurface:Detailed,HIBO Door 103 Leaf Left A,11,Vertex 1 Y-coordinate {m},3.63829600,False,3504
168,FenestrationSurface:Detailed,HIBO Door 103 Leaf Left A,12,Vertex 1 Z-coordinate {m},1.98120000,False,3505
168,FenestrationSurface:Detailed,HIBO Door 103 Leaf Left A,13,Vertex 2 X-coordinate {m},3.95630400,False,3506
168,FenestrationSurface:Detailed,HIBO Door 103 Leaf Left A,14,Vertex 2 Y-coordinate {m},3.63829600,False,3507
168,FenestrationSurface:Detailed,HIBO Door 103 Leaf Left A,15,Vertex 2 Z-coordinate {m},1.06680000,False,3508
168,FenestrationSurface:Detailed,HIBO Door 103 Leaf Left A,16,Vertex 3 X-coordinate {m},3.95630400,False,3509
168,FenestrationSurface:Detailed,HIBO Door 103 Leaf Left A,17,Vertex 3 Y-coordinate {m},3.79069600,False,3510
168,FenestrationSurface:Detailed,HIBO Door 103 Leaf Left A,18,Vertex 3 Z-coordinate {m},1.06680000,False,3511
168,FenestrationSurface:Detailed,HIBO Door 103 Leaf Left A,19,Vertex 4 X-coordinate {m},3.95630400,False,3512
168,FenestrationSurface:Detailed,HIBO Door 103 Leaf Left A,20,Vertex 4 Y-coordinate {m},3.79069600,False,3513
168,FenestrationSurface:Detailed,HIBO Door 103 Leaf Left A,21,Vertex 4 Z-coordinate {m},1.98120000,False,3514
169,FenestrationSurface:Detailed,HIBO Door 103 Leaf Left B,1,Name,HIBO Door 103 Leaf Left B,False,3517
169,FenestrationSurface:Detailed,HIBO Door 103 Leaf Left B,2,Surface Type,Door,False,3518
169,FenestrationSurface:Detailed,HIBO Door 103 Leaf Left B,3,Construction Name,HIBO HM Door 1-3-4in,False,3519
169,FenestrationSurface:Detailed,HIBO Door 103 Leaf Left B,4,Building Surface Name,Surface 29,False,3520
169,FenestrationSurface:Detailed,HIBO Door 103 Leaf Left B,5,Outside Boundary Condition Object,HIBO Door 103 Leaf Left A,False,3521
169,FenestrationSurface:Detailed,HIBO Door 103 Leaf Left B,6,View Factor to Ground,autocalculate,False,3522
169,FenestrationSurface:Detailed,HIBO Door 103 Leaf Left B,7,Frame and Divider Name,,True,3523
169,FenestrationSurface:Detailed,HIBO Door 103 Leaf Left B,8,Multiplier,1,False,3524
169,FenestrationSurface:Detailed,HIBO Door 103 Leaf Left B,9,Number of Vertices,4,False,3525
169,FenestrationSurface:Detailed,HIBO Door 103 Leaf Left B,10,Vertex 1 X-coordinate {m},3.95630400,False,3526
169,FenestrationSurface:Detailed,HIBO Door 103 Leaf Left B,11,Vertex 1 Y-coordinate {m},3.79069600,False,3527
169,FenestrationSurface:Detailed,HIBO Door 103 Leaf Left B,12,Vertex 1 Z-coordinate {m},1.98120000,False,3528
169,FenestrationSurface:Detailed,HIBO Door 103 Leaf Left B,13,Vertex 2 X-coordinate {m},3.95630400,False,3529
169,FenestrationSurface:Detailed,HIBO Door 103 Leaf Left B,14,Vertex 2 Y-coordinate {m},3.79069600,False,3530
169,FenestrationSurface:Detailed,HIBO Door 103 Leaf Left B,15,Vertex 2 Z-coordinate {m},1.06680000,False,3531
169,FenestrationSurface:Detailed,HIBO Door 103 Leaf Left B,16,Vertex 3 X-coordinate {m},3.95630400,False,3532
169,FenestrationSurface:Detailed,HIBO Door 103 Leaf Left B,17,Vertex 3 Y-coordinate {m},3.63829600,False,3533
169,FenestrationSurface:Detailed,HIBO Door 103 Leaf Left B,18,Vertex 3 Z-coordinate {m},1.06680000,False,3534
169,FenestrationSurface:Detailed,HIBO Door 103 Leaf Left B,19,Vertex 4 X-coordinate {m},3.95630400,False,3535
169,FenestrationSurface:Detailed,HIBO Door 103 Leaf Left B,20,Vertex 4 Y-coordinate {m},3.63829600,False,3536
169,FenestrationSurface:Detailed,HIBO Door 103 Leaf Left B,21,Vertex 4 Z-coordinate {m},1.98120000,False,3537
170,FenestrationSurface:Detailed,HIBO Door 103 Leaf Right A,1,Name,HIBO Door 103 Leaf Right A,False,3540
170,FenestrationSurface:Detailed,HIBO Door 103 Leaf Right A,2,Surface Type,Door,False,3541
170,FenestrationSurface:Detailed,HIBO Door 103 Leaf Right A,3,Construction Name,HIBO HM Door 1-3-4in,False,3542
170,FenestrationSurface:Detailed,HIBO Door 103 Leaf Right A,4,Building Surface Name,Surface 5,False,3543
170,FenestrationSurface:Detailed,HIBO Door 103 Leaf Right A,5,Outside Boundary Condition Object,HIBO Door 103 Leaf Right B,False,3544
170,FenestrationSurface:Detailed,HIBO Door 103 Leaf Right A,6,View Factor to Ground,autocalculate,False,3545
170,FenestrationSurface:Detailed,HIBO Door 103 Leaf Right A,7,Frame and Divider Name,,True,3546
170,FenestrationSurface:Detailed,HIBO Door 103 Leaf Right A,8,Multiplier,1,False,3547
170,FenestrationSurface:Detailed,HIBO Door 103 Leaf Right A,9,Number of Vertices,4,False,3548
170,FenestrationSurface:Detailed,HIBO Door 103 Leaf Right A,10,Vertex 1 X-coordinate {m},3.95630400,False,3549
170,FenestrationSurface:Detailed,HIBO Door 103 Leaf Right A,11,Vertex 1 Y-coordinate {m},4.40029600,False,3550
170,FenestrationSurface:Detailed,HIBO Door 103 Leaf Right A,12,Vertex 1 Z-coordinate {m},1.98120000,False,3551
170,FenestrationSurface:Detailed,HIBO Door 103 Leaf Right A,13,Vertex 2 X-coordinate {m},3.95630400,False,3552
170,FenestrationSurface:Detailed,HIBO Door 103 Leaf Right A,14,Vertex 2 Y-coordinate {m},4.40029600,False,3553
170,FenestrationSurface:Detailed,HIBO Door 103 Leaf Right A,15,Vertex 2 Z-coordinate {m},1.06680000,False,3554
170,FenestrationSurface:Detailed,HIBO Door 103 Leaf Right A,16,Vertex 3 X-coordinate {m},3.95630400,False,3555
170,FenestrationSurface:Detailed,HIBO Door 103 Leaf Right A,17,Vertex 3 Y-coordinate {m},4.55269600,False,3556
170,FenestrationSurface:Detailed,HIBO Door 103 Leaf Right A,18,Vertex 3 Z-coordinate {m},1.06680000,False,3557
170,FenestrationSurface:Detailed,HIBO Door 103 Leaf Right A,19,Vertex 4 X-coordinate {m},3.95630400,False,3558
170,FenestrationSurface:Detailed,HIBO Door 103 Leaf Right A,20,Vertex 4 Y-coordinate {m},4.55269600,False,3559
170,FenestrationSurface:Detailed,HIBO Door 103 Leaf Right A,21,Vertex 4 Z-coordinate {m},1.98120000,False,3560
171,FenestrationSurface:Detailed,HIBO Door 103 Leaf Right B,1,Name,HIBO Door 103 Leaf Right B,False,3563
171,FenestrationSurface:Detailed,HIBO Door 103 Leaf Right B,2,Surface Type,Door,False,3564
171,FenestrationSurface:Detailed,HIBO Door 103 Leaf Right B,3,Construction Name,HIBO HM Door 1-3-4in,False,3565
171,FenestrationSurface:Detailed,HIBO Door 103 Leaf Right B,4,Building Surface Name,Surface 29,False,3566
171,FenestrationSurface:Detailed,HIBO Door 103 Leaf Right B,5,Outside Boundary Condition Object,HIBO Door 103 Leaf Right A,False,3567
171,FenestrationSurface:Detailed,HIBO Door 103 Leaf Right B,6,View Factor to Ground,autocalculate,False,3568
171,FenestrationSurface:Detailed,HIBO Door 103 Leaf Right B,7,Frame and Divider Name,,True,3569
171,FenestrationSurface:Detailed,HIBO Door 103 Leaf Right B,8,Multiplier,1,False,3570
171,FenestrationSurface:Detailed,HIBO Door 103 Leaf Right B,9,Number of Vertices,4,False,3571
171,FenestrationSurface:Detailed,HIBO Door 103 Leaf Right B,10,Vertex 1 X-coordinate {m},3.95630400,False,3572
171,FenestrationSurface:Detailed,HIBO Door 103 Leaf Right B,11,Vertex 1 Y-coordinate {m},4.55269600,False,3573
171,FenestrationSurface:Detailed,HIBO Door 103 Leaf Right B,12,Vertex 1 Z-coordinate {m},1.98120000,False,3574
171,FenestrationSurface:Detailed,HIBO Door 103 Leaf Right B,13,Vertex 2 X-coordinate {m},3.95630400,False,3575
171,FenestrationSurface:Detailed,HIBO Door 103 Leaf Right B,14,Vertex 2 Y-coordinate {m},4.55269600,False,3576
171,FenestrationSurface:Detailed,HIBO Door 103 Leaf Right B,15,Vertex 2 Z-coordinate {m},1.06680000,False,3577
171,FenestrationSurface:Detailed,HIBO Door 103 Leaf Right B,16,Vertex 3 X-coordinate {m},3.95630400,False,3578
171,FenestrationSurface:Detailed,HIBO Door 103 Leaf Right B,17,Vertex 3 Y-coordinate {m},4.40029600,False,3579
171,FenestrationSurface:Detailed,HIBO Door 103 Leaf Right B,18,Vertex 3 Z-coordinate {m},1.06680000,False,3580
171,FenestrationSurface:Detailed,HIBO Door 103 Leaf Right B,19,Vertex 4 X-coordinate {m},3.95630400,False,3581
171,FenestrationSurface:Detailed,HIBO Door 103 Leaf Right B,20,Vertex 4 Y-coordinate {m},4.40029600,False,3582
171,FenestrationSurface:Detailed,HIBO Door 103 Leaf Right B,21,Vertex 4 Z-coordinate {m},1.98120000,False,3583
172,FenestrationSurface:Detailed,HIBO Door 103 CTG Lite A,1,Name,HIBO Door 103 CTG Lite A,False,3586
172,FenestrationSurface:Detailed,HIBO Door 103 CTG Lite A,2,Surface Type,Window,False,3587
172,FenestrationSurface:Detailed,HIBO Door 103 CTG Lite A,3,Construction Name,HIBO Interior CTG,False,3588
172,FenestrationSurface:Detailed,HIBO Door 103 CTG Lite A,4,Building Surface Name,Surface 5,False,3589
172,FenestrationSurface:Detailed,HIBO Door 103 CTG Lite A,5,Outside Boundary Condition Object,HIBO Door 103 CTG Lite B,False,3590
172,FenestrationSurface:Detailed,HIBO Door 103 CTG Lite A,6,View Factor to Ground,autocalculate,False,3591
172,FenestrationSurface:Detailed,HIBO Door 103 CTG Lite A,7,Frame and Divider Name,,True,3592
172,FenestrationSurface:Detailed,HIBO Door 103 CTG Lite A,8,Multiplier,1,False,3593
172,FenestrationSurface:Detailed,HIBO Door 103 CTG Lite A,9,Number of Vertices,4,False,3594
172,FenestrationSurface:Detailed,HIBO Door 103 CTG Lite A,10,Vertex 1 X-coordinate {m},3.95630400,False,3595
172,FenestrationSurface:Detailed,HIBO Door 103 CTG Lite A,11,Vertex 1 Y-coordinate {m},3.79069600,False,3596
172,FenestrationSurface:Detailed,HIBO Door 103 CTG Lite A,12,Vertex 1 Z-coordinate {m},1.98120000,False,3597
172,FenestrationSurface:Detailed,HIBO Door 103 CTG Lite A,13,Vertex 2 X-coordinate {m},3.95630400,False,3598
172,FenestrationSurface:Detailed,HIBO Door 103 CTG Lite A,14,Vertex 2 Y-coordinate {m},3.79069600,False,3599
172,FenestrationSurface:Detailed,HIBO Door 103 CTG Lite A,15,Vertex 2 Z-coordinate {m},1.06680000,False,3600
172,FenestrationSurface:Detailed,HIBO Door 103 CTG Lite A,16,Vertex 3 X-coordinate {m},3.95630400,False,3601
172,FenestrationSurface:Detailed,HIBO Door 103 CTG Lite A,17,Vertex 3 Y-coordinate {m},4.40029600,False,3602
172,FenestrationSurface:Detailed,HIBO Door 103 CTG Lite A,18,Vertex 3 Z-coordinate {m},1.06680000,False,3603
172,FenestrationSurface:Detailed,HIBO Door 103 CTG Lite A,19,Vertex 4 X-coordinate {m},3.95630400,False,3604
172,FenestrationSurface:Detailed,HIBO Door 103 CTG Lite A,20,Vertex 4 Y-coordinate {m},4.40029600,False,3605
172,FenestrationSurface:Detailed,HIBO Door 103 CTG Lite A,21,Vertex 4 Z-coordinate {m},1.98120000,False,3606
173,FenestrationSurface:Detailed,HIBO Door 103 CTG Lite B,1,Name,HIBO Door 103 CTG Lite B,False,3609
173,FenestrationSurface:Detailed,HIBO Door 103 CTG Lite B,2,Surface Type,Window,False,3610
173,FenestrationSurface:Detailed,HIBO Door 103 CTG Lite B,3,Construction Name,HIBO Interior CTG,False,3611
173,FenestrationSurface:Detailed,HIBO Door 103 CTG Lite B,4,Building Surface Name,Surface 29,False,3612
173,FenestrationSurface:Detailed,HIBO Door 103 CTG Lite B,5,Outside Boundary Condition Object,HIBO Door 103 CTG Lite A,False,3613
173,FenestrationSurface:Detailed,HIBO Door 103 CTG Lite B,6,View Factor to Ground,autocalculate,False,3614
173,FenestrationSurface:Detailed,HIBO Door 103 CTG Lite B,7,Frame and Divider Name,,True,3615
173,FenestrationSurface:Detailed,HIBO Door 103 CTG Lite B,8,Multiplier,1,False,3616
173,FenestrationSurface:Detailed,HIBO Door 103 CTG Lite B,9,Number of Vertices,4,False,3617
173,FenestrationSurface:Detailed,HIBO Door 103 CTG Lite B,10,Vertex 1 X-coordinate {m},3.95630400,False,3618
173,FenestrationSurface:Detailed,HIBO Door 103 CTG Lite B,11,Vertex 1 Y-coordinate {m},4.40029600,False,3619
173,FenestrationSurface:Detailed,HIBO Door 103 CTG Lite B,12,Vertex 1 Z-coordinate {m},1.98120000,False,3620
173,FenestrationSurface:Detailed,HIBO Door 103 CTG Lite B,13,Vertex 2 X-coordinate {m},3.95630400,False,3621
173,FenestrationSurface:Detailed,HIBO Door 103 CTG Lite B,14,Vertex 2 Y-coordinate {m},4.40029600,False,3622
173,FenestrationSurface:Detailed,HIBO Door 103 CTG Lite B,15,Vertex 2 Z-coordinate {m},1.06680000,False,3623
173,FenestrationSurface:Detailed,HIBO Door 103 CTG Lite B,16,Vertex 3 X-coordinate {m},3.95630400,False,3624
173,FenestrationSurface:Detailed,HIBO Door 103 CTG Lite B,17,Vertex 3 Y-coordinate {m},3.79069600,False,3625
173,FenestrationSurface:Detailed,HIBO Door 103 CTG Lite B,18,Vertex 3 Z-coordinate {m},1.06680000,False,3626
173,FenestrationSurface:Detailed,HIBO Door 103 CTG Lite B,19,Vertex 4 X-coordinate {m},3.95630400,False,3627
173,FenestrationSurface:Detailed,HIBO Door 103 CTG Lite B,20,Vertex 4 Y-coordinate {m},3.79069600,False,3628
173,FenestrationSurface:Detailed,HIBO Door 103 CTG Lite B,21,Vertex 4 Z-coordinate {m},1.98120000,False,3629
174,FenestrationSurface:Detailed,HIBO Door 105 Frame Top A,1,Name,HIBO Door 105 Frame Top A,False,3632
174,FenestrationSurface:Detailed,HIBO Door 105 Frame Top A,2,Surface Type,Door,False,3633
174,FenestrationSurface:Detailed,HIBO Door 105 Frame Top A,3,Construction Name,HIBO Metal Frame Strip,False,3634
174,FenestrationSurface:Detailed,HIBO Door 105 Frame Top A,4,Building Surface Name,Surface 21,False,3635
174,FenestrationSurface:Detailed,HIBO Door 105 Frame Top A,5,Outside Boundary Condition Object,HIBO Door 105 Frame Top B,False,3636
174,FenestrationSurface:Detailed,HIBO Door 105 Frame Top A,6,View Factor to Ground,autocalculate,False,3637
174,FenestrationSurface:Detailed,HIBO Door 105 Frame Top A,7,Frame and Divider Name,,True,3638
174,FenestrationSurface:Detailed,HIBO Door 105 Frame Top A,8,Multiplier,1,False,3639
174,FenestrationSurface:Detailed,HIBO Door 105 Frame Top A,9,Number of Vertices,4,False,3640
174,FenestrationSurface:Detailed,HIBO Door 105 Frame Top A,10,Vertex 1 X-coordinate {m},7.04392800,False,3641
174,FenestrationSurface:Detailed,HIBO Door 105 Frame Top A,11,Vertex 1 Y-coordinate {m},4.60349600,False,3642
174,FenestrationSurface:Detailed,HIBO Door 105 Frame Top A,12,Vertex 1 Z-coordinate {m},2.18440000,False,3643
174,FenestrationSurface:Detailed,HIBO Door 105 Frame Top A,13,Vertex 2 X-coordinate {m},7.04392800,False,3644
174,FenestrationSurface:Detailed,HIBO Door 105 Frame Top A,14,Vertex 2 Y-coordinate {m},4.60349600,False,3645
174,FenestrationSurface:Detailed,HIBO Door 105 Frame Top A,15,Vertex 2 Z-coordinate {m},2.13360000,False,3646
174,FenestrationSurface:Detailed,HIBO Door 105 Frame Top A,16,Vertex 3 X-coordinate {m},7.04392800,False,3647
174,FenestrationSurface:Detailed,HIBO Door 105 Frame Top A,17,Vertex 3 Y-coordinate {m},3.58749600,False,3648
174,FenestrationSurface:Detailed,HIBO Door 105 Frame Top A,18,Vertex 3 Z-coordinate {m},2.13360000,False,3649
174,FenestrationSurface:Detailed,HIBO Door 105 Frame Top A,19,Vertex 4 X-coordinate {m},7.04392800,False,3650
174,FenestrationSurface:Detailed,HIBO Door 105 Frame Top A,20,Vertex 4 Y-coordinate {m},3.58749600,False,3651
174,FenestrationSurface:Detailed,HIBO Door 105 Frame Top A,21,Vertex 4 Z-coordinate {m},2.18440000,False,3652
175,FenestrationSurface:Detailed,HIBO Door 105 Frame Top B,1,Name,HIBO Door 105 Frame Top B,False,3655
175,FenestrationSurface:Detailed,HIBO Door 105 Frame Top B,2,Surface Type,Door,False,3656
175,FenestrationSurface:Detailed,HIBO Door 105 Frame Top B,3,Construction Name,HIBO Metal Frame Strip,False,3657
175,FenestrationSurface:Detailed,HIBO Door 105 Frame Top B,4,Building Surface Name,Surface 27,False,3658
175,FenestrationSurface:Detailed,HIBO Door 105 Frame Top B,5,Outside Boundary Condition Object,HIBO Door 105 Frame Top A,False,3659
175,FenestrationSurface:Detailed,HIBO Door 105 Frame Top B,6,View Factor to Ground,autocalculate,False,3660
175,FenestrationSurface:Detailed,HIBO Door 105 Frame Top B,7,Frame and Divider Name,,True,3661
175,FenestrationSurface:Detailed,HIBO Door 105 Frame Top B,8,Multiplier,1,False,3662
175,FenestrationSurface:Detailed,HIBO Door 105 Frame Top B,9,Number of Vertices,4,False,3663
175,FenestrationSurface:Detailed,HIBO Door 105 Frame Top B,10,Vertex 1 X-coordinate {m},7.04392800,False,3664
175,FenestrationSurface:Detailed,HIBO Door 105 Frame Top B,11,Vertex 1 Y-coordinate {m},3.58749600,False,3665
175,FenestrationSurface:Detailed,HIBO Door 105 Frame Top B,12,Vertex 1 Z-coordinate {m},2.18440000,False,3666
175,FenestrationSurface:Detailed,HIBO Door 105 Frame Top B,13,Vertex 2 X-coordinate {m},7.04392800,False,3667
175,FenestrationSurface:Detailed,HIBO Door 105 Frame Top B,14,Vertex 2 Y-coordinate {m},3.58749600,False,3668
175,FenestrationSurface:Detailed,HIBO Door 105 Frame Top B,15,Vertex 2 Z-coordinate {m},2.13360000,False,3669
175,FenestrationSurface:Detailed,HIBO Door 105 Frame Top B,16,Vertex 3 X-coordinate {m},7.04392800,False,3670
175,FenestrationSurface:Detailed,HIBO Door 105 Frame Top B,17,Vertex 3 Y-coordinate {m},4.60349600,False,3671
175,FenestrationSurface:Detailed,HIBO Door 105 Frame Top B,18,Vertex 3 Z-coordinate {m},2.13360000,False,3672
175,FenestrationSurface:Detailed,HIBO Door 105 Frame Top B,19,Vertex 4 X-coordinate {m},7.04392800,False,3673
175,FenestrationSurface:Detailed,HIBO Door 105 Frame Top B,20,Vertex 4 Y-coordinate {m},4.60349600,False,3674
175,FenestrationSurface:Detailed,HIBO Door 105 Frame Top B,21,Vertex 4 Z-coordinate {m},2.18440000,False,3675
176,FenestrationSurface:Detailed,HIBO Door 105 Frame Left A,1,Name,HIBO Door 105 Frame Left A,False,3678
176,FenestrationSurface:Detailed,HIBO Door 105 Frame Left A,2,Surface Type,Door,False,3679
176,FenestrationSurface:Detailed,HIBO Door 105 Frame Left A,3,Construction Name,HIBO Metal Frame Strip,False,3680
176,FenestrationSurface:Detailed,HIBO Door 105 Frame Left A,4,Building Surface Name,Surface 21,False,3681
176,FenestrationSurface:Detailed,HIBO Door 105 Frame Left A,5,Outside Boundary Condition Object,HIBO Door 105 Frame Left B,False,3682
176,FenestrationSurface:Detailed,HIBO Door 105 Frame Left A,6,View Factor to Ground,autocalculate,False,3683
176,FenestrationSurface:Detailed,HIBO Door 105 Frame Left A,7,Frame and Divider Name,,True,3684
176,FenestrationSurface:Detailed,HIBO Door 105 Frame Left A,8,Multiplier,1,False,3685
176,FenestrationSurface:Detailed,HIBO Door 105 Frame Left A,9,Number of Vertices,4,False,3686
176,FenestrationSurface:Detailed,HIBO Door 105 Frame Left A,10,Vertex 1 X-coordinate {m},7.04392800,False,3687
176,FenestrationSurface:Detailed,HIBO Door 105 Frame Left A,11,Vertex 1 Y-coordinate {m},3.63829600,False,3688
176,FenestrationSurface:Detailed,HIBO Door 105 Frame Left A,12,Vertex 1 Z-coordinate {m},2.13360000,False,3689
176,FenestrationSurface:Detailed,HIBO Door 105 Frame Left A,13,Vertex 2 X-coordinate {m},7.04392800,False,3690
176,FenestrationSurface:Detailed,HIBO Door 105 Frame Left A,14,Vertex 2 Y-coordinate {m},3.63829600,False,3691
176,FenestrationSurface:Detailed,HIBO Door 105 Frame Left A,15,Vertex 2 Z-coordinate {m},0.00000000,False,3692
176,FenestrationSurface:Detailed,HIBO Door 105 Frame Left A,16,Vertex 3 X-coordinate {m},7.04392800,False,3693
176,FenestrationSurface:Detailed,HIBO Door 105 Frame Left A,17,Vertex 3 Y-coordinate {m},3.58749600,False,3694
176,FenestrationSurface:Detailed,HIBO Door 105 Frame Left A,18,Vertex 3 Z-coordinate {m},0.00000000,False,3695
176,FenestrationSurface:Detailed,HIBO Door 105 Frame Left A,19,Vertex 4 X-coordinate {m},7.04392800,False,3696
176,FenestrationSurface:Detailed,HIBO Door 105 Frame Left A,20,Vertex 4 Y-coordinate {m},3.58749600,False,3697
176,FenestrationSurface:Detailed,HIBO Door 105 Frame Left A,21,Vertex 4 Z-coordinate {m},2.13360000,False,3698
177,FenestrationSurface:Detailed,HIBO Door 105 Frame Left B,1,Name,HIBO Door 105 Frame Left B,False,3701
177,FenestrationSurface:Detailed,HIBO Door 105 Frame Left B,2,Surface Type,Door,False,3702
177,FenestrationSurface:Detailed,HIBO Door 105 Frame Left B,3,Construction Name,HIBO Metal Frame Strip,False,3703
177,FenestrationSurface:Detailed,HIBO Door 105 Frame Left B,4,Building Surface Name,Surface 27,False,3704
177,FenestrationSurface:Detailed,HIBO Door 105 Frame Left B,5,Outside Boundary Condition Object,HIBO Door 105 Frame Left A,False,3705
177,FenestrationSurface:Detailed,HIBO Door 105 Frame Left B,6,View Factor to Ground,autocalculate,False,3706
177,FenestrationSurface:Detailed,HIBO Door 105 Frame Left B,7,Frame and Divider Name,,True,3707
177,FenestrationSurface:Detailed,HIBO Door 105 Frame Left B,8,Multiplier,1,False,3708
177,FenestrationSurface:Detailed,HIBO Door 105 Frame Left B,9,Number of Vertices,4,False,3709
177,FenestrationSurface:Detailed,HIBO Door 105 Frame Left B,10,Vertex 1 X-coordinate {m},7.04392800,False,3710
177,FenestrationSurface:Detailed,HIBO Door 105 Frame Left B,11,Vertex 1 Y-coordinate {m},3.58749600,False,3711
177,FenestrationSurface:Detailed,HIBO Door 105 Frame Left B,12,Vertex 1 Z-coordinate {m},2.13360000,False,3712
177,FenestrationSurface:Detailed,HIBO Door 105 Frame Left B,13,Vertex 2 X-coordinate {m},7.04392800,False,3713
177,FenestrationSurface:Detailed,HIBO Door 105 Frame Left B,14,Vertex 2 Y-coordinate {m},3.58749600,False,3714
177,FenestrationSurface:Detailed,HIBO Door 105 Frame Left B,15,Vertex 2 Z-coordinate {m},0.00000000,False,3715
177,FenestrationSurface:Detailed,HIBO Door 105 Frame Left B,16,Vertex 3 X-coordinate {m},7.04392800,False,3716
177,FenestrationSurface:Detailed,HIBO Door 105 Frame Left B,17,Vertex 3 Y-coordinate {m},3.63829600,False,3717
177,FenestrationSurface:Detailed,HIBO Door 105 Frame Left B,18,Vertex 3 Z-coordinate {m},0.00000000,False,3718
177,FenestrationSurface:Detailed,HIBO Door 105 Frame Left B,19,Vertex 4 X-coordinate {m},7.04392800,False,3719
177,FenestrationSurface:Detailed,HIBO Door 105 Frame Left B,20,Vertex 4 Y-coordinate {m},3.63829600,False,3720
177,FenestrationSurface:Detailed,HIBO Door 105 Frame Left B,21,Vertex 4 Z-coordinate {m},2.13360000,False,3721
178,FenestrationSurface:Detailed,HIBO Door 105 Frame Right A,1,Name,HIBO Door 105 Frame Right A,False,3724
178,FenestrationSurface:Detailed,HIBO Door 105 Frame Right A,2,Surface Type,Door,False,3725
178,FenestrationSurface:Detailed,HIBO Door 105 Frame Right A,3,Construction Name,HIBO Metal Frame Strip,False,3726
178,FenestrationSurface:Detailed,HIBO Door 105 Frame Right A,4,Building Surface Name,Surface 21,False,3727
178,FenestrationSurface:Detailed,HIBO Door 105 Frame Right A,5,Outside Boundary Condition Object,HIBO Door 105 Frame Right B,False,3728
178,FenestrationSurface:Detailed,HIBO Door 105 Frame Right A,6,View Factor to Ground,autocalculate,False,3729
178,FenestrationSurface:Detailed,HIBO Door 105 Frame Right A,7,Frame and Divider Name,,True,3730
178,FenestrationSurface:Detailed,HIBO Door 105 Frame Right A,8,Multiplier,1,False,3731
178,FenestrationSurface:Detailed,HIBO Door 105 Frame Right A,9,Number of Vertices,4,False,3732
178,FenestrationSurface:Detailed,HIBO Door 105 Frame Right A,10,Vertex 1 X-coordinate {m},7.04392800,False,3733
178,FenestrationSurface:Detailed,HIBO Door 105 Frame Right A,11,Vertex 1 Y-coordinate {m},4.60349600,False,3734
178,FenestrationSurface:Detailed,HIBO Door 105 Frame Right A,12,Vertex 1 Z-coordinate {m},2.13360000,False,3735
178,FenestrationSurface:Detailed,HIBO Door 105 Frame Right A,13,Vertex 2 X-coordinate {m},7.04392800,False,3736
178,FenestrationSurface:Detailed,HIBO Door 105 Frame Right A,14,Vertex 2 Y-coordinate {m},4.60349600,False,3737
178,FenestrationSurface:Detailed,HIBO Door 105 Frame Right A,15,Vertex 2 Z-coordinate {m},0.00000000,False,3738
178,FenestrationSurface:Detailed,HIBO Door 105 Frame Right A,16,Vertex 3 X-coordinate {m},7.04392800,False,3739
178,FenestrationSurface:Detailed,HIBO Door 105 Frame Right A,17,Vertex 3 Y-coordinate {m},4.55269600,False,3740
178,FenestrationSurface:Detailed,HIBO Door 105 Frame Right A,18,Vertex 3 Z-coordinate {m},0.00000000,False,3741
178,FenestrationSurface:Detailed,HIBO Door 105 Frame Right A,19,Vertex 4 X-coordinate {m},7.04392800,False,3742
178,FenestrationSurface:Detailed,HIBO Door 105 Frame Right A,20,Vertex 4 Y-coordinate {m},4.55269600,False,3743
178,FenestrationSurface:Detailed,HIBO Door 105 Frame Right A,21,Vertex 4 Z-coordinate {m},2.13360000,False,3744
179,FenestrationSurface:Detailed,HIBO Door 105 Frame Right B,1,Name,HIBO Door 105 Frame Right B,False,3747
179,FenestrationSurface:Detailed,HIBO Door 105 Frame Right B,2,Surface Type,Door,False,3748
179,FenestrationSurface:Detailed,HIBO Door 105 Frame Right B,3,Construction Name,HIBO Metal Frame Strip,False,3749
179,FenestrationSurface:Detailed,HIBO Door 105 Frame Right B,4,Building Surface Name,Surface 27,False,3750
179,FenestrationSurface:Detailed,HIBO Door 105 Frame Right B,5,Outside Boundary Condition Object,HIBO Door 105 Frame Right A,False,3751
179,FenestrationSurface:Detailed,HIBO Door 105 Frame Right B,6,View Factor to Ground,autocalculate,False,3752
179,FenestrationSurface:Detailed,HIBO Door 105 Frame Right B,7,Frame and Divider Name,,True,3753
179,FenestrationSurface:Detailed,HIBO Door 105 Frame Right B,8,Multiplier,1,False,3754
179,FenestrationSurface:Detailed,HIBO Door 105 Frame Right B,9,Number of Vertices,4,False,3755
179,FenestrationSurface:Detailed,HIBO Door 105 Frame Right B,10,Vertex 1 X-coordinate {m},7.04392800,False,3756
179,FenestrationSurface:Detailed,HIBO Door 105 Frame Right B,11,Vertex 1 Y-coordinate {m},4.55269600,False,3757
179,FenestrationSurface:Detailed,HIBO Door 105 Frame Right B,12,Vertex 1 Z-coordinate {m},2.13360000,False,3758
179,FenestrationSurface:Detailed,HIBO Door 105 Frame Right B,13,Vertex 2 X-coordinate {m},7.04392800,False,3759
179,FenestrationSurface:Detailed,HIBO Door 105 Frame Right B,14,Vertex 2 Y-coordinate {m},4.55269600,False,3760
179,FenestrationSurface:Detailed,HIBO Door 105 Frame Right B,15,Vertex 2 Z-coordinate {m},0.00000000,False,3761
179,FenestrationSurface:Detailed,HIBO Door 105 Frame Right B,16,Vertex 3 X-coordinate {m},7.04392800,False,3762
179,FenestrationSurface:Detailed,HIBO Door 105 Frame Right B,17,Vertex 3 Y-coordinate {m},4.60349600,False,3763
179,FenestrationSurface:Detailed,HIBO Door 105 Frame Right B,18,Vertex 3 Z-coordinate {m},0.00000000,False,3764
179,FenestrationSurface:Detailed,HIBO Door 105 Frame Right B,19,Vertex 4 X-coordinate {m},7.04392800,False,3765
179,FenestrationSurface:Detailed,HIBO Door 105 Frame Right B,20,Vertex 4 Y-coordinate {m},4.60349600,False,3766
179,FenestrationSurface:Detailed,HIBO Door 105 Frame Right B,21,Vertex 4 Z-coordinate {m},2.13360000,False,3767
180,FenestrationSurface:Detailed,HIBO Door 105 Leaf Bottom A,1,Name,HIBO Door 105 Leaf Bottom A,False,3770
180,FenestrationSurface:Detailed,HIBO Door 105 Leaf Bottom A,2,Surface Type,Door,False,3771
180,FenestrationSurface:Detailed,HIBO Door 105 Leaf Bottom A,3,Construction Name,HIBO HM Door 1-3-4in,False,3772
180,FenestrationSurface:Detailed,HIBO Door 105 Leaf Bottom A,4,Building Surface Name,Surface 21,False,3773
180,FenestrationSurface:Detailed,HIBO Door 105 Leaf Bottom A,5,Outside Boundary Condition Object,HIBO Door 105 Leaf Bottom B,False,3774
180,FenestrationSurface:Detailed,HIBO Door 105 Leaf Bottom A,6,View Factor to Ground,autocalculate,False,3775
180,FenestrationSurface:Detailed,HIBO Door 105 Leaf Bottom A,7,Frame and Divider Name,,True,3776
180,FenestrationSurface:Detailed,HIBO Door 105 Leaf Bottom A,8,Multiplier,1,False,3777
180,FenestrationSurface:Detailed,HIBO Door 105 Leaf Bottom A,9,Number of Vertices,4,False,3778
180,FenestrationSurface:Detailed,HIBO Door 105 Leaf Bottom A,10,Vertex 1 X-coordinate {m},7.04392800,False,3779
180,FenestrationSurface:Detailed,HIBO Door 105 Leaf Bottom A,11,Vertex 1 Y-coordinate {m},4.55269600,False,3780
180,FenestrationSurface:Detailed,HIBO Door 105 Leaf Bottom A,12,Vertex 1 Z-coordinate {m},1.06680000,False,3781
180,FenestrationSurface:Detailed,HIBO Door 105 Leaf Bottom A,13,Vertex 2 X-coordinate {m},7.04392800,False,3782
180,FenestrationSurface:Detailed,HIBO Door 105 Leaf Bottom A,14,Vertex 2 Y-coordinate {m},4.55269600,False,3783
180,FenestrationSurface:Detailed,HIBO Door 105 Leaf Bottom A,15,Vertex 2 Z-coordinate {m},0.00000000,False,3784
180,FenestrationSurface:Detailed,HIBO Door 105 Leaf Bottom A,16,Vertex 3 X-coordinate {m},7.04392800,False,3785
180,FenestrationSurface:Detailed,HIBO Door 105 Leaf Bottom A,17,Vertex 3 Y-coordinate {m},3.63829600,False,3786
180,FenestrationSurface:Detailed,HIBO Door 105 Leaf Bottom A,18,Vertex 3 Z-coordinate {m},0.00000000,False,3787
180,FenestrationSurface:Detailed,HIBO Door 105 Leaf Bottom A,19,Vertex 4 X-coordinate {m},7.04392800,False,3788
180,FenestrationSurface:Detailed,HIBO Door 105 Leaf Bottom A,20,Vertex 4 Y-coordinate {m},3.63829600,False,3789
180,FenestrationSurface:Detailed,HIBO Door 105 Leaf Bottom A,21,Vertex 4 Z-coordinate {m},1.06680000,False,3790
181,FenestrationSurface:Detailed,HIBO Door 105 Leaf Bottom B,1,Name,HIBO Door 105 Leaf Bottom B,False,3793
181,FenestrationSurface:Detailed,HIBO Door 105 Leaf Bottom B,2,Surface Type,Door,False,3794
181,FenestrationSurface:Detailed,HIBO Door 105 Leaf Bottom B,3,Construction Name,HIBO HM Door 1-3-4in,False,3795
181,FenestrationSurface:Detailed,HIBO Door 105 Leaf Bottom B,4,Building Surface Name,Surface 27,False,3796
181,FenestrationSurface:Detailed,HIBO Door 105 Leaf Bottom B,5,Outside Boundary Condition Object,HIBO Door 105 Leaf Bottom A,False,3797
181,FenestrationSurface:Detailed,HIBO Door 105 Leaf Bottom B,6,View Factor to Ground,autocalculate,False,3798
181,FenestrationSurface:Detailed,HIBO Door 105 Leaf Bottom B,7,Frame and Divider Name,,True,3799
181,FenestrationSurface:Detailed,HIBO Door 105 Leaf Bottom B,8,Multiplier,1,False,3800
181,FenestrationSurface:Detailed,HIBO Door 105 Leaf Bottom B,9,Number of Vertices,4,False,3801
181,FenestrationSurface:Detailed,HIBO Door 105 Leaf Bottom B,10,Vertex 1 X-coordinate {m},7.04392800,False,3802
181,FenestrationSurface:Detailed,HIBO Door 105 Leaf Bottom B,11,Vertex 1 Y-coordinate {m},3.63829600,False,3803
181,FenestrationSurface:Detailed,HIBO Door 105 Leaf Bottom B,12,Vertex 1 Z-coordinate {m},1.06680000,False,3804
181,FenestrationSurface:Detailed,HIBO Door 105 Leaf Bottom B,13,Vertex 2 X-coordinate {m},7.04392800,False,3805
181,FenestrationSurface:Detailed,HIBO Door 105 Leaf Bottom B,14,Vertex 2 Y-coordinate {m},3.63829600,False,3806
181,FenestrationSurface:Detailed,HIBO Door 105 Leaf Bottom B,15,Vertex 2 Z-coordinate {m},0.00000000,False,3807
181,FenestrationSurface:Detailed,HIBO Door 105 Leaf Bottom B,16,Vertex 3 X-coordinate {m},7.04392800,False,3808
181,FenestrationSurface:Detailed,HIBO Door 105 Leaf Bottom B,17,Vertex 3 Y-coordinate {m},4.55269600,False,3809
181,FenestrationSurface:Detailed,HIBO Door 105 Leaf Bottom B,18,Vertex 3 Z-coordinate {m},0.00000000,False,3810
181,FenestrationSurface:Detailed,HIBO Door 105 Leaf Bottom B,19,Vertex 4 X-coordinate {m},7.04392800,False,3811
181,FenestrationSurface:Detailed,HIBO Door 105 Leaf Bottom B,20,Vertex 4 Y-coordinate {m},4.55269600,False,3812
181,FenestrationSurface:Detailed,HIBO Door 105 Leaf Bottom B,21,Vertex 4 Z-coordinate {m},1.06680000,False,3813
182,FenestrationSurface:Detailed,HIBO Door 105 Leaf Top A,1,Name,HIBO Door 105 Leaf Top A,False,3816
182,FenestrationSurface:Detailed,HIBO Door 105 Leaf Top A,2,Surface Type,Door,False,3817
182,FenestrationSurface:Detailed,HIBO Door 105 Leaf Top A,3,Construction Name,HIBO HM Door 1-3-4in,False,3818
182,FenestrationSurface:Detailed,HIBO Door 105 Leaf Top A,4,Building Surface Name,Surface 21,False,3819
182,FenestrationSurface:Detailed,HIBO Door 105 Leaf Top A,5,Outside Boundary Condition Object,HIBO Door 105 Leaf Top B,False,3820
182,FenestrationSurface:Detailed,HIBO Door 105 Leaf Top A,6,View Factor to Ground,autocalculate,False,3821
182,FenestrationSurface:Detailed,HIBO Door 105 Leaf Top A,7,Frame and Divider Name,,True,3822
182,FenestrationSurface:Detailed,HIBO Door 105 Leaf Top A,8,Multiplier,1,False,3823
182,FenestrationSurface:Detailed,HIBO Door 105 Leaf Top A,9,Number of Vertices,4,False,3824
182,FenestrationSurface:Detailed,HIBO Door 105 Leaf Top A,10,Vertex 1 X-coordinate {m},7.04392800,False,3825
182,FenestrationSurface:Detailed,HIBO Door 105 Leaf Top A,11,Vertex 1 Y-coordinate {m},4.55269600,False,3826
182,FenestrationSurface:Detailed,HIBO Door 105 Leaf Top A,12,Vertex 1 Z-coordinate {m},2.13360000,False,3827
182,FenestrationSurface:Detailed,HIBO Door 105 Leaf Top A,13,Vertex 2 X-coordinate {m},7.04392800,False,3828
182,FenestrationSurface:Detailed,HIBO Door 105 Leaf Top A,14,Vertex 2 Y-coordinate {m},4.55269600,False,3829
182,FenestrationSurface:Detailed,HIBO Door 105 Leaf Top A,15,Vertex 2 Z-coordinate {m},1.98120000,False,3830
182,FenestrationSurface:Detailed,HIBO Door 105 Leaf Top A,16,Vertex 3 X-coordinate {m},7.04392800,False,3831
182,FenestrationSurface:Detailed,HIBO Door 105 Leaf Top A,17,Vertex 3 Y-coordinate {m},3.63829600,False,3832
182,FenestrationSurface:Detailed,HIBO Door 105 Leaf Top A,18,Vertex 3 Z-coordinate {m},1.98120000,False,3833
182,FenestrationSurface:Detailed,HIBO Door 105 Leaf Top A,19,Vertex 4 X-coordinate {m},7.04392800,False,3834
182,FenestrationSurface:Detailed,HIBO Door 105 Leaf Top A,20,Vertex 4 Y-coordinate {m},3.63829600,False,3835
182,FenestrationSurface:Detailed,HIBO Door 105 Leaf Top A,21,Vertex 4 Z-coordinate {m},2.13360000,False,3836
183,FenestrationSurface:Detailed,HIBO Door 105 Leaf Top B,1,Name,HIBO Door 105 Leaf Top B,False,3839
183,FenestrationSurface:Detailed,HIBO Door 105 Leaf Top B,2,Surface Type,Door,False,3840
183,FenestrationSurface:Detailed,HIBO Door 105 Leaf Top B,3,Construction Name,HIBO HM Door 1-3-4in,False,3841
183,FenestrationSurface:Detailed,HIBO Door 105 Leaf Top B,4,Building Surface Name,Surface 27,False,3842
183,FenestrationSurface:Detailed,HIBO Door 105 Leaf Top B,5,Outside Boundary Condition Object,HIBO Door 105 Leaf Top A,False,3843
183,FenestrationSurface:Detailed,HIBO Door 105 Leaf Top B,6,View Factor to Ground,autocalculate,False,3844
183,FenestrationSurface:Detailed,HIBO Door 105 Leaf Top B,7,Frame and Divider Name,,True,3845
183,FenestrationSurface:Detailed,HIBO Door 105 Leaf Top B,8,Multiplier,1,False,3846
183,FenestrationSurface:Detailed,HIBO Door 105 Leaf Top B,9,Number of Vertices,4,False,3847
183,FenestrationSurface:Detailed,HIBO Door 105 Leaf Top B,10,Vertex 1 X-coordinate {m},7.04392800,False,3848
183,FenestrationSurface:Detailed,HIBO Door 105 Leaf Top B,11,Vertex 1 Y-coordinate {m},3.63829600,False,3849
183,FenestrationSurface:Detailed,HIBO Door 105 Leaf Top B,12,Vertex 1 Z-coordinate {m},2.13360000,False,3850
183,FenestrationSurface:Detailed,HIBO Door 105 Leaf Top B,13,Vertex 2 X-coordinate {m},7.04392800,False,3851
183,FenestrationSurface:Detailed,HIBO Door 105 Leaf Top B,14,Vertex 2 Y-coordinate {m},3.63829600,False,3852
183,FenestrationSurface:Detailed,HIBO Door 105 Leaf Top B,15,Vertex 2 Z-coordinate {m},1.98120000,False,3853
183,FenestrationSurface:Detailed,HIBO Door 105 Leaf Top B,16,Vertex 3 X-coordinate {m},7.04392800,False,3854
183,FenestrationSurface:Detailed,HIBO Door 105 Leaf Top B,17,Vertex 3 Y-coordinate {m},4.55269600,False,3855
183,FenestrationSurface:Detailed,HIBO Door 105 Leaf Top B,18,Vertex 3 Z-coordinate {m},1.98120000,False,3856
183,FenestrationSurface:Detailed,HIBO Door 105 Leaf Top B,19,Vertex 4 X-coordinate {m},7.04392800,False,3857
183,FenestrationSurface:Detailed,HIBO Door 105 Leaf Top B,20,Vertex 4 Y-coordinate {m},4.55269600,False,3858
183,FenestrationSurface:Detailed,HIBO Door 105 Leaf Top B,21,Vertex 4 Z-coordinate {m},2.13360000,False,3859
184,FenestrationSurface:Detailed,HIBO Door 105 Leaf Left A,1,Name,HIBO Door 105 Leaf Left A,False,3862
184,FenestrationSurface:Detailed,HIBO Door 105 Leaf Left A,2,Surface Type,Door,False,3863
184,FenestrationSurface:Detailed,HIBO Door 105 Leaf Left A,3,Construction Name,HIBO HM Door 1-3-4in,False,3864
184,FenestrationSurface:Detailed,HIBO Door 105 Leaf Left A,4,Building Surface Name,Surface 21,False,3865
184,FenestrationSurface:Detailed,HIBO Door 105 Leaf Left A,5,Outside Boundary Condition Object,HIBO Door 105 Leaf Left B,False,3866
184,FenestrationSurface:Detailed,HIBO Door 105 Leaf Left A,6,View Factor to Ground,autocalculate,False,3867
184,FenestrationSurface:Detailed,HIBO Door 105 Leaf Left A,7,Frame and Divider Name,,True,3868
184,FenestrationSurface:Detailed,HIBO Door 105 Leaf Left A,8,Multiplier,1,False,3869
184,FenestrationSurface:Detailed,HIBO Door 105 Leaf Left A,9,Number of Vertices,4,False,3870
184,FenestrationSurface:Detailed,HIBO Door 105 Leaf Left A,10,Vertex 1 X-coordinate {m},7.04392800,False,3871
184,FenestrationSurface:Detailed,HIBO Door 105 Leaf Left A,11,Vertex 1 Y-coordinate {m},3.79069600,False,3872
184,FenestrationSurface:Detailed,HIBO Door 105 Leaf Left A,12,Vertex 1 Z-coordinate {m},1.98120000,False,3873
184,FenestrationSurface:Detailed,HIBO Door 105 Leaf Left A,13,Vertex 2 X-coordinate {m},7.04392800,False,3874
184,FenestrationSurface:Detailed,HIBO Door 105 Leaf Left A,14,Vertex 2 Y-coordinate {m},3.79069600,False,3875
184,FenestrationSurface:Detailed,HIBO Door 105 Leaf Left A,15,Vertex 2 Z-coordinate {m},1.06680000,False,3876
184,FenestrationSurface:Detailed,HIBO Door 105 Leaf Left A,16,Vertex 3 X-coordinate {m},7.04392800,False,3877
184,FenestrationSurface:Detailed,HIBO Door 105 Leaf Left A,17,Vertex 3 Y-coordinate {m},3.63829600,False,3878
184,FenestrationSurface:Detailed,HIBO Door 105 Leaf Left A,18,Vertex 3 Z-coordinate {m},1.06680000,False,3879
184,FenestrationSurface:Detailed,HIBO Door 105 Leaf Left A,19,Vertex 4 X-coordinate {m},7.04392800,False,3880
184,FenestrationSurface:Detailed,HIBO Door 105 Leaf Left A,20,Vertex 4 Y-coordinate {m},3.63829600,False,3881
184,FenestrationSurface:Detailed,HIBO Door 105 Leaf Left A,21,Vertex 4 Z-coordinate {m},1.98120000,False,3882
185,FenestrationSurface:Detailed,HIBO Door 105 Leaf Left B,1,Name,HIBO Door 105 Leaf Left B,False,3885
185,FenestrationSurface:Detailed,HIBO Door 105 Leaf Left B,2,Surface Type,Door,False,3886
185,FenestrationSurface:Detailed,HIBO Door 105 Leaf Left B,3,Construction Name,HIBO HM Door 1-3-4in,False,3887
185,FenestrationSurface:Detailed,HIBO Door 105 Leaf Left B,4,Building Surface Name,Surface 27,False,3888
185,FenestrationSurface:Detailed,HIBO Door 105 Leaf Left B,5,Outside Boundary Condition Object,HIBO Door 105 Leaf Left A,False,3889
185,FenestrationSurface:Detailed,HIBO Door 105 Leaf Left B,6,View Factor to Ground,autocalculate,False,3890
185,FenestrationSurface:Detailed,HIBO Door 105 Leaf Left B,7,Frame and Divider Name,,True,3891
185,FenestrationSurface:Detailed,HIBO Door 105 Leaf Left B,8,Multiplier,1,False,3892
185,FenestrationSurface:Detailed,HIBO Door 105 Leaf Left B,9,Number of Vertices,4,False,3893
185,FenestrationSurface:Detailed,HIBO Door 105 Leaf Left B,10,Vertex 1 X-coordinate {m},7.04392800,False,3894
185,FenestrationSurface:Detailed,HIBO Door 105 Leaf Left B,11,Vertex 1 Y-coordinate {m},3.63829600,False,3895
185,FenestrationSurface:Detailed,HIBO Door 105 Leaf Left B,12,Vertex 1 Z-coordinate {m},1.98120000,False,3896
185,FenestrationSurface:Detailed,HIBO Door 105 Leaf Left B,13,Vertex 2 X-coordinate {m},7.04392800,False,3897
185,FenestrationSurface:Detailed,HIBO Door 105 Leaf Left B,14,Vertex 2 Y-coordinate {m},3.63829600,False,3898
185,FenestrationSurface:Detailed,HIBO Door 105 Leaf Left B,15,Vertex 2 Z-coordinate {m},1.06680000,False,3899
185,FenestrationSurface:Detailed,HIBO Door 105 Leaf Left B,16,Vertex 3 X-coordinate {m},7.04392800,False,3900
185,FenestrationSurface:Detailed,HIBO Door 105 Leaf Left B,17,Vertex 3 Y-coordinate {m},3.79069600,False,3901
185,FenestrationSurface:Detailed,HIBO Door 105 Leaf Left B,18,Vertex 3 Z-coordinate {m},1.06680000,False,3902
185,FenestrationSurface:Detailed,HIBO Door 105 Leaf Left B,19,Vertex 4 X-coordinate {m},7.04392800,False,3903
185,FenestrationSurface:Detailed,HIBO Door 105 Leaf Left B,20,Vertex 4 Y-coordinate {m},3.79069600,False,3904
185,FenestrationSurface:Detailed,HIBO Door 105 Leaf Left B,21,Vertex 4 Z-coordinate {m},1.98120000,False,3905
186,FenestrationSurface:Detailed,HIBO Door 105 Leaf Right A,1,Name,HIBO Door 105 Leaf Right A,False,3908
186,FenestrationSurface:Detailed,HIBO Door 105 Leaf Right A,2,Surface Type,Door,False,3909
186,FenestrationSurface:Detailed,HIBO Door 105 Leaf Right A,3,Construction Name,HIBO HM Door 1-3-4in,False,3910
186,FenestrationSurface:Detailed,HIBO Door 105 Leaf Right A,4,Building Surface Name,Surface 21,False,3911
186,FenestrationSurface:Detailed,HIBO Door 105 Leaf Right A,5,Outside Boundary Condition Object,HIBO Door 105 Leaf Right B,False,3912
186,FenestrationSurface:Detailed,HIBO Door 105 Leaf Right A,6,View Factor to Ground,autocalculate,False,3913
186,FenestrationSurface:Detailed,HIBO Door 105 Leaf Right A,7,Frame and Divider Name,,True,3914
186,FenestrationSurface:Detailed,HIBO Door 105 Leaf Right A,8,Multiplier,1,False,3915
186,FenestrationSurface:Detailed,HIBO Door 105 Leaf Right A,9,Number of Vertices,4,False,3916
186,FenestrationSurface:Detailed,HIBO Door 105 Leaf Right A,10,Vertex 1 X-coordinate {m},7.04392800,False,3917
186,FenestrationSurface:Detailed,HIBO Door 105 Leaf Right A,11,Vertex 1 Y-coordinate {m},4.55269600,False,3918
186,FenestrationSurface:Detailed,HIBO Door 105 Leaf Right A,12,Vertex 1 Z-coordinate {m},1.98120000,False,3919
186,FenestrationSurface:Detailed,HIBO Door 105 Leaf Right A,13,Vertex 2 X-coordinate {m},7.04392800,False,3920
186,FenestrationSurface:Detailed,HIBO Door 105 Leaf Right A,14,Vertex 2 Y-coordinate {m},4.55269600,False,3921
186,FenestrationSurface:Detailed,HIBO Door 105 Leaf Right A,15,Vertex 2 Z-coordinate {m},1.06680000,False,3922
186,FenestrationSurface:Detailed,HIBO Door 105 Leaf Right A,16,Vertex 3 X-coordinate {m},7.04392800,False,3923
186,FenestrationSurface:Detailed,HIBO Door 105 Leaf Right A,17,Vertex 3 Y-coordinate {m},4.40029600,False,3924
186,FenestrationSurface:Detailed,HIBO Door 105 Leaf Right A,18,Vertex 3 Z-coordinate {m},1.06680000,False,3925
186,FenestrationSurface:Detailed,HIBO Door 105 Leaf Right A,19,Vertex 4 X-coordinate {m},7.04392800,False,3926
186,FenestrationSurface:Detailed,HIBO Door 105 Leaf Right A,20,Vertex 4 Y-coordinate {m},4.40029600,False,3927
186,FenestrationSurface:Detailed,HIBO Door 105 Leaf Right A,21,Vertex 4 Z-coordinate {m},1.98120000,False,3928
187,FenestrationSurface:Detailed,HIBO Door 105 Leaf Right B,1,Name,HIBO Door 105 Leaf Right B,False,3931
187,FenestrationSurface:Detailed,HIBO Door 105 Leaf Right B,2,Surface Type,Door,False,3932
187,FenestrationSurface:Detailed,HIBO Door 105 Leaf Right B,3,Construction Name,HIBO HM Door 1-3-4in,False,3933
187,FenestrationSurface:Detailed,HIBO Door 105 Leaf Right B,4,Building Surface Name,Surface 27,False,3934
187,FenestrationSurface:Detailed,HIBO Door 105 Leaf Right B,5,Outside Boundary Condition Object,HIBO Door 105 Leaf Right A,False,3935
187,FenestrationSurface:Detailed,HIBO Door 105 Leaf Right B,6,View Factor to Ground,autocalculate,False,3936
187,FenestrationSurface:Detailed,HIBO Door 105 Leaf Right B,7,Frame and Divider Name,,True,3937
187,FenestrationSurface:Detailed,HIBO Door 105 Leaf Right B,8,Multiplier,1,False,3938
187,FenestrationSurface:Detailed,HIBO Door 105 Leaf Right B,9,Number of Vertices,4,False,3939
187,FenestrationSurface:Detailed,HIBO Door 105 Leaf Right B,10,Vertex 1 X-coordinate {m},7.04392800,False,3940
187,FenestrationSurface:Detailed,HIBO Door 105 Leaf Right B,11,Vertex 1 Y-coordinate {m},4.40029600,False,3941
187,FenestrationSurface:Detailed,HIBO Door 105 Leaf Right B,12,Vertex 1 Z-coordinate {m},1.98120000,False,3942
187,FenestrationSurface:Detailed,HIBO Door 105 Leaf Right B,13,Vertex 2 X-coordinate {m},7.04392800,False,3943
187,FenestrationSurface:Detailed,HIBO Door 105 Leaf Right B,14,Vertex 2 Y-coordinate {m},4.40029600,False,3944
187,FenestrationSurface:Detailed,HIBO Door 105 Leaf Right B,15,Vertex 2 Z-coordinate {m},1.06680000,False,3945
187,FenestrationSurface:Detailed,HIBO Door 105 Leaf Right B,16,Vertex 3 X-coordinate {m},7.04392800,False,3946
187,FenestrationSurface:Detailed,HIBO Door 105 Leaf Right B,17,Vertex 3 Y-coordinate {m},4.55269600,False,3947
187,FenestrationSurface:Detailed,HIBO Door 105 Leaf Right B,18,Vertex 3 Z-coordinate {m},1.06680000,False,3948
187,FenestrationSurface:Detailed,HIBO Door 105 Leaf Right B,19,Vertex 4 X-coordinate {m},7.04392800,False,3949
187,FenestrationSurface:Detailed,HIBO Door 105 Leaf Right B,20,Vertex 4 Y-coordinate {m},4.55269600,False,3950
187,FenestrationSurface:Detailed,HIBO Door 105 Leaf Right B,21,Vertex 4 Z-coordinate {m},1.98120000,False,3951
188,FenestrationSurface:Detailed,HIBO Door 105 CTG Lite A,1,Name,HIBO Door 105 CTG Lite A,False,3954
188,FenestrationSurface:Detailed,HIBO Door 105 CTG Lite A,2,Surface Type,Window,False,3955
188,FenestrationSurface:Detailed,HIBO Door 105 CTG Lite A,3,Construction Name,HIBO Interior CTG,False,3956
188,FenestrationSurface:Detailed,HIBO Door 105 CTG Lite A,4,Building Surface Name,Surface 21,False,3957
188,FenestrationSurface:Detailed,HIBO Door 105 CTG Lite A,5,Outside Boundary Condition Object,HIBO Door 105 CTG Lite B,False,3958
188,FenestrationSurface:Detailed,HIBO Door 105 CTG Lite A,6,View Factor to Ground,autocalculate,False,3959
188,FenestrationSurface:Detailed,HIBO Door 105 CTG Lite A,7,Frame and Divider Name,,True,3960
188,FenestrationSurface:Detailed,HIBO Door 105 CTG Lite A,8,Multiplier,1,False,3961
188,FenestrationSurface:Detailed,HIBO Door 105 CTG Lite A,9,Number of Vertices,4,False,3962
188,FenestrationSurface:Detailed,HIBO Door 105 CTG Lite A,10,Vertex 1 X-coordinate {m},7.04392800,False,3963
188,FenestrationSurface:Detailed,HIBO Door 105 CTG Lite A,11,Vertex 1 Y-coordinate {m},4.40029600,False,3964
188,FenestrationSurface:Detailed,HIBO Door 105 CTG Lite A,12,Vertex 1 Z-coordinate {m},1.98120000,False,3965
188,FenestrationSurface:Detailed,HIBO Door 105 CTG Lite A,13,Vertex 2 X-coordinate {m},7.04392800,False,3966
188,FenestrationSurface:Detailed,HIBO Door 105 CTG Lite A,14,Vertex 2 Y-coordinate {m},4.40029600,False,3967
188,FenestrationSurface:Detailed,HIBO Door 105 CTG Lite A,15,Vertex 2 Z-coordinate {m},1.06680000,False,3968
188,FenestrationSurface:Detailed,HIBO Door 105 CTG Lite A,16,Vertex 3 X-coordinate {m},7.04392800,False,3969
188,FenestrationSurface:Detailed,HIBO Door 105 CTG Lite A,17,Vertex 3 Y-coordinate {m},3.79069600,False,3970
188,FenestrationSurface:Detailed,HIBO Door 105 CTG Lite A,18,Vertex 3 Z-coordinate {m},1.06680000,False,3971
188,FenestrationSurface:Detailed,HIBO Door 105 CTG Lite A,19,Vertex 4 X-coordinate {m},7.04392800,False,3972
188,FenestrationSurface:Detailed,HIBO Door 105 CTG Lite A,20,Vertex 4 Y-coordinate {m},3.79069600,False,3973
188,FenestrationSurface:Detailed,HIBO Door 105 CTG Lite A,21,Vertex 4 Z-coordinate {m},1.98120000,False,3974
189,FenestrationSurface:Detailed,HIBO Door 105 CTG Lite B,1,Name,HIBO Door 105 CTG Lite B,False,3977
189,FenestrationSurface:Detailed,HIBO Door 105 CTG Lite B,2,Surface Type,Window,False,3978
189,FenestrationSurface:Detailed,HIBO Door 105 CTG Lite B,3,Construction Name,HIBO Interior CTG,False,3979
189,FenestrationSurface:Detailed,HIBO Door 105 CTG Lite B,4,Building Surface Name,Surface 27,False,3980
189,FenestrationSurface:Detailed,HIBO Door 105 CTG Lite B,5,Outside Boundary Condition Object,HIBO Door 105 CTG Lite A,False,3981
189,FenestrationSurface:Detailed,HIBO Door 105 CTG Lite B,6,View Factor to Ground,autocalculate,False,3982
189,FenestrationSurface:Detailed,HIBO Door 105 CTG Lite B,7,Frame and Divider Name,,True,3983
189,FenestrationSurface:Detailed,HIBO Door 105 CTG Lite B,8,Multiplier,1,False,3984
189,FenestrationSurface:Detailed,HIBO Door 105 CTG Lite B,9,Number of Vertices,4,False,3985
189,FenestrationSurface:Detailed,HIBO Door 105 CTG Lite B,10,Vertex 1 X-coordinate {m},7.04392800,False,3986
189,FenestrationSurface:Detailed,HIBO Door 105 CTG Lite B,11,Vertex 1 Y-coordinate {m},3.79069600,False,3987
189,FenestrationSurface:Detailed,HIBO Door 105 CTG Lite B,12,Vertex 1 Z-coordinate {m},1.98120000,False,3988
189,FenestrationSurface:Detailed,HIBO Door 105 CTG Lite B,13,Vertex 2 X-coordinate {m},7.04392800,False,3989
189,FenestrationSurface:Detailed,HIBO Door 105 CTG Lite B,14,Vertex 2 Y-coordinate {m},3.79069600,False,3990
189,FenestrationSurface:Detailed,HIBO Door 105 CTG Lite B,15,Vertex 2 Z-coordinate {m},1.06680000,False,3991
189,FenestrationSurface:Detailed,HIBO Door 105 CTG Lite B,16,Vertex 3 X-coordinate {m},7.04392800,False,3992
189,FenestrationSurface:Detailed,HIBO Door 105 CTG Lite B,17,Vertex 3 Y-coordinate {m},4.40029600,False,3993
189,FenestrationSurface:Detailed,HIBO Door 105 CTG Lite B,18,Vertex 3 Z-coordinate {m},1.06680000,False,3994
189,FenestrationSurface:Detailed,HIBO Door 105 CTG Lite B,19,Vertex 4 X-coordinate {m},7.04392800,False,3995
189,FenestrationSurface:Detailed,HIBO Door 105 CTG Lite B,20,Vertex 4 Y-coordinate {m},4.40029600,False,3996
189,FenestrationSurface:Detailed,HIBO Door 105 CTG Lite B,21,Vertex 4 Z-coordinate {m},1.98120000,False,3997
190,FenestrationSurface:Detailed,HIBO Door 106 Frame Top A,1,Name,HIBO Door 106 Frame Top A,False,4000
190,FenestrationSurface:Detailed,HIBO Door 106 Frame Top A,2,Surface Type,Door,False,4001
190,FenestrationSurface:Detailed,HIBO Door 106 Frame Top A,3,Construction Name,HIBO Metal Frame Strip,False,4002
190,FenestrationSurface:Detailed,HIBO Door 106 Frame Top A,4,Building Surface Name,Surface 25,False,4003
190,FenestrationSurface:Detailed,HIBO Door 106 Frame Top A,5,Outside Boundary Condition Object,HIBO Door 106 Frame Top B,False,4004
190,FenestrationSurface:Detailed,HIBO Door 106 Frame Top A,6,View Factor to Ground,autocalculate,False,4005
190,FenestrationSurface:Detailed,HIBO Door 106 Frame Top A,7,Frame and Divider Name,,True,4006
190,FenestrationSurface:Detailed,HIBO Door 106 Frame Top A,8,Multiplier,1,False,4007
190,FenestrationSurface:Detailed,HIBO Door 106 Frame Top A,9,Number of Vertices,4,False,4008
190,FenestrationSurface:Detailed,HIBO Door 106 Frame Top A,10,Vertex 1 X-coordinate {m},6.31240800,False,4009
190,FenestrationSurface:Detailed,HIBO Door 106 Frame Top A,11,Vertex 1 Y-coordinate {m},5.84606400,False,4010
190,FenestrationSurface:Detailed,HIBO Door 106 Frame Top A,12,Vertex 1 Z-coordinate {m},2.18440000,False,4011
190,FenestrationSurface:Detailed,HIBO Door 106 Frame Top A,13,Vertex 2 X-coordinate {m},6.31240800,False,4012
190,FenestrationSurface:Detailed,HIBO Door 106 Frame Top A,14,Vertex 2 Y-coordinate {m},5.84606400,False,4013
190,FenestrationSurface:Detailed,HIBO Door 106 Frame Top A,15,Vertex 2 Z-coordinate {m},2.13360000,False,4014
190,FenestrationSurface:Detailed,HIBO Door 106 Frame Top A,16,Vertex 3 X-coordinate {m},6.31240800,False,4015
190,FenestrationSurface:Detailed,HIBO Door 106 Frame Top A,17,Vertex 3 Y-coordinate {m},6.86206400,False,4016
190,FenestrationSurface:Detailed,HIBO Door 106 Frame Top A,18,Vertex 3 Z-coordinate {m},2.13360000,False,4017
190,FenestrationSurface:Detailed,HIBO Door 106 Frame Top A,19,Vertex 4 X-coordinate {m},6.31240800,False,4018
190,FenestrationSurface:Detailed,HIBO Door 106 Frame Top A,20,Vertex 4 Y-coordinate {m},6.86206400,False,4019
190,FenestrationSurface:Detailed,HIBO Door 106 Frame Top A,21,Vertex 4 Z-coordinate {m},2.18440000,False,4020
191,FenestrationSurface:Detailed,HIBO Door 106 Frame Top B,1,Name,HIBO Door 106 Frame Top B,False,4023
191,FenestrationSurface:Detailed,HIBO Door 106 Frame Top B,2,Surface Type,Door,False,4024
191,FenestrationSurface:Detailed,HIBO Door 106 Frame Top B,3,Construction Name,HIBO Metal Frame Strip,False,4025
191,FenestrationSurface:Detailed,HIBO Door 106 Frame Top B,4,Building Surface Name,Surface 45,False,4026
191,FenestrationSurface:Detailed,HIBO Door 106 Frame Top B,5,Outside Boundary Condition Object,HIBO Door 106 Frame Top A,False,4027
191,FenestrationSurface:Detailed,HIBO Door 106 Frame Top B,6,View Factor to Ground,autocalculate,False,4028
191,FenestrationSurface:Detailed,HIBO Door 106 Frame Top B,7,Frame and Divider Name,,True,4029
191,FenestrationSurface:Detailed,HIBO Door 106 Frame Top B,8,Multiplier,1,False,4030
191,FenestrationSurface:Detailed,HIBO Door 106 Frame Top B,9,Number of Vertices,4,False,4031
191,FenestrationSurface:Detailed,HIBO Door 106 Frame Top B,10,Vertex 1 X-coordinate {m},6.31240800,False,4032
191,FenestrationSurface:Detailed,HIBO Door 106 Frame Top B,11,Vertex 1 Y-coordinate {m},6.86206400,False,4033
191,FenestrationSurface:Detailed,HIBO Door 106 Frame Top B,12,Vertex 1 Z-coordinate {m},2.18440000,False,4034
191,FenestrationSurface:Detailed,HIBO Door 106 Frame Top B,13,Vertex 2 X-coordinate {m},6.31240800,False,4035
191,FenestrationSurface:Detailed,HIBO Door 106 Frame Top B,14,Vertex 2 Y-coordinate {m},6.86206400,False,4036
191,FenestrationSurface:Detailed,HIBO Door 106 Frame Top B,15,Vertex 2 Z-coordinate {m},2.13360000,False,4037
191,FenestrationSurface:Detailed,HIBO Door 106 Frame Top B,16,Vertex 3 X-coordinate {m},6.31240800,False,4038
191,FenestrationSurface:Detailed,HIBO Door 106 Frame Top B,17,Vertex 3 Y-coordinate {m},5.84606400,False,4039
191,FenestrationSurface:Detailed,HIBO Door 106 Frame Top B,18,Vertex 3 Z-coordinate {m},2.13360000,False,4040
191,FenestrationSurface:Detailed,HIBO Door 106 Frame Top B,19,Vertex 4 X-coordinate {m},6.31240800,False,4041
191,FenestrationSurface:Detailed,HIBO Door 106 Frame Top B,20,Vertex 4 Y-coordinate {m},5.84606400,False,4042
191,FenestrationSurface:Detailed,HIBO Door 106 Frame Top B,21,Vertex 4 Z-coordinate {m},2.18440000,False,4043
192,FenestrationSurface:Detailed,HIBO Door 106 Frame Left A,1,Name,HIBO Door 106 Frame Left A,False,4046
192,FenestrationSurface:Detailed,HIBO Door 106 Frame Left A,2,Surface Type,Door,False,4047
192,FenestrationSurface:Detailed,HIBO Door 106 Frame Left A,3,Construction Name,HIBO Metal Frame Strip,False,4048
192,FenestrationSurface:Detailed,HIBO Door 106 Frame Left A,4,Building Surface Name,Surface 25,False,4049
192,FenestrationSurface:Detailed,HIBO Door 106 Frame Left A,5,Outside Boundary Condition Object,HIBO Door 106 Frame Left B,False,4050
192,FenestrationSurface:Detailed,HIBO Door 106 Frame Left A,6,View Factor to Ground,autocalculate,False,4051
192,FenestrationSurface:Detailed,HIBO Door 106 Frame Left A,7,Frame and Divider Name,,True,4052
192,FenestrationSurface:Detailed,HIBO Door 106 Frame Left A,8,Multiplier,1,False,4053
192,FenestrationSurface:Detailed,HIBO Door 106 Frame Left A,9,Number of Vertices,4,False,4054
192,FenestrationSurface:Detailed,HIBO Door 106 Frame Left A,10,Vertex 1 X-coordinate {m},6.31240800,False,4055
192,FenestrationSurface:Detailed,HIBO Door 106 Frame Left A,11,Vertex 1 Y-coordinate {m},5.84606400,False,4056
192,FenestrationSurface:Detailed,HIBO Door 106 Frame Left A,12,Vertex 1 Z-coordinate {m},2.13360000,False,4057
192,FenestrationSurface:Detailed,HIBO Door 106 Frame Left A,13,Vertex 2 X-coordinate {m},6.31240800,False,4058
192,FenestrationSurface:Detailed,HIBO Door 106 Frame Left A,14,Vertex 2 Y-coordinate {m},5.84606400,False,4059
192,FenestrationSurface:Detailed,HIBO Door 106 Frame Left A,15,Vertex 2 Z-coordinate {m},0.00000000,False,4060
192,FenestrationSurface:Detailed,HIBO Door 106 Frame Left A,16,Vertex 3 X-coordinate {m},6.31240800,False,4061
192,FenestrationSurface:Detailed,HIBO Door 106 Frame Left A,17,Vertex 3 Y-coordinate {m},5.89686400,False,4062
192,FenestrationSurface:Detailed,HIBO Door 106 Frame Left A,18,Vertex 3 Z-coordinate {m},0.00000000,False,4063
192,FenestrationSurface:Detailed,HIBO Door 106 Frame Left A,19,Vertex 4 X-coordinate {m},6.31240800,False,4064
192,FenestrationSurface:Detailed,HIBO Door 106 Frame Left A,20,Vertex 4 Y-coordinate {m},5.89686400,False,4065
192,FenestrationSurface:Detailed,HIBO Door 106 Frame Left A,21,Vertex 4 Z-coordinate {m},2.13360000,False,4066
193,FenestrationSurface:Detailed,HIBO Door 106 Frame Left B,1,Name,HIBO Door 106 Frame Left B,False,4069
193,FenestrationSurface:Detailed,HIBO Door 106 Frame Left B,2,Surface Type,Door,False,4070
193,FenestrationSurface:Detailed,HIBO Door 106 Frame Left B,3,Construction Name,HIBO Metal Frame Strip,False,4071
193,FenestrationSurface:Detailed,HIBO Door 106 Frame Left B,4,Building Surface Name,Surface 45,False,4072
193,FenestrationSurface:Detailed,HIBO Door 106 Frame Left B,5,Outside Boundary Condition Object,HIBO Door 106 Frame Left A,False,4073
193,FenestrationSurface:Detailed,HIBO Door 106 Frame Left B,6,View Factor to Ground,autocalculate,False,4074
193,FenestrationSurface:Detailed,HIBO Door 106 Frame Left B,7,Frame and Divider Name,,True,4075
193,FenestrationSurface:Detailed,HIBO Door 106 Frame Left B,8,Multiplier,1,False,4076
193,FenestrationSurface:Detailed,HIBO Door 106 Frame Left B,9,Number of Vertices,4,False,4077
193,FenestrationSurface:Detailed,HIBO Door 106 Frame Left B,10,Vertex 1 X-coordinate {m},6.31240800,False,4078
193,FenestrationSurface:Detailed,HIBO Door 106 Frame Left B,11,Vertex 1 Y-coordinate {m},5.89686400,False,4079
193,FenestrationSurface:Detailed,HIBO Door 106 Frame Left B,12,Vertex 1 Z-coordinate {m},2.13360000,False,4080
193,FenestrationSurface:Detailed,HIBO Door 106 Frame Left B,13,Vertex 2 X-coordinate {m},6.31240800,False,4081
193,FenestrationSurface:Detailed,HIBO Door 106 Frame Left B,14,Vertex 2 Y-coordinate {m},5.89686400,False,4082
193,FenestrationSurface:Detailed,HIBO Door 106 Frame Left B,15,Vertex 2 Z-coordinate {m},0.00000000,False,4083
193,FenestrationSurface:Detailed,HIBO Door 106 Frame Left B,16,Vertex 3 X-coordinate {m},6.31240800,False,4084
193,FenestrationSurface:Detailed,HIBO Door 106 Frame Left B,17,Vertex 3 Y-coordinate {m},5.84606400,False,4085
193,FenestrationSurface:Detailed,HIBO Door 106 Frame Left B,18,Vertex 3 Z-coordinate {m},0.00000000,False,4086
193,FenestrationSurface:Detailed,HIBO Door 106 Frame Left B,19,Vertex 4 X-coordinate {m},6.31240800,False,4087
193,FenestrationSurface:Detailed,HIBO Door 106 Frame Left B,20,Vertex 4 Y-coordinate {m},5.84606400,False,4088
193,FenestrationSurface:Detailed,HIBO Door 106 Frame Left B,21,Vertex 4 Z-coordinate {m},2.13360000,False,4089
194,FenestrationSurface:Detailed,HIBO Door 106 Frame Right A,1,Name,HIBO Door 106 Frame Right A,False,4092
194,FenestrationSurface:Detailed,HIBO Door 106 Frame Right A,2,Surface Type,Door,False,4093
194,FenestrationSurface:Detailed,HIBO Door 106 Frame Right A,3,Construction Name,HIBO Metal Frame Strip,False,4094
194,FenestrationSurface:Detailed,HIBO Door 106 Frame Right A,4,Building Surface Name,Surface 25,False,4095
194,FenestrationSurface:Detailed,HIBO Door 106 Frame Right A,5,Outside Boundary Condition Object,HIBO Door 106 Frame Right B,False,4096
194,FenestrationSurface:Detailed,HIBO Door 106 Frame Right A,6,View Factor to Ground,autocalculate,False,4097
194,FenestrationSurface:Detailed,HIBO Door 106 Frame Right A,7,Frame and Divider Name,,True,4098
194,FenestrationSurface:Detailed,HIBO Door 106 Frame Right A,8,Multiplier,1,False,4099
194,FenestrationSurface:Detailed,HIBO Door 106 Frame Right A,9,Number of Vertices,4,False,4100
194,FenestrationSurface:Detailed,HIBO Door 106 Frame Right A,10,Vertex 1 X-coordinate {m},6.31240800,False,4101
194,FenestrationSurface:Detailed,HIBO Door 106 Frame Right A,11,Vertex 1 Y-coordinate {m},6.81126400,False,4102
194,FenestrationSurface:Detailed,HIBO Door 106 Frame Right A,12,Vertex 1 Z-coordinate {m},2.13360000,False,4103
194,FenestrationSurface:Detailed,HIBO Door 106 Frame Right A,13,Vertex 2 X-coordinate {m},6.31240800,False,4104
194,FenestrationSurface:Detailed,HIBO Door 106 Frame Right A,14,Vertex 2 Y-coordinate {m},6.81126400,False,4105
194,FenestrationSurface:Detailed,HIBO Door 106 Frame Right A,15,Vertex 2 Z-coordinate {m},0.00000000,False,4106
194,FenestrationSurface:Detailed,HIBO Door 106 Frame Right A,16,Vertex 3 X-coordinate {m},6.31240800,False,4107
194,FenestrationSurface:Detailed,HIBO Door 106 Frame Right A,17,Vertex 3 Y-coordinate {m},6.86206400,False,4108
194,FenestrationSurface:Detailed,HIBO Door 106 Frame Right A,18,Vertex 3 Z-coordinate {m},0.00000000,False,4109
194,FenestrationSurface:Detailed,HIBO Door 106 Frame Right A,19,Vertex 4 X-coordinate {m},6.31240800,False,4110
194,FenestrationSurface:Detailed,HIBO Door 106 Frame Right A,20,Vertex 4 Y-coordinate {m},6.86206400,False,4111
194,FenestrationSurface:Detailed,HIBO Door 106 Frame Right A,21,Vertex 4 Z-coordinate {m},2.13360000,False,4112
195,FenestrationSurface:Detailed,HIBO Door 106 Frame Right B,1,Name,HIBO Door 106 Frame Right B,False,4115
195,FenestrationSurface:Detailed,HIBO Door 106 Frame Right B,2,Surface Type,Door,False,4116
195,FenestrationSurface:Detailed,HIBO Door 106 Frame Right B,3,Construction Name,HIBO Metal Frame Strip,False,4117
195,FenestrationSurface:Detailed,HIBO Door 106 Frame Right B,4,Building Surface Name,Surface 45,False,4118
195,FenestrationSurface:Detailed,HIBO Door 106 Frame Right B,5,Outside Boundary Condition Object,HIBO Door 106 Frame Right A,False,4119
195,FenestrationSurface:Detailed,HIBO Door 106 Frame Right B,6,View Factor to Ground,autocalculate,False,4120
195,FenestrationSurface:Detailed,HIBO Door 106 Frame Right B,7,Frame and Divider Name,,True,4121
195,FenestrationSurface:Detailed,HIBO Door 106 Frame Right B,8,Multiplier,1,False,4122
195,FenestrationSurface:Detailed,HIBO Door 106 Frame Right B,9,Number of Vertices,4,False,4123
195,FenestrationSurface:Detailed,HIBO Door 106 Frame Right B,10,Vertex 1 X-coordinate {m},6.31240800,False,4124
195,FenestrationSurface:Detailed,HIBO Door 106 Frame Right B,11,Vertex 1 Y-coordinate {m},6.86206400,False,4125
195,FenestrationSurface:Detailed,HIBO Door 106 Frame Right B,12,Vertex 1 Z-coordinate {m},2.13360000,False,4126
195,FenestrationSurface:Detailed,HIBO Door 106 Frame Right B,13,Vertex 2 X-coordinate {m},6.31240800,False,4127
195,FenestrationSurface:Detailed,HIBO Door 106 Frame Right B,14,Vertex 2 Y-coordinate {m},6.86206400,False,4128
195,FenestrationSurface:Detailed,HIBO Door 106 Frame Right B,15,Vertex 2 Z-coordinate {m},0.00000000,False,4129
195,FenestrationSurface:Detailed,HIBO Door 106 Frame Right B,16,Vertex 3 X-coordinate {m},6.31240800,False,4130
195,FenestrationSurface:Detailed,HIBO Door 106 Frame Right B,17,Vertex 3 Y-coordinate {m},6.81126400,False,4131
195,FenestrationSurface:Detailed,HIBO Door 106 Frame Right B,18,Vertex 3 Z-coordinate {m},0.00000000,False,4132
195,FenestrationSurface:Detailed,HIBO Door 106 Frame Right B,19,Vertex 4 X-coordinate {m},6.31240800,False,4133
195,FenestrationSurface:Detailed,HIBO Door 106 Frame Right B,20,Vertex 4 Y-coordinate {m},6.81126400,False,4134
195,FenestrationSurface:Detailed,HIBO Door 106 Frame Right B,21,Vertex 4 Z-coordinate {m},2.13360000,False,4135
196,FenestrationSurface:Detailed,HIBO Door 106 Opaque Leaf A,1,Name,HIBO Door 106 Opaque Leaf A,False,4138
196,FenestrationSurface:Detailed,HIBO Door 106 Opaque Leaf A,2,Surface Type,Door,False,4139
196,FenestrationSurface:Detailed,HIBO Door 106 Opaque Leaf A,3,Construction Name,HIBO HM Door 1-3-4in,False,4140
196,FenestrationSurface:Detailed,HIBO Door 106 Opaque Leaf A,4,Building Surface Name,Surface 25,False,4141
196,FenestrationSurface:Detailed,HIBO Door 106 Opaque Leaf A,5,Outside Boundary Condition Object,HIBO Door 106 Opaque Leaf B,False,4142
196,FenestrationSurface:Detailed,HIBO Door 106 Opaque Leaf A,6,View Factor to Ground,autocalculate,False,4143
196,FenestrationSurface:Detailed,HIBO Door 106 Opaque Leaf A,7,Frame and Divider Name,,True,4144
196,FenestrationSurface:Detailed,HIBO Door 106 Opaque Leaf A,8,Multiplier,1,False,4145
196,FenestrationSurface:Detailed,HIBO Door 106 Opaque Leaf A,9,Number of Vertices,4,False,4146
196,FenestrationSurface:Detailed,HIBO Door 106 Opaque Leaf A,10,Vertex 1 X-coordinate {m},6.31240800,False,4147
196,FenestrationSurface:Detailed,HIBO Door 106 Opaque Leaf A,11,Vertex 1 Y-coordinate {m},5.89686400,False,4148
196,FenestrationSurface:Detailed,HIBO Door 106 Opaque Leaf A,12,Vertex 1 Z-coordinate {m},2.13360000,False,4149
196,FenestrationSurface:Detailed,HIBO Door 106 Opaque Leaf A,13,Vertex 2 X-coordinate {m},6.31240800,False,4150
196,FenestrationSurface:Detailed,HIBO Door 106 Opaque Leaf A,14,Vertex 2 Y-coordinate {m},5.89686400,False,4151
196,FenestrationSurface:Detailed,HIBO Door 106 Opaque Leaf A,15,Vertex 2 Z-coordinate {m},0.00000000,False,4152
196,FenestrationSurface:Detailed,HIBO Door 106 Opaque Leaf A,16,Vertex 3 X-coordinate {m},6.31240800,False,4153
196,FenestrationSurface:Detailed,HIBO Door 106 Opaque Leaf A,17,Vertex 3 Y-coordinate {m},6.81126400,False,4154
196,FenestrationSurface:Detailed,HIBO Door 106 Opaque Leaf A,18,Vertex 3 Z-coordinate {m},0.00000000,False,4155
196,FenestrationSurface:Detailed,HIBO Door 106 Opaque Leaf A,19,Vertex 4 X-coordinate {m},6.31240800,False,4156
196,FenestrationSurface:Detailed,HIBO Door 106 Opaque Leaf A,20,Vertex 4 Y-coordinate {m},6.81126400,False,4157
196,FenestrationSurface:Detailed,HIBO Door 106 Opaque Leaf A,21,Vertex 4 Z-coordinate {m},2.13360000,False,4158
197,FenestrationSurface:Detailed,HIBO Door 106 Opaque Leaf B,1,Name,HIBO Door 106 Opaque Leaf B,False,4161
197,FenestrationSurface:Detailed,HIBO Door 106 Opaque Leaf B,2,Surface Type,Door,False,4162
197,FenestrationSurface:Detailed,HIBO Door 106 Opaque Leaf B,3,Construction Name,HIBO HM Door 1-3-4in,False,4163
197,FenestrationSurface:Detailed,HIBO Door 106 Opaque Leaf B,4,Building Surface Name,Surface 45,False,4164
197,FenestrationSurface:Detailed,HIBO Door 106 Opaque Leaf B,5,Outside Boundary Condition Object,HIBO Door 106 Opaque Leaf A,False,4165
197,FenestrationSurface:Detailed,HIBO Door 106 Opaque Leaf B,6,View Factor to Ground,autocalculate,False,4166
197,FenestrationSurface:Detailed,HIBO Door 106 Opaque Leaf B,7,Frame and Divider Name,,True,4167
197,FenestrationSurface:Detailed,HIBO Door 106 Opaque Leaf B,8,Multiplier,1,False,4168
197,FenestrationSurface:Detailed,HIBO Door 106 Opaque Leaf B,9,Number of Vertices,4,False,4169
197,FenestrationSurface:Detailed,HIBO Door 106 Opaque Leaf B,10,Vertex 1 X-coordinate {m},6.31240800,False,4170
197,FenestrationSurface:Detailed,HIBO Door 106 Opaque Leaf B,11,Vertex 1 Y-coordinate {m},6.81126400,False,4171
197,FenestrationSurface:Detailed,HIBO Door 106 Opaque Leaf B,12,Vertex 1 Z-coordinate {m},2.13360000,False,4172
197,FenestrationSurface:Detailed,HIBO Door 106 Opaque Leaf B,13,Vertex 2 X-coordinate {m},6.31240800,False,4173
197,FenestrationSurface:Detailed,HIBO Door 106 Opaque Leaf B,14,Vertex 2 Y-coordinate {m},6.81126400,False,4174
197,FenestrationSurface:Detailed,HIBO Door 106 Opaque Leaf B,15,Vertex 2 Z-coordinate {m},0.00000000,False,4175
197,FenestrationSurface:Detailed,HIBO Door 106 Opaque Leaf B,16,Vertex 3 X-coordinate {m},6.31240800,False,4176
197,FenestrationSurface:Detailed,HIBO Door 106 Opaque Leaf B,17,Vertex 3 Y-coordinate {m},5.89686400,False,4177
197,FenestrationSurface:Detailed,HIBO Door 106 Opaque Leaf B,18,Vertex 3 Z-coordinate {m},0.00000000,False,4178
197,FenestrationSurface:Detailed,HIBO Door 106 Opaque Leaf B,19,Vertex 4 X-coordinate {m},6.31240800,False,4179
197,FenestrationSurface:Detailed,HIBO Door 106 Opaque Leaf B,20,Vertex 4 Y-coordinate {m},5.89686400,False,4180
197,FenestrationSurface:Detailed,HIBO Door 106 Opaque Leaf B,21,Vertex 4 Z-coordinate {m},2.13360000,False,4181
198,FenestrationSurface:Detailed,HIBO Type A LabB-Control Frame Bottom A,1,Name,HIBO Type A LabB-Control Frame Bottom A,False,4184
198,FenestrationSurface:Detailed,HIBO Type A LabB-Control Frame Bottom A,2,Surface Type,Door,False,4185
198,FenestrationSurface:Detailed,HIBO Type A LabB-Control Frame Bottom A,3,Construction Name,HIBO Metal Frame Strip,False,4186
198,FenestrationSurface:Detailed,HIBO Type A LabB-Control Frame Bottom A,4,Building Surface Name,Surface 6,False,4187
198,FenestrationSurface:Detailed,HIBO Type A LabB-Control Frame Bottom A,5,Outside Boundary Condition Object,HIBO Type A LabB-Control Frame Bottom B,False,4188
198,FenestrationSurface:Detailed,HIBO Type A LabB-Control Frame Bottom A,6,View Factor to Ground,autocalculate,False,4189
198,FenestrationSurface:Detailed,HIBO Type A LabB-Control Frame Bottom A,7,Frame and Divider Name,,True,4190
198,FenestrationSurface:Detailed,HIBO Type A LabB-Control Frame Bottom A,8,Multiplier,1,False,4191
198,FenestrationSurface:Detailed,HIBO Type A LabB-Control Frame Bottom A,9,Number of Vertices,4,False,4192
198,FenestrationSurface:Detailed,HIBO Type A LabB-Control Frame Bottom A,10,Vertex 1 X-coordinate {m},3.95630400,False,4193
198,FenestrationSurface:Detailed,HIBO Type A LabB-Control Frame Bottom A,11,Vertex 1 Y-coordinate {m},0.93980000,False,4194
198,FenestrationSurface:Detailed,HIBO Type A LabB-Control Frame Bottom A,12,Vertex 1 Z-coordinate {m},1.06680000,False,4195
198,FenestrationSurface:Detailed,HIBO Type A LabB-Control Frame Bottom A,13,Vertex 2 X-coordinate {m},3.95630400,False,4196
198,FenestrationSurface:Detailed,HIBO Type A LabB-Control Frame Bottom A,14,Vertex 2 Y-coordinate {m},0.93980000,False,4197
198,FenestrationSurface:Detailed,HIBO Type A LabB-Control Frame Bottom A,15,Vertex 2 Z-coordinate {m},1.01600000,False,4198
198,FenestrationSurface:Detailed,HIBO Type A LabB-Control Frame Bottom A,16,Vertex 3 X-coordinate {m},3.95630400,False,4199
198,FenestrationSurface:Detailed,HIBO Type A LabB-Control Frame Bottom A,17,Vertex 3 Y-coordinate {m},2.15900000,False,4200
198,FenestrationSurface:Detailed,HIBO Type A LabB-Control Frame Bottom A,18,Vertex 3 Z-coordinate {m},1.01600000,False,4201
198,FenestrationSurface:Detailed,HIBO Type A LabB-Control Frame Bottom A,19,Vertex 4 X-coordinate {m},3.95630400,False,4202
198,FenestrationSurface:Detailed,HIBO Type A LabB-Control Frame Bottom A,20,Vertex 4 Y-coordinate {m},2.15900000,False,4203
198,FenestrationSurface:Detailed,HIBO Type A LabB-Control Frame Bottom A,21,Vertex 4 Z-coordinate {m},1.06680000,False,4204
199,FenestrationSurface:Detailed,HIBO Type A LabB-Control Frame Bottom B,1,Name,HIBO Type A LabB-Control Frame Bottom B,False,4207
199,FenestrationSurface:Detailed,HIBO Type A LabB-Control Frame Bottom B,2,Surface Type,Door,False,4208
199,FenestrationSurface:Detailed,HIBO Type A LabB-Control Frame Bottom B,3,Construction Name,HIBO Metal Frame Strip,False,4209
199,FenestrationSurface:Detailed,HIBO Type A LabB-Control Frame Bottom B,4,Building Surface Name,Surface 13,False,4210
199,FenestrationSurface:Detailed,HIBO Type A LabB-Control Frame Bottom B,5,Outside Boundary Condition Object,HIBO Type A LabB-Control Frame Bottom A,False,4211
199,FenestrationSurface:Detailed,HIBO Type A LabB-Control Frame Bottom B,6,View Factor to Ground,autocalculate,False,4212
199,FenestrationSurface:Detailed,HIBO Type A LabB-Control Frame Bottom B,7,Frame and Divider Name,,True,4213
199,FenestrationSurface:Detailed,HIBO Type A LabB-Control Frame Bottom B,8,Multiplier,1,False,4214
199,FenestrationSurface:Detailed,HIBO Type A LabB-Control Frame Bottom B,9,Number of Vertices,4,False,4215
199,FenestrationSurface:Detailed,HIBO Type A LabB-Control Frame Bottom B,10,Vertex 1 X-coordinate {m},3.95630400,False,4216
199,FenestrationSurface:Detailed,HIBO Type A LabB-Control Frame Bottom B,11,Vertex 1 Y-coordinate {m},2.15900000,False,4217
199,FenestrationSurface:Detailed,HIBO Type A LabB-Control Frame Bottom B,12,Vertex 1 Z-coordinate {m},1.06680000,False,4218
199,FenestrationSurface:Detailed,HIBO Type A LabB-Control Frame Bottom B,13,Vertex 2 X-coordinate {m},3.95630400,False,4219
199,FenestrationSurface:Detailed,HIBO Type A LabB-Control Frame Bottom B,14,Vertex 2 Y-coordinate {m},2.15900000,False,4220
199,FenestrationSurface:Detailed,HIBO Type A LabB-Control Frame Bottom B,15,Vertex 2 Z-coordinate {m},1.01600000,False,4221
199,FenestrationSurface:Detailed,HIBO Type A LabB-Control Frame Bottom B,16,Vertex 3 X-coordinate {m},3.95630400,False,4222
199,FenestrationSurface:Detailed,HIBO Type A LabB-Control Frame Bottom B,17,Vertex 3 Y-coordinate {m},0.93980000,False,4223
199,FenestrationSurface:Detailed,HIBO Type A LabB-Control Frame Bottom B,18,Vertex 3 Z-coordinate {m},1.01600000,False,4224
199,FenestrationSurface:Detailed,HIBO Type A LabB-Control Frame Bottom B,19,Vertex 4 X-coordinate {m},3.95630400,False,4225
199,FenestrationSurface:Detailed,HIBO Type A LabB-Control Frame Bottom B,20,Vertex 4 Y-coordinate {m},0.93980000,False,4226
199,FenestrationSurface:Detailed,HIBO Type A LabB-Control Frame Bottom B,21,Vertex 4 Z-coordinate {m},1.06680000,False,4227
200,FenestrationSurface:Detailed,HIBO Type A LabB-Control Frame Top A,1,Name,HIBO Type A LabB-Control Frame Top A,False,4230
200,FenestrationSurface:Detailed,HIBO Type A LabB-Control Frame Top A,2,Surface Type,Door,False,4231
200,FenestrationSurface:Detailed,HIBO Type A LabB-Control Frame Top A,3,Construction Name,HIBO Metal Frame Strip,False,4232
200,FenestrationSurface:Detailed,HIBO Type A LabB-Control Frame Top A,4,Building Surface Name,Surface 6,False,4233
200,FenestrationSurface:Detailed,HIBO Type A LabB-Control Frame Top A,5,Outside Boundary Condition Object,HIBO Type A LabB-Control Frame Top B,False,4234
200,FenestrationSurface:Detailed,HIBO Type A LabB-Control Frame Top A,6,View Factor to Ground,autocalculate,False,4235
200,FenestrationSurface:Detailed,HIBO Type A LabB-Control Frame Top A,7,Frame and Divider Name,,True,4236
200,FenestrationSurface:Detailed,HIBO Type A LabB-Control Frame Top A,8,Multiplier,1,False,4237
200,FenestrationSurface:Detailed,HIBO Type A LabB-Control Frame Top A,9,Number of Vertices,4,False,4238
200,FenestrationSurface:Detailed,HIBO Type A LabB-Control Frame Top A,10,Vertex 1 X-coordinate {m},3.95630400,False,4239
200,FenestrationSurface:Detailed,HIBO Type A LabB-Control Frame Top A,11,Vertex 1 Y-coordinate {m},0.93980000,False,4240
200,FenestrationSurface:Detailed,HIBO Type A LabB-Control Frame Top A,12,Vertex 1 Z-coordinate {m},1.93040000,False,4241
200,FenestrationSurface:Detailed,HIBO Type A LabB-Control Frame Top A,13,Vertex 2 X-coordinate {m},3.95630400,False,4242
200,FenestrationSurface:Detailed,HIBO Type A LabB-Control Frame Top A,14,Vertex 2 Y-coordinate {m},0.93980000,False,4243
200,FenestrationSurface:Detailed,HIBO Type A LabB-Control Frame Top A,15,Vertex 2 Z-coordinate {m},1.87960000,False,4244
200,FenestrationSurface:Detailed,HIBO Type A LabB-Control Frame Top A,16,Vertex 3 X-coordinate {m},3.95630400,False,4245
200,FenestrationSurface:Detailed,HIBO Type A LabB-Control Frame Top A,17,Vertex 3 Y-coordinate {m},2.15900000,False,4246
200,FenestrationSurface:Detailed,HIBO Type A LabB-Control Frame Top A,18,Vertex 3 Z-coordinate {m},1.87960000,False,4247
200,FenestrationSurface:Detailed,HIBO Type A LabB-Control Frame Top A,19,Vertex 4 X-coordinate {m},3.95630400,False,4248
200,FenestrationSurface:Detailed,HIBO Type A LabB-Control Frame Top A,20,Vertex 4 Y-coordinate {m},2.15900000,False,4249
200,FenestrationSurface:Detailed,HIBO Type A LabB-Control Frame Top A,21,Vertex 4 Z-coordinate {m},1.93040000,False,4250
201,FenestrationSurface:Detailed,HIBO Type A LabB-Control Frame Top B,1,Name,HIBO Type A LabB-Control Frame Top B,False,4253
201,FenestrationSurface:Detailed,HIBO Type A LabB-Control Frame Top B,2,Surface Type,Door,False,4254
201,FenestrationSurface:Detailed,HIBO Type A LabB-Control Frame Top B,3,Construction Name,HIBO Metal Frame Strip,False,4255
201,FenestrationSurface:Detailed,HIBO Type A LabB-Control Frame Top B,4,Building Surface Name,Surface 13,False,4256
201,FenestrationSurface:Detailed,HIBO Type A LabB-Control Frame Top B,5,Outside Boundary Condition Object,HIBO Type A LabB-Control Frame Top A,False,4257
201,FenestrationSurface:Detailed,HIBO Type A LabB-Control Frame Top B,6,View Factor to Ground,autocalculate,False,4258
201,FenestrationSurface:Detailed,HIBO Type A LabB-Control Frame Top B,7,Frame and Divider Name,,True,4259
201,FenestrationSurface:Detailed,HIBO Type A LabB-Control Frame Top B,8,Multiplier,1,False,4260
201,FenestrationSurface:Detailed,HIBO Type A LabB-Control Frame Top B,9,Number of Vertices,4,False,4261
201,FenestrationSurface:Detailed,HIBO Type A LabB-Control Frame Top B,10,Vertex 1 X-coordinate {m},3.95630400,False,4262
201,FenestrationSurface:Detailed,HIBO Type A LabB-Control Frame Top B,11,Vertex 1 Y-coordinate {m},2.15900000,False,4263
201,FenestrationSurface:Detailed,HIBO Type A LabB-Control Frame Top B,12,Vertex 1 Z-coordinate {m},1.93040000,False,4264
201,FenestrationSurface:Detailed,HIBO Type A LabB-Control Frame Top B,13,Vertex 2 X-coordinate {m},3.95630400,False,4265
201,FenestrationSurface:Detailed,HIBO Type A LabB-Control Frame Top B,14,Vertex 2 Y-coordinate {m},2.15900000,False,4266
201,FenestrationSurface:Detailed,HIBO Type A LabB-Control Frame Top B,15,Vertex 2 Z-coordinate {m},1.87960000,False,4267
201,FenestrationSurface:Detailed,HIBO Type A LabB-Control Frame Top B,16,Vertex 3 X-coordinate {m},3.95630400,False,4268
201,FenestrationSurface:Detailed,HIBO Type A LabB-Control Frame Top B,17,Vertex 3 Y-coordinate {m},0.93980000,False,4269
201,FenestrationSurface:Detailed,HIBO Type A LabB-Control Frame Top B,18,Vertex 3 Z-coordinate {m},1.87960000,False,4270
201,FenestrationSurface:Detailed,HIBO Type A LabB-Control Frame Top B,19,Vertex 4 X-coordinate {m},3.95630400,False,4271
201,FenestrationSurface:Detailed,HIBO Type A LabB-Control Frame Top B,20,Vertex 4 Y-coordinate {m},0.93980000,False,4272
201,FenestrationSurface:Detailed,HIBO Type A LabB-Control Frame Top B,21,Vertex 4 Z-coordinate {m},1.93040000,False,4273
202,FenestrationSurface:Detailed,HIBO Type A LabB-Control Frame Left A,1,Name,HIBO Type A LabB-Control Frame Left A,False,4276
202,FenestrationSurface:Detailed,HIBO Type A LabB-Control Frame Left A,2,Surface Type,Door,False,4277
202,FenestrationSurface:Detailed,HIBO Type A LabB-Control Frame Left A,3,Construction Name,HIBO Metal Frame Strip,False,4278
202,FenestrationSurface:Detailed,HIBO Type A LabB-Control Frame Left A,4,Building Surface Name,Surface 6,False,4279
202,FenestrationSurface:Detailed,HIBO Type A LabB-Control Frame Left A,5,Outside Boundary Condition Object,HIBO Type A LabB-Control Frame Left B,False,4280
202,FenestrationSurface:Detailed,HIBO Type A LabB-Control Frame Left A,6,View Factor to Ground,autocalculate,False,4281
202,FenestrationSurface:Detailed,HIBO Type A LabB-Control Frame Left A,7,Frame and Divider Name,,True,4282
202,FenestrationSurface:Detailed,HIBO Type A LabB-Control Frame Left A,8,Multiplier,1,False,4283
202,FenestrationSurface:Detailed,HIBO Type A LabB-Control Frame Left A,9,Number of Vertices,4,False,4284
202,FenestrationSurface:Detailed,HIBO Type A LabB-Control Frame Left A,10,Vertex 1 X-coordinate {m},3.95630400,False,4285
202,FenestrationSurface:Detailed,HIBO Type A LabB-Control Frame Left A,11,Vertex 1 Y-coordinate {m},0.93980000,False,4286
202,FenestrationSurface:Detailed,HIBO Type A LabB-Control Frame Left A,12,Vertex 1 Z-coordinate {m},1.87960000,False,4287
202,FenestrationSurface:Detailed,HIBO Type A LabB-Control Frame Left A,13,Vertex 2 X-coordinate {m},3.95630400,False,4288
202,FenestrationSurface:Detailed,HIBO Type A LabB-Control Frame Left A,14,Vertex 2 Y-coordinate {m},0.93980000,False,4289
202,FenestrationSurface:Detailed,HIBO Type A LabB-Control Frame Left A,15,Vertex 2 Z-coordinate {m},1.06680000,False,4290
202,FenestrationSurface:Detailed,HIBO Type A LabB-Control Frame Left A,16,Vertex 3 X-coordinate {m},3.95630400,False,4291
202,FenestrationSurface:Detailed,HIBO Type A LabB-Control Frame Left A,17,Vertex 3 Y-coordinate {m},0.99060000,False,4292
202,FenestrationSurface:Detailed,HIBO Type A LabB-Control Frame Left A,18,Vertex 3 Z-coordinate {m},1.06680000,False,4293
202,FenestrationSurface:Detailed,HIBO Type A LabB-Control Frame Left A,19,Vertex 4 X-coordinate {m},3.95630400,False,4294
202,FenestrationSurface:Detailed,HIBO Type A LabB-Control Frame Left A,20,Vertex 4 Y-coordinate {m},0.99060000,False,4295
202,FenestrationSurface:Detailed,HIBO Type A LabB-Control Frame Left A,21,Vertex 4 Z-coordinate {m},1.87960000,False,4296
203,FenestrationSurface:Detailed,HIBO Type A LabB-Control Frame Left B,1,Name,HIBO Type A LabB-Control Frame Left B,False,4299
203,FenestrationSurface:Detailed,HIBO Type A LabB-Control Frame Left B,2,Surface Type,Door,False,4300
203,FenestrationSurface:Detailed,HIBO Type A LabB-Control Frame Left B,3,Construction Name,HIBO Metal Frame Strip,False,4301
203,FenestrationSurface:Detailed,HIBO Type A LabB-Control Frame Left B,4,Building Surface Name,Surface 13,False,4302
203,FenestrationSurface:Detailed,HIBO Type A LabB-Control Frame Left B,5,Outside Boundary Condition Object,HIBO Type A LabB-Control Frame Left A,False,4303
203,FenestrationSurface:Detailed,HIBO Type A LabB-Control Frame Left B,6,View Factor to Ground,autocalculate,False,4304
203,FenestrationSurface:Detailed,HIBO Type A LabB-Control Frame Left B,7,Frame and Divider Name,,True,4305
203,FenestrationSurface:Detailed,HIBO Type A LabB-Control Frame Left B,8,Multiplier,1,False,4306
203,FenestrationSurface:Detailed,HIBO Type A LabB-Control Frame Left B,9,Number of Vertices,4,False,4307
203,FenestrationSurface:Detailed,HIBO Type A LabB-Control Frame Left B,10,Vertex 1 X-coordinate {m},3.95630400,False,4308
203,FenestrationSurface:Detailed,HIBO Type A LabB-Control Frame Left B,11,Vertex 1 Y-coordinate {m},0.99060000,False,4309
203,FenestrationSurface:Detailed,HIBO Type A LabB-Control Frame Left B,12,Vertex 1 Z-coordinate {m},1.87960000,False,4310
203,FenestrationSurface:Detailed,HIBO Type A LabB-Control Frame Left B,13,Vertex 2 X-coordinate {m},3.95630400,False,4311
203,FenestrationSurface:Detailed,HIBO Type A LabB-Control Frame Left B,14,Vertex 2 Y-coordinate {m},0.99060000,False,4312
203,FenestrationSurface:Detailed,HIBO Type A LabB-Control Frame Left B,15,Vertex 2 Z-coordinate {m},1.06680000,False,4313
203,FenestrationSurface:Detailed,HIBO Type A LabB-Control Frame Left B,16,Vertex 3 X-coordinate {m},3.95630400,False,4314
203,FenestrationSurface:Detailed,HIBO Type A LabB-Control Frame Left B,17,Vertex 3 Y-coordinate {m},0.93980000,False,4315
203,FenestrationSurface:Detailed,HIBO Type A LabB-Control Frame Left B,18,Vertex 3 Z-coordinate {m},1.06680000,False,4316
203,FenestrationSurface:Detailed,HIBO Type A LabB-Control Frame Left B,19,Vertex 4 X-coordinate {m},3.95630400,False,4317
203,FenestrationSurface:Detailed,HIBO Type A LabB-Control Frame Left B,20,Vertex 4 Y-coordinate {m},0.93980000,False,4318
203,FenestrationSurface:Detailed,HIBO Type A LabB-Control Frame Left B,21,Vertex 4 Z-coordinate {m},1.87960000,False,4319
204,FenestrationSurface:Detailed,HIBO Type A LabB-Control Frame Right A,1,Name,HIBO Type A LabB-Control Frame Right A,False,4322
204,FenestrationSurface:Detailed,HIBO Type A LabB-Control Frame Right A,2,Surface Type,Door,False,4323
204,FenestrationSurface:Detailed,HIBO Type A LabB-Control Frame Right A,3,Construction Name,HIBO Metal Frame Strip,False,4324
204,FenestrationSurface:Detailed,HIBO Type A LabB-Control Frame Right A,4,Building Surface Name,Surface 6,False,4325
204,FenestrationSurface:Detailed,HIBO Type A LabB-Control Frame Right A,5,Outside Boundary Condition Object,HIBO Type A LabB-Control Frame Right B,False,4326
204,FenestrationSurface:Detailed,HIBO Type A LabB-Control Frame Right A,6,View Factor to Ground,autocalculate,False,4327
204,FenestrationSurface:Detailed,HIBO Type A LabB-Control Frame Right A,7,Frame and Divider Name,,True,4328
204,FenestrationSurface:Detailed,HIBO Type A LabB-Control Frame Right A,8,Multiplier,1,False,4329
204,FenestrationSurface:Detailed,HIBO Type A LabB-Control Frame Right A,9,Number of Vertices,4,False,4330
204,FenestrationSurface:Detailed,HIBO Type A LabB-Control Frame Right A,10,Vertex 1 X-coordinate {m},3.95630400,False,4331
204,FenestrationSurface:Detailed,HIBO Type A LabB-Control Frame Right A,11,Vertex 1 Y-coordinate {m},2.10820000,False,4332
204,FenestrationSurface:Detailed,HIBO Type A LabB-Control Frame Right A,12,Vertex 1 Z-coordinate {m},1.87960000,False,4333
204,FenestrationSurface:Detailed,HIBO Type A LabB-Control Frame Right A,13,Vertex 2 X-coordinate {m},3.95630400,False,4334
204,FenestrationSurface:Detailed,HIBO Type A LabB-Control Frame Right A,14,Vertex 2 Y-coordinate {m},2.10820000,False,4335
204,FenestrationSurface:Detailed,HIBO Type A LabB-Control Frame Right A,15,Vertex 2 Z-coordinate {m},1.06680000,False,4336
204,FenestrationSurface:Detailed,HIBO Type A LabB-Control Frame Right A,16,Vertex 3 X-coordinate {m},3.95630400,False,4337
204,FenestrationSurface:Detailed,HIBO Type A LabB-Control Frame Right A,17,Vertex 3 Y-coordinate {m},2.15900000,False,4338
204,FenestrationSurface:Detailed,HIBO Type A LabB-Control Frame Right A,18,Vertex 3 Z-coordinate {m},1.06680000,False,4339
204,FenestrationSurface:Detailed,HIBO Type A LabB-Control Frame Right A,19,Vertex 4 X-coordinate {m},3.95630400,False,4340
204,FenestrationSurface:Detailed,HIBO Type A LabB-Control Frame Right A,20,Vertex 4 Y-coordinate {m},2.15900000,False,4341
204,FenestrationSurface:Detailed,HIBO Type A LabB-Control Frame Right A,21,Vertex 4 Z-coordinate {m},1.87960000,False,4342
205,FenestrationSurface:Detailed,HIBO Type A LabB-Control Frame Right B,1,Name,HIBO Type A LabB-Control Frame Right B,False,4345
205,FenestrationSurface:Detailed,HIBO Type A LabB-Control Frame Right B,2,Surface Type,Door,False,4346
205,FenestrationSurface:Detailed,HIBO Type A LabB-Control Frame Right B,3,Construction Name,HIBO Metal Frame Strip,False,4347
205,FenestrationSurface:Detailed,HIBO Type A LabB-Control Frame Right B,4,Building Surface Name,Surface 13,False,4348
205,FenestrationSurface:Detailed,HIBO Type A LabB-Control Frame Right B,5,Outside Boundary Condition Object,HIBO Type A LabB-Control Frame Right A,False,4349
205,FenestrationSurface:Detailed,HIBO Type A LabB-Control Frame Right B,6,View Factor to Ground,autocalculate,False,4350
205,FenestrationSurface:Detailed,HIBO Type A LabB-Control Frame Right B,7,Frame and Divider Name,,True,4351
205,FenestrationSurface:Detailed,HIBO Type A LabB-Control Frame Right B,8,Multiplier,1,False,4352
205,FenestrationSurface:Detailed,HIBO Type A LabB-Control Frame Right B,9,Number of Vertices,4,False,4353
205,FenestrationSurface:Detailed,HIBO Type A LabB-Control Frame Right B,10,Vertex 1 X-coordinate {m},3.95630400,False,4354
205,FenestrationSurface:Detailed,HIBO Type A LabB-Control Frame Right B,11,Vertex 1 Y-coordinate {m},2.15900000,False,4355
205,FenestrationSurface:Detailed,HIBO Type A LabB-Control Frame Right B,12,Vertex 1 Z-coordinate {m},1.87960000,False,4356
205,FenestrationSurface:Detailed,HIBO Type A LabB-Control Frame Right B,13,Vertex 2 X-coordinate {m},3.95630400,False,4357
205,FenestrationSurface:Detailed,HIBO Type A LabB-Control Frame Right B,14,Vertex 2 Y-coordinate {m},2.15900000,False,4358
205,FenestrationSurface:Detailed,HIBO Type A LabB-Control Frame Right B,15,Vertex 2 Z-coordinate {m},1.06680000,False,4359
205,FenestrationSurface:Detailed,HIBO Type A LabB-Control Frame Right B,16,Vertex 3 X-coordinate {m},3.95630400,False,4360
205,FenestrationSurface:Detailed,HIBO Type A LabB-Control Frame Right B,17,Vertex 3 Y-coordinate {m},2.10820000,False,4361
205,FenestrationSurface:Detailed,HIBO Type A LabB-Control Frame Right B,18,Vertex 3 Z-coordinate {m},1.06680000,False,4362
205,FenestrationSurface:Detailed,HIBO Type A LabB-Control Frame Right B,19,Vertex 4 X-coordinate {m},3.95630400,False,4363
205,FenestrationSurface:Detailed,HIBO Type A LabB-Control Frame Right B,20,Vertex 4 Y-coordinate {m},2.10820000,False,4364
205,FenestrationSurface:Detailed,HIBO Type A LabB-Control Frame Right B,21,Vertex 4 Z-coordinate {m},1.87960000,False,4365
206,FenestrationSurface:Detailed,HIBO Type A LabB-Control CTG A,1,Name,HIBO Type A LabB-Control CTG A,False,4368
206,FenestrationSurface:Detailed,HIBO Type A LabB-Control CTG A,2,Surface Type,Window,False,4369
206,FenestrationSurface:Detailed,HIBO Type A LabB-Control CTG A,3,Construction Name,HIBO Interior CTG,False,4370
206,FenestrationSurface:Detailed,HIBO Type A LabB-Control CTG A,4,Building Surface Name,Surface 6,False,4371
206,FenestrationSurface:Detailed,HIBO Type A LabB-Control CTG A,5,Outside Boundary Condition Object,HIBO Type A LabB-Control CTG B,False,4372
206,FenestrationSurface:Detailed,HIBO Type A LabB-Control CTG A,6,View Factor to Ground,autocalculate,False,4373
206,FenestrationSurface:Detailed,HIBO Type A LabB-Control CTG A,7,Frame and Divider Name,,True,4374
206,FenestrationSurface:Detailed,HIBO Type A LabB-Control CTG A,8,Multiplier,1,False,4375
206,FenestrationSurface:Detailed,HIBO Type A LabB-Control CTG A,9,Number of Vertices,4,False,4376
206,FenestrationSurface:Detailed,HIBO Type A LabB-Control CTG A,10,Vertex 1 X-coordinate {m},3.95630400,False,4377
206,FenestrationSurface:Detailed,HIBO Type A LabB-Control CTG A,11,Vertex 1 Y-coordinate {m},0.99060000,False,4378
206,FenestrationSurface:Detailed,HIBO Type A LabB-Control CTG A,12,Vertex 1 Z-coordinate {m},1.87960000,False,4379
206,FenestrationSurface:Detailed,HIBO Type A LabB-Control CTG A,13,Vertex 2 X-coordinate {m},3.95630400,False,4380
206,FenestrationSurface:Detailed,HIBO Type A LabB-Control CTG A,14,Vertex 2 Y-coordinate {m},0.99060000,False,4381
206,FenestrationSurface:Detailed,HIBO Type A LabB-Control CTG A,15,Vertex 2 Z-coordinate {m},1.06680000,False,4382
206,FenestrationSurface:Detailed,HIBO Type A LabB-Control CTG A,16,Vertex 3 X-coordinate {m},3.95630400,False,4383
206,FenestrationSurface:Detailed,HIBO Type A LabB-Control CTG A,17,Vertex 3 Y-coordinate {m},2.10820000,False,4384
206,FenestrationSurface:Detailed,HIBO Type A LabB-Control CTG A,18,Vertex 3 Z-coordinate {m},1.06680000,False,4385
206,FenestrationSurface:Detailed,HIBO Type A LabB-Control CTG A,19,Vertex 4 X-coordinate {m},3.95630400,False,4386
206,FenestrationSurface:Detailed,HIBO Type A LabB-Control CTG A,20,Vertex 4 Y-coordinate {m},2.10820000,False,4387
206,FenestrationSurface:Detailed,HIBO Type A LabB-Control CTG A,21,Vertex 4 Z-coordinate {m},1.87960000,False,4388
207,FenestrationSurface:Detailed,HIBO Type A LabB-Control CTG B,1,Name,HIBO Type A LabB-Control CTG B,False,4391
207,FenestrationSurface:Detailed,HIBO Type A LabB-Control CTG B,2,Surface Type,Window,False,4392
207,FenestrationSurface:Detailed,HIBO Type A LabB-Control CTG B,3,Construction Name,HIBO Interior CTG,False,4393
207,FenestrationSurface:Detailed,HIBO Type A LabB-Control CTG B,4,Building Surface Name,Surface 13,False,4394
207,FenestrationSurface:Detailed,HIBO Type A LabB-Control CTG B,5,Outside Boundary Condition Object,HIBO Type A LabB-Control CTG A,False,4395
207,FenestrationSurface:Detailed,HIBO Type A LabB-Control CTG B,6,View Factor to Ground,autocalculate,False,4396
207,FenestrationSurface:Detailed,HIBO Type A LabB-Control CTG B,7,Frame and Divider Name,,True,4397
207,FenestrationSurface:Detailed,HIBO Type A LabB-Control CTG B,8,Multiplier,1,False,4398
207,FenestrationSurface:Detailed,HIBO Type A LabB-Control CTG B,9,Number of Vertices,4,False,4399
207,FenestrationSurface:Detailed,HIBO Type A LabB-Control CTG B,10,Vertex 1 X-coordinate {m},3.95630400,False,4400
207,FenestrationSurface:Detailed,HIBO Type A LabB-Control CTG B,11,Vertex 1 Y-coordinate {m},2.10820000,False,4401
207,FenestrationSurface:Detailed,HIBO Type A LabB-Control CTG B,12,Vertex 1 Z-coordinate {m},1.87960000,False,4402
207,FenestrationSurface:Detailed,HIBO Type A LabB-Control CTG B,13,Vertex 2 X-coordinate {m},3.95630400,False,4403
207,FenestrationSurface:Detailed,HIBO Type A LabB-Control CTG B,14,Vertex 2 Y-coordinate {m},2.10820000,False,4404
207,FenestrationSurface:Detailed,HIBO Type A LabB-Control CTG B,15,Vertex 2 Z-coordinate {m},1.06680000,False,4405
207,FenestrationSurface:Detailed,HIBO Type A LabB-Control CTG B,16,Vertex 3 X-coordinate {m},3.95630400,False,4406
207,FenestrationSurface:Detailed,HIBO Type A LabB-Control CTG B,17,Vertex 3 Y-coordinate {m},0.99060000,False,4407
207,FenestrationSurface:Detailed,HIBO Type A LabB-Control CTG B,18,Vertex 3 Z-coordinate {m},1.06680000,False,4408
207,FenestrationSurface:Detailed,HIBO Type A LabB-Control CTG B,19,Vertex 4 X-coordinate {m},3.95630400,False,4409
207,FenestrationSurface:Detailed,HIBO Type A LabB-Control CTG B,20,Vertex 4 Y-coordinate {m},0.99060000,False,4410
207,FenestrationSurface:Detailed,HIBO Type A LabB-Control CTG B,21,Vertex 4 Z-coordinate {m},1.87960000,False,4411
208,FenestrationSurface:Detailed,HIBO Type A LabA-Control Frame Bottom A,1,Name,HIBO Type A LabA-Control Frame Bottom A,False,4414
208,FenestrationSurface:Detailed,HIBO Type A LabA-Control Frame Bottom A,2,Surface Type,Door,False,4415
208,FenestrationSurface:Detailed,HIBO Type A LabA-Control Frame Bottom A,3,Construction Name,HIBO Metal Frame Strip,False,4416
208,FenestrationSurface:Detailed,HIBO Type A LabA-Control Frame Bottom A,4,Building Surface Name,Surface 20,False,4417
208,FenestrationSurface:Detailed,HIBO Type A LabA-Control Frame Bottom A,5,Outside Boundary Condition Object,HIBO Type A LabA-Control Frame Bottom B,False,4418
208,FenestrationSurface:Detailed,HIBO Type A LabA-Control Frame Bottom A,6,View Factor to Ground,autocalculate,False,4419
208,FenestrationSurface:Detailed,HIBO Type A LabA-Control Frame Bottom A,7,Frame and Divider Name,,True,4420
208,FenestrationSurface:Detailed,HIBO Type A LabA-Control Frame Bottom A,8,Multiplier,1,False,4421
208,FenestrationSurface:Detailed,HIBO Type A LabA-Control Frame Bottom A,9,Number of Vertices,4,False,4422
208,FenestrationSurface:Detailed,HIBO Type A LabA-Control Frame Bottom A,10,Vertex 1 X-coordinate {m},7.04392800,False,4423
208,FenestrationSurface:Detailed,HIBO Type A LabA-Control Frame Bottom A,11,Vertex 1 Y-coordinate {m},2.15900000,False,4424
208,FenestrationSurface:Detailed,HIBO Type A LabA-Control Frame Bottom A,12,Vertex 1 Z-coordinate {m},1.06680000,False,4425
208,FenestrationSurface:Detailed,HIBO Type A LabA-Control Frame Bottom A,13,Vertex 2 X-coordinate {m},7.04392800,False,4426
208,FenestrationSurface:Detailed,HIBO Type A LabA-Control Frame Bottom A,14,Vertex 2 Y-coordinate {m},2.15900000,False,4427
208,FenestrationSurface:Detailed,HIBO Type A LabA-Control Frame Bottom A,15,Vertex 2 Z-coordinate {m},1.01600000,False,4428
208,FenestrationSurface:Detailed,HIBO Type A LabA-Control Frame Bottom A,16,Vertex 3 X-coordinate {m},7.04392800,False,4429
208,FenestrationSurface:Detailed,HIBO Type A LabA-Control Frame Bottom A,17,Vertex 3 Y-coordinate {m},0.93980000,False,4430
208,FenestrationSurface:Detailed,HIBO Type A LabA-Control Frame Bottom A,18,Vertex 3 Z-coordinate {m},1.01600000,False,4431
208,FenestrationSurface:Detailed,HIBO Type A LabA-Control Frame Bottom A,19,Vertex 4 X-coordinate {m},7.04392800,False,4432
208,FenestrationSurface:Detailed,HIBO Type A LabA-Control Frame Bottom A,20,Vertex 4 Y-coordinate {m},0.93980000,False,4433
208,FenestrationSurface:Detailed,HIBO Type A LabA-Control Frame Bottom A,21,Vertex 4 Z-coordinate {m},1.06680000,False,4434
209,FenestrationSurface:Detailed,HIBO Type A LabA-Control Frame Bottom B,1,Name,HIBO Type A LabA-Control Frame Bottom B,False,4437
209,FenestrationSurface:Detailed,HIBO Type A LabA-Control Frame Bottom B,2,Surface Type,Door,False,4438
209,FenestrationSurface:Detailed,HIBO Type A LabA-Control Frame Bottom B,3,Construction Name,HIBO Metal Frame Strip,False,4439
209,FenestrationSurface:Detailed,HIBO Type A LabA-Control Frame Bottom B,4,Building Surface Name,Surface 11,False,4440
209,FenestrationSurface:Detailed,HIBO Type A LabA-Control Frame Bottom B,5,Outside Boundary Condition Object,HIBO Type A LabA-Control Frame Bottom A,False,4441
209,FenestrationSurface:Detailed,HIBO Type A LabA-Control Frame Bottom B,6,View Factor to Ground,autocalculate,False,4442
209,FenestrationSurface:Detailed,HIBO Type A LabA-Control Frame Bottom B,7,Frame and Divider Name,,True,4443
209,FenestrationSurface:Detailed,HIBO Type A LabA-Control Frame Bottom B,8,Multiplier,1,False,4444
209,FenestrationSurface:Detailed,HIBO Type A LabA-Control Frame Bottom B,9,Number of Vertices,4,False,4445
209,FenestrationSurface:Detailed,HIBO Type A LabA-Control Frame Bottom B,10,Vertex 1 X-coordinate {m},7.04392800,False,4446
209,FenestrationSurface:Detailed,HIBO Type A LabA-Control Frame Bottom B,11,Vertex 1 Y-coordinate {m},0.93980000,False,4447
209,FenestrationSurface:Detailed,HIBO Type A LabA-Control Frame Bottom B,12,Vertex 1 Z-coordinate {m},1.06680000,False,4448
209,FenestrationSurface:Detailed,HIBO Type A LabA-Control Frame Bottom B,13,Vertex 2 X-coordinate {m},7.04392800,False,4449
209,FenestrationSurface:Detailed,HIBO Type A LabA-Control Frame Bottom B,14,Vertex 2 Y-coordinate {m},0.93980000,False,4450
209,FenestrationSurface:Detailed,HIBO Type A LabA-Control Frame Bottom B,15,Vertex 2 Z-coordinate {m},1.01600000,False,4451
209,FenestrationSurface:Detailed,HIBO Type A LabA-Control Frame Bottom B,16,Vertex 3 X-coordinate {m},7.04392800,False,4452
209,FenestrationSurface:Detailed,HIBO Type A LabA-Control Frame Bottom B,17,Vertex 3 Y-coordinate {m},2.15900000,False,4453
209,FenestrationSurface:Detailed,HIBO Type A LabA-Control Frame Bottom B,18,Vertex 3 Z-coordinate {m},1.01600000,False,4454
209,FenestrationSurface:Detailed,HIBO Type A LabA-Control Frame Bottom B,19,Vertex 4 X-coordinate {m},7.04392800,False,4455
209,FenestrationSurface:Detailed,HIBO Type A LabA-Control Frame Bottom B,20,Vertex 4 Y-coordinate {m},2.15900000,False,4456
209,FenestrationSurface:Detailed,HIBO Type A LabA-Control Frame Bottom B,21,Vertex 4 Z-coordinate {m},1.06680000,False,4457
210,FenestrationSurface:Detailed,HIBO Type A LabA-Control Frame Top A,1,Name,HIBO Type A LabA-Control Frame Top A,False,4460
210,FenestrationSurface:Detailed,HIBO Type A LabA-Control Frame Top A,2,Surface Type,Door,False,4461
210,FenestrationSurface:Detailed,HIBO Type A LabA-Control Frame Top A,3,Construction Name,HIBO Metal Frame Strip,False,4462
210,FenestrationSurface:Detailed,HIBO Type A LabA-Control Frame Top A,4,Building Surface Name,Surface 20,False,4463
210,FenestrationSurface:Detailed,HIBO Type A LabA-Control Frame Top A,5,Outside Boundary Condition Object,HIBO Type A LabA-Control Frame Top B,False,4464
210,FenestrationSurface:Detailed,HIBO Type A LabA-Control Frame Top A,6,View Factor to Ground,autocalculate,False,4465
210,FenestrationSurface:Detailed,HIBO Type A LabA-Control Frame Top A,7,Frame and Divider Name,,True,4466
210,FenestrationSurface:Detailed,HIBO Type A LabA-Control Frame Top A,8,Multiplier,1,False,4467
210,FenestrationSurface:Detailed,HIBO Type A LabA-Control Frame Top A,9,Number of Vertices,4,False,4468
210,FenestrationSurface:Detailed,HIBO Type A LabA-Control Frame Top A,10,Vertex 1 X-coordinate {m},7.04392800,False,4469
210,FenestrationSurface:Detailed,HIBO Type A LabA-Control Frame Top A,11,Vertex 1 Y-coordinate {m},2.15900000,False,4470
210,FenestrationSurface:Detailed,HIBO Type A LabA-Control Frame Top A,12,Vertex 1 Z-coordinate {m},1.93040000,False,4471
210,FenestrationSurface:Detailed,HIBO Type A LabA-Control Frame Top A,13,Vertex 2 X-coordinate {m},7.04392800,False,4472
210,FenestrationSurface:Detailed,HIBO Type A LabA-Control Frame Top A,14,Vertex 2 Y-coordinate {m},2.15900000,False,4473
210,FenestrationSurface:Detailed,HIBO Type A LabA-Control Frame Top A,15,Vertex 2 Z-coordinate {m},1.87960000,False,4474
210,FenestrationSurface:Detailed,HIBO Type A LabA-Control Frame Top A,16,Vertex 3 X-coordinate {m},7.04392800,False,4475
210,FenestrationSurface:Detailed,HIBO Type A LabA-Control Frame Top A,17,Vertex 3 Y-coordinate {m},0.93980000,False,4476
210,FenestrationSurface:Detailed,HIBO Type A LabA-Control Frame Top A,18,Vertex 3 Z-coordinate {m},1.87960000,False,4477
210,FenestrationSurface:Detailed,HIBO Type A LabA-Control Frame Top A,19,Vertex 4 X-coordinate {m},7.04392800,False,4478
210,FenestrationSurface:Detailed,HIBO Type A LabA-Control Frame Top A,20,Vertex 4 Y-coordinate {m},0.93980000,False,4479
210,FenestrationSurface:Detailed,HIBO Type A LabA-Control Frame Top A,21,Vertex 4 Z-coordinate {m},1.93040000,False,4480
211,FenestrationSurface:Detailed,HIBO Type A LabA-Control Frame Top B,1,Name,HIBO Type A LabA-Control Frame Top B,False,4483
211,FenestrationSurface:Detailed,HIBO Type A LabA-Control Frame Top B,2,Surface Type,Door,False,4484
211,FenestrationSurface:Detailed,HIBO Type A LabA-Control Frame Top B,3,Construction Name,HIBO Metal Frame Strip,False,4485
211,FenestrationSurface:Detailed,HIBO Type A LabA-Control Frame Top B,4,Building Surface Name,Surface 11,False,4486
211,FenestrationSurface:Detailed,HIBO Type A LabA-Control Frame Top B,5,Outside Boundary Condition Object,HIBO Type A LabA-Control Frame Top A,False,4487
211,FenestrationSurface:Detailed,HIBO Type A LabA-Control Frame Top B,6,View Factor to Ground,autocalculate,False,4488
211,FenestrationSurface:Detailed,HIBO Type A LabA-Control Frame Top B,7,Frame and Divider Name,,True,4489
211,FenestrationSurface:Detailed,HIBO Type A LabA-Control Frame Top B,8,Multiplier,1,False,4490
211,FenestrationSurface:Detailed,HIBO Type A LabA-Control Frame Top B,9,Number of Vertices,4,False,4491
211,FenestrationSurface:Detailed,HIBO Type A LabA-Control Frame Top B,10,Vertex 1 X-coordinate {m},7.04392800,False,4492
211,FenestrationSurface:Detailed,HIBO Type A LabA-Control Frame Top B,11,Vertex 1 Y-coordinate {m},0.93980000,False,4493
211,FenestrationSurface:Detailed,HIBO Type A LabA-Control Frame Top B,12,Vertex 1 Z-coordinate {m},1.93040000,False,4494
211,FenestrationSurface:Detailed,HIBO Type A LabA-Control Frame Top B,13,Vertex 2 X-coordinate {m},7.04392800,False,4495
211,FenestrationSurface:Detailed,HIBO Type A LabA-Control Frame Top B,14,Vertex 2 Y-coordinate {m},0.93980000,False,4496
211,FenestrationSurface:Detailed,HIBO Type A LabA-Control Frame Top B,15,Vertex 2 Z-coordinate {m},1.87960000,False,4497
211,FenestrationSurface:Detailed,HIBO Type A LabA-Control Frame Top B,16,Vertex 3 X-coordinate {m},7.04392800,False,4498
211,FenestrationSurface:Detailed,HIBO Type A LabA-Control Frame Top B,17,Vertex 3 Y-coordinate {m},2.15900000,False,4499
211,FenestrationSurface:Detailed,HIBO Type A LabA-Control Frame Top B,18,Vertex 3 Z-coordinate {m},1.87960000,False,4500
211,FenestrationSurface:Detailed,HIBO Type A LabA-Control Frame Top B,19,Vertex 4 X-coordinate {m},7.04392800,False,4501
211,FenestrationSurface:Detailed,HIBO Type A LabA-Control Frame Top B,20,Vertex 4 Y-coordinate {m},2.15900000,False,4502
211,FenestrationSurface:Detailed,HIBO Type A LabA-Control Frame Top B,21,Vertex 4 Z-coordinate {m},1.93040000,False,4503
212,FenestrationSurface:Detailed,HIBO Type A LabA-Control Frame Left A,1,Name,HIBO Type A LabA-Control Frame Left A,False,4506
212,FenestrationSurface:Detailed,HIBO Type A LabA-Control Frame Left A,2,Surface Type,Door,False,4507
212,FenestrationSurface:Detailed,HIBO Type A LabA-Control Frame Left A,3,Construction Name,HIBO Metal Frame Strip,False,4508
212,FenestrationSurface:Detailed,HIBO Type A LabA-Control Frame Left A,4,Building Surface Name,Surface 20,False,4509
212,FenestrationSurface:Detailed,HIBO Type A LabA-Control Frame Left A,5,Outside Boundary Condition Object,HIBO Type A LabA-Control Frame Left B,False,4510
212,FenestrationSurface:Detailed,HIBO Type A LabA-Control Frame Left A,6,View Factor to Ground,autocalculate,False,4511
212,FenestrationSurface:Detailed,HIBO Type A LabA-Control Frame Left A,7,Frame and Divider Name,,True,4512
212,FenestrationSurface:Detailed,HIBO Type A LabA-Control Frame Left A,8,Multiplier,1,False,4513
212,FenestrationSurface:Detailed,HIBO Type A LabA-Control Frame Left A,9,Number of Vertices,4,False,4514
212,FenestrationSurface:Detailed,HIBO Type A LabA-Control Frame Left A,10,Vertex 1 X-coordinate {m},7.04392800,False,4515
212,FenestrationSurface:Detailed,HIBO Type A LabA-Control Frame Left A,11,Vertex 1 Y-coordinate {m},0.99060000,False,4516
212,FenestrationSurface:Detailed,HIBO Type A LabA-Control Frame Left A,12,Vertex 1 Z-coordinate {m},1.87960000,False,4517
212,FenestrationSurface:Detailed,HIBO Type A LabA-Control Frame Left A,13,Vertex 2 X-coordinate {m},7.04392800,False,4518
212,FenestrationSurface:Detailed,HIBO Type A LabA-Control Frame Left A,14,Vertex 2 Y-coordinate {m},0.99060000,False,4519
212,FenestrationSurface:Detailed,HIBO Type A LabA-Control Frame Left A,15,Vertex 2 Z-coordinate {m},1.06680000,False,4520
212,FenestrationSurface:Detailed,HIBO Type A LabA-Control Frame Left A,16,Vertex 3 X-coordinate {m},7.04392800,False,4521
212,FenestrationSurface:Detailed,HIBO Type A LabA-Control Frame Left A,17,Vertex 3 Y-coordinate {m},0.93980000,False,4522
212,FenestrationSurface:Detailed,HIBO Type A LabA-Control Frame Left A,18,Vertex 3 Z-coordinate {m},1.06680000,False,4523
212,FenestrationSurface:Detailed,HIBO Type A LabA-Control Frame Left A,19,Vertex 4 X-coordinate {m},7.04392800,False,4524
212,FenestrationSurface:Detailed,HIBO Type A LabA-Control Frame Left A,20,Vertex 4 Y-coordinate {m},0.93980000,False,4525
212,FenestrationSurface:Detailed,HIBO Type A LabA-Control Frame Left A,21,Vertex 4 Z-coordinate {m},1.87960000,False,4526
213,FenestrationSurface:Detailed,HIBO Type A LabA-Control Frame Left B,1,Name,HIBO Type A LabA-Control Frame Left B,False,4529
213,FenestrationSurface:Detailed,HIBO Type A LabA-Control Frame Left B,2,Surface Type,Door,False,4530
213,FenestrationSurface:Detailed,HIBO Type A LabA-Control Frame Left B,3,Construction Name,HIBO Metal Frame Strip,False,4531
213,FenestrationSurface:Detailed,HIBO Type A LabA-Control Frame Left B,4,Building Surface Name,Surface 11,False,4532
213,FenestrationSurface:Detailed,HIBO Type A LabA-Control Frame Left B,5,Outside Boundary Condition Object,HIBO Type A LabA-Control Frame Left A,False,4533
213,FenestrationSurface:Detailed,HIBO Type A LabA-Control Frame Left B,6,View Factor to Ground,autocalculate,False,4534
213,FenestrationSurface:Detailed,HIBO Type A LabA-Control Frame Left B,7,Frame and Divider Name,,True,4535
213,FenestrationSurface:Detailed,HIBO Type A LabA-Control Frame Left B,8,Multiplier,1,False,4536
213,FenestrationSurface:Detailed,HIBO Type A LabA-Control Frame Left B,9,Number of Vertices,4,False,4537
213,FenestrationSurface:Detailed,HIBO Type A LabA-Control Frame Left B,10,Vertex 1 X-coordinate {m},7.04392800,False,4538
213,FenestrationSurface:Detailed,HIBO Type A LabA-Control Frame Left B,11,Vertex 1 Y-coordinate {m},0.93980000,False,4539
213,FenestrationSurface:Detailed,HIBO Type A LabA-Control Frame Left B,12,Vertex 1 Z-coordinate {m},1.87960000,False,4540
213,FenestrationSurface:Detailed,HIBO Type A LabA-Control Frame Left B,13,Vertex 2 X-coordinate {m},7.04392800,False,4541
213,FenestrationSurface:Detailed,HIBO Type A LabA-Control Frame Left B,14,Vertex 2 Y-coordinate {m},0.93980000,False,4542
213,FenestrationSurface:Detailed,HIBO Type A LabA-Control Frame Left B,15,Vertex 2 Z-coordinate {m},1.06680000,False,4543
213,FenestrationSurface:Detailed,HIBO Type A LabA-Control Frame Left B,16,Vertex 3 X-coordinate {m},7.04392800,False,4544
213,FenestrationSurface:Detailed,HIBO Type A LabA-Control Frame Left B,17,Vertex 3 Y-coordinate {m},0.99060000,False,4545
213,FenestrationSurface:Detailed,HIBO Type A LabA-Control Frame Left B,18,Vertex 3 Z-coordinate {m},1.06680000,False,4546
213,FenestrationSurface:Detailed,HIBO Type A LabA-Control Frame Left B,19,Vertex 4 X-coordinate {m},7.04392800,False,4547
213,FenestrationSurface:Detailed,HIBO Type A LabA-Control Frame Left B,20,Vertex 4 Y-coordinate {m},0.99060000,False,4548
213,FenestrationSurface:Detailed,HIBO Type A LabA-Control Frame Left B,21,Vertex 4 Z-coordinate {m},1.87960000,False,4549
214,FenestrationSurface:Detailed,HIBO Type A LabA-Control Frame Right A,1,Name,HIBO Type A LabA-Control Frame Right A,False,4552
214,FenestrationSurface:Detailed,HIBO Type A LabA-Control Frame Right A,2,Surface Type,Door,False,4553
214,FenestrationSurface:Detailed,HIBO Type A LabA-Control Frame Right A,3,Construction Name,HIBO Metal Frame Strip,False,4554
214,FenestrationSurface:Detailed,HIBO Type A LabA-Control Frame Right A,4,Building Surface Name,Surface 20,False,4555
214,FenestrationSurface:Detailed,HIBO Type A LabA-Control Frame Right A,5,Outside Boundary Condition Object,HIBO Type A LabA-Control Frame Right B,False,4556
214,FenestrationSurface:Detailed,HIBO Type A LabA-Control Frame Right A,6,View Factor to Ground,autocalculate,False,4557
214,FenestrationSurface:Detailed,HIBO Type A LabA-Control Frame Right A,7,Frame and Divider Name,,True,4558
214,FenestrationSurface:Detailed,HIBO Type A LabA-Control Frame Right A,8,Multiplier,1,False,4559
214,FenestrationSurface:Detailed,HIBO Type A LabA-Control Frame Right A,9,Number of Vertices,4,False,4560
214,FenestrationSurface:Detailed,HIBO Type A LabA-Control Frame Right A,10,Vertex 1 X-coordinate {m},7.04392800,False,4561
214,FenestrationSurface:Detailed,HIBO Type A LabA-Control Frame Right A,11,Vertex 1 Y-coordinate {m},2.15900000,False,4562
214,FenestrationSurface:Detailed,HIBO Type A LabA-Control Frame Right A,12,Vertex 1 Z-coordinate {m},1.87960000,False,4563
214,FenestrationSurface:Detailed,HIBO Type A LabA-Control Frame Right A,13,Vertex 2 X-coordinate {m},7.04392800,False,4564
214,FenestrationSurface:Detailed,HIBO Type A LabA-Control Frame Right A,14,Vertex 2 Y-coordinate {m},2.15900000,False,4565
214,FenestrationSurface:Detailed,HIBO Type A LabA-Control Frame Right A,15,Vertex 2 Z-coordinate {m},1.06680000,False,4566
214,FenestrationSurface:Detailed,HIBO Type A LabA-Control Frame Right A,16,Vertex 3 X-coordinate {m},7.04392800,False,4567
214,FenestrationSurface:Detailed,HIBO Type A LabA-Control Frame Right A,17,Vertex 3 Y-coordinate {m},2.10820000,False,4568
214,FenestrationSurface:Detailed,HIBO Type A LabA-Control Frame Right A,18,Vertex 3 Z-coordinate {m},1.06680000,False,4569
214,FenestrationSurface:Detailed,HIBO Type A LabA-Control Frame Right A,19,Vertex 4 X-coordinate {m},7.04392800,False,4570
214,FenestrationSurface:Detailed,HIBO Type A LabA-Control Frame Right A,20,Vertex 4 Y-coordinate {m},2.10820000,False,4571
214,FenestrationSurface:Detailed,HIBO Type A LabA-Control Frame Right A,21,Vertex 4 Z-coordinate {m},1.87960000,False,4572
215,FenestrationSurface:Detailed,HIBO Type A LabA-Control Frame Right B,1,Name,HIBO Type A LabA-Control Frame Right B,False,4575
215,FenestrationSurface:Detailed,HIBO Type A LabA-Control Frame Right B,2,Surface Type,Door,False,4576
215,FenestrationSurface:Detailed,HIBO Type A LabA-Control Frame Right B,3,Construction Name,HIBO Metal Frame Strip,False,4577
215,FenestrationSurface:Detailed,HIBO Type A LabA-Control Frame Right B,4,Building Surface Name,Surface 11,False,4578
215,FenestrationSurface:Detailed,HIBO Type A LabA-Control Frame Right B,5,Outside Boundary Condition Object,HIBO Type A LabA-Control Frame Right A,False,4579
215,FenestrationSurface:Detailed,HIBO Type A LabA-Control Frame Right B,6,View Factor to Ground,autocalculate,False,4580
215,FenestrationSurface:Detailed,HIBO Type A LabA-Control Frame Right B,7,Frame and Divider Name,,True,4581
215,FenestrationSurface:Detailed,HIBO Type A LabA-Control Frame Right B,8,Multiplier,1,False,4582
215,FenestrationSurface:Detailed,HIBO Type A LabA-Control Frame Right B,9,Number of Vertices,4,False,4583
215,FenestrationSurface:Detailed,HIBO Type A LabA-Control Frame Right B,10,Vertex 1 X-coordinate {m},7.04392800,False,4584
215,FenestrationSurface:Detailed,HIBO Type A LabA-Control Frame Right B,11,Vertex 1 Y-coordinate {m},2.10820000,False,4585
215,FenestrationSurface:Detailed,HIBO Type A LabA-Control Frame Right B,12,Vertex 1 Z-coordinate {m},1.87960000,False,4586
215,FenestrationSurface:Detailed,HIBO Type A LabA-Control Frame Right B,13,Vertex 2 X-coordinate {m},7.04392800,False,4587
215,FenestrationSurface:Detailed,HIBO Type A LabA-Control Frame Right B,14,Vertex 2 Y-coordinate {m},2.10820000,False,4588
215,FenestrationSurface:Detailed,HIBO Type A LabA-Control Frame Right B,15,Vertex 2 Z-coordinate {m},1.06680000,False,4589
215,FenestrationSurface:Detailed,HIBO Type A LabA-Control Frame Right B,16,Vertex 3 X-coordinate {m},7.04392800,False,4590
215,FenestrationSurface:Detailed,HIBO Type A LabA-Control Frame Right B,17,Vertex 3 Y-coordinate {m},2.15900000,False,4591
215,FenestrationSurface:Detailed,HIBO Type A LabA-Control Frame Right B,18,Vertex 3 Z-coordinate {m},1.06680000,False,4592
215,FenestrationSurface:Detailed,HIBO Type A LabA-Control Frame Right B,19,Vertex 4 X-coordinate {m},7.04392800,False,4593
215,FenestrationSurface:Detailed,HIBO Type A LabA-Control Frame Right B,20,Vertex 4 Y-coordinate {m},2.15900000,False,4594
215,FenestrationSurface:Detailed,HIBO Type A LabA-Control Frame Right B,21,Vertex 4 Z-coordinate {m},1.87960000,False,4595
216,FenestrationSurface:Detailed,HIBO Type A LabA-Control CTG A,1,Name,HIBO Type A LabA-Control CTG A,False,4598
216,FenestrationSurface:Detailed,HIBO Type A LabA-Control CTG A,2,Surface Type,Window,False,4599
216,FenestrationSurface:Detailed,HIBO Type A LabA-Control CTG A,3,Construction Name,HIBO Interior CTG,False,4600
216,FenestrationSurface:Detailed,HIBO Type A LabA-Control CTG A,4,Building Surface Name,Surface 20,False,4601
216,FenestrationSurface:Detailed,HIBO Type A LabA-Control CTG A,5,Outside Boundary Condition Object,HIBO Type A LabA-Control CTG B,False,4602
216,FenestrationSurface:Detailed,HIBO Type A LabA-Control CTG A,6,View Factor to Ground,autocalculate,False,4603
216,FenestrationSurface:Detailed,HIBO Type A LabA-Control CTG A,7,Frame and Divider Name,,True,4604
216,FenestrationSurface:Detailed,HIBO Type A LabA-Control CTG A,8,Multiplier,1,False,4605
216,FenestrationSurface:Detailed,HIBO Type A LabA-Control CTG A,9,Number of Vertices,4,False,4606
216,FenestrationSurface:Detailed,HIBO Type A LabA-Control CTG A,10,Vertex 1 X-coordinate {m},7.04392800,False,4607
216,FenestrationSurface:Detailed,HIBO Type A LabA-Control CTG A,11,Vertex 1 Y-coordinate {m},2.10820000,False,4608
216,FenestrationSurface:Detailed,HIBO Type A LabA-Control CTG A,12,Vertex 1 Z-coordinate {m},1.87960000,False,4609
216,FenestrationSurface:Detailed,HIBO Type A LabA-Control CTG A,13,Vertex 2 X-coordinate {m},7.04392800,False,4610
216,FenestrationSurface:Detailed,HIBO Type A LabA-Control CTG A,14,Vertex 2 Y-coordinate {m},2.10820000,False,4611
216,FenestrationSurface:Detailed,HIBO Type A LabA-Control CTG A,15,Vertex 2 Z-coordinate {m},1.06680000,False,4612
216,FenestrationSurface:Detailed,HIBO Type A LabA-Control CTG A,16,Vertex 3 X-coordinate {m},7.04392800,False,4613
216,FenestrationSurface:Detailed,HIBO Type A LabA-Control CTG A,17,Vertex 3 Y-coordinate {m},0.99060000,False,4614
216,FenestrationSurface:Detailed,HIBO Type A LabA-Control CTG A,18,Vertex 3 Z-coordinate {m},1.06680000,False,4615
216,FenestrationSurface:Detailed,HIBO Type A LabA-Control CTG A,19,Vertex 4 X-coordinate {m},7.04392800,False,4616
216,FenestrationSurface:Detailed,HIBO Type A LabA-Control CTG A,20,Vertex 4 Y-coordinate {m},0.99060000,False,4617
216,FenestrationSurface:Detailed,HIBO Type A LabA-Control CTG A,21,Vertex 4 Z-coordinate {m},1.87960000,False,4618
217,FenestrationSurface:Detailed,HIBO Type A LabA-Control CTG B,1,Name,HIBO Type A LabA-Control CTG B,False,4621
217,FenestrationSurface:Detailed,HIBO Type A LabA-Control CTG B,2,Surface Type,Window,False,4622
217,FenestrationSurface:Detailed,HIBO Type A LabA-Control CTG B,3,Construction Name,HIBO Interior CTG,False,4623
217,FenestrationSurface:Detailed,HIBO Type A LabA-Control CTG B,4,Building Surface Name,Surface 11,False,4624
217,FenestrationSurface:Detailed,HIBO Type A LabA-Control CTG B,5,Outside Boundary Condition Object,HIBO Type A LabA-Control CTG A,False,4625
217,FenestrationSurface:Detailed,HIBO Type A LabA-Control CTG B,6,View Factor to Ground,autocalculate,False,4626
217,FenestrationSurface:Detailed,HIBO Type A LabA-Control CTG B,7,Frame and Divider Name,,True,4627
217,FenestrationSurface:Detailed,HIBO Type A LabA-Control CTG B,8,Multiplier,1,False,4628
217,FenestrationSurface:Detailed,HIBO Type A LabA-Control CTG B,9,Number of Vertices,4,False,4629
217,FenestrationSurface:Detailed,HIBO Type A LabA-Control CTG B,10,Vertex 1 X-coordinate {m},7.04392800,False,4630
217,FenestrationSurface:Detailed,HIBO Type A LabA-Control CTG B,11,Vertex 1 Y-coordinate {m},0.99060000,False,4631
217,FenestrationSurface:Detailed,HIBO Type A LabA-Control CTG B,12,Vertex 1 Z-coordinate {m},1.87960000,False,4632
217,FenestrationSurface:Detailed,HIBO Type A LabA-Control CTG B,13,Vertex 2 X-coordinate {m},7.04392800,False,4633
217,FenestrationSurface:Detailed,HIBO Type A LabA-Control CTG B,14,Vertex 2 Y-coordinate {m},0.99060000,False,4634
217,FenestrationSurface:Detailed,HIBO Type A LabA-Control CTG B,15,Vertex 2 Z-coordinate {m},1.06680000,False,4635
217,FenestrationSurface:Detailed,HIBO Type A LabA-Control CTG B,16,Vertex 3 X-coordinate {m},7.04392800,False,4636
217,FenestrationSurface:Detailed,HIBO Type A LabA-Control CTG B,17,Vertex 3 Y-coordinate {m},2.10820000,False,4637
217,FenestrationSurface:Detailed,HIBO Type A LabA-Control CTG B,18,Vertex 3 Z-coordinate {m},1.06680000,False,4638
217,FenestrationSurface:Detailed,HIBO Type A LabA-Control CTG B,19,Vertex 4 X-coordinate {m},7.04392800,False,4639
217,FenestrationSurface:Detailed,HIBO Type A LabA-Control CTG B,20,Vertex 4 Y-coordinate {m},2.10820000,False,4640
217,FenestrationSurface:Detailed,HIBO Type A LabA-Control CTG B,21,Vertex 4 Z-coordinate {m},1.87960000,False,4641
218,FenestrationSurface:Detailed,HIBO CWC LabB Spandrel Frame Top,1,Name,HIBO CWC LabB Spandrel Frame Top,False,4644
218,FenestrationSurface:Detailed,HIBO CWC LabB Spandrel Frame Top,2,Surface Type,Door,False,4645
218,FenestrationSurface:Detailed,HIBO CWC LabB Spandrel Frame Top,3,Construction Name,HIBO Exterior Aluminum Frame Strip,False,4646
218,FenestrationSurface:Detailed,HIBO CWC LabB Spandrel Frame Top,4,Building Surface Name,Surface 55,False,4647
218,FenestrationSurface:Detailed,HIBO CWC LabB Spandrel Frame Top,5,Outside Boundary Condition Object,,True,4648
218,FenestrationSurface:Detailed,HIBO CWC LabB Spandrel Frame Top,6,View Factor to Ground,autocalculate,False,4649
218,FenestrationSurface:Detailed,HIBO CWC LabB Spandrel Frame Top,7,Frame and Divider Name,,True,4650
218,FenestrationSurface:Detailed,HIBO CWC LabB Spandrel Frame Top,8,Multiplier,1,False,4651
218,FenestrationSurface:Detailed,HIBO CWC LabB Spandrel Frame Top,9,Number of Vertices,4,False,4652
218,FenestrationSurface:Detailed,HIBO CWC LabB Spandrel Frame Top,10,Vertex 1 X-coordinate {m},0.14935200,False,4653
218,FenestrationSurface:Detailed,HIBO CWC LabB Spandrel Frame Top,11,Vertex 1 Y-coordinate {m},0.00000000,False,4654
218,FenestrationSurface:Detailed,HIBO CWC LabB Spandrel Frame Top,12,Vertex 1 Z-coordinate {m},4.06400000,False,4655
218,FenestrationSurface:Detailed,HIBO CWC LabB Spandrel Frame Top,13,Vertex 2 X-coordinate {m},0.14935200,False,4656
218,FenestrationSurface:Detailed,HIBO CWC LabB Spandrel Frame Top,14,Vertex 2 Y-coordinate {m},0.00000000,False,4657
218,FenestrationSurface:Detailed,HIBO CWC LabB Spandrel Frame Top,15,Vertex 2 Z-coordinate {m},4.01320000,False,4658
218,FenestrationSurface:Detailed,HIBO CWC LabB Spandrel Frame Top,16,Vertex 3 X-coordinate {m},3.80695200,False,4659
218,FenestrationSurface:Detailed,HIBO CWC LabB Spandrel Frame Top,17,Vertex 3 Y-coordinate {m},0.00000000,False,4660
218,FenestrationSurface:Detailed,HIBO CWC LabB Spandrel Frame Top,18,Vertex 3 Z-coordinate {m},4.01320000,False,4661
218,FenestrationSurface:Detailed,HIBO CWC LabB Spandrel Frame Top,19,Vertex 4 X-coordinate {m},3.80695200,False,4662
218,FenestrationSurface:Detailed,HIBO CWC LabB Spandrel Frame Top,20,Vertex 4 Y-coordinate {m},0.00000000,False,4663
218,FenestrationSurface:Detailed,HIBO CWC LabB Spandrel Frame Top,21,Vertex 4 Z-coordinate {m},4.06400000,False,4664
219,FenestrationSurface:Detailed,HIBO CWC LabB Spandrel Frame Left,1,Name,HIBO CWC LabB Spandrel Frame Left,False,4667
219,FenestrationSurface:Detailed,HIBO CWC LabB Spandrel Frame Left,2,Surface Type,Door,False,4668
219,FenestrationSurface:Detailed,HIBO CWC LabB Spandrel Frame Left,3,Construction Name,HIBO Exterior Aluminum Frame Strip,False,4669
219,FenestrationSurface:Detailed,HIBO CWC LabB Spandrel Frame Left,4,Building Surface Name,Surface 55,False,4670
219,FenestrationSurface:Detailed,HIBO CWC LabB Spandrel Frame Left,5,Outside Boundary Condition Object,,True,4671
219,FenestrationSurface:Detailed,HIBO CWC LabB Spandrel Frame Left,6,View Factor to Ground,autocalculate,False,4672
219,FenestrationSurface:Detailed,HIBO CWC LabB Spandrel Frame Left,7,Frame and Divider Name,,True,4673
219,FenestrationSurface:Detailed,HIBO CWC LabB Spandrel Frame Left,8,Multiplier,1,False,4674
219,FenestrationSurface:Detailed,HIBO CWC LabB Spandrel Frame Left,9,Number of Vertices,4,False,4675
219,FenestrationSurface:Detailed,HIBO CWC LabB Spandrel Frame Left,10,Vertex 1 X-coordinate {m},0.14935200,False,4676
219,FenestrationSurface:Detailed,HIBO CWC LabB Spandrel Frame Left,11,Vertex 1 Y-coordinate {m},0.00000000,False,4677
219,FenestrationSurface:Detailed,HIBO CWC LabB Spandrel Frame Left,12,Vertex 1 Z-coordinate {m},4.01320000,False,4678
219,FenestrationSurface:Detailed,HIBO CWC LabB Spandrel Frame Left,13,Vertex 2 X-coordinate {m},0.14935200,False,4679
219,FenestrationSurface:Detailed,HIBO CWC LabB Spandrel Frame Left,14,Vertex 2 Y-coordinate {m},0.00000000,False,4680
219,FenestrationSurface:Detailed,HIBO CWC LabB Spandrel Frame Left,15,Vertex 2 Z-coordinate {m},3.04800000,False,4681
219,FenestrationSurface:Detailed,HIBO CWC LabB Spandrel Frame Left,16,Vertex 3 X-coordinate {m},0.20015200,False,4682
219,FenestrationSurface:Detailed,HIBO CWC LabB Spandrel Frame Left,17,Vertex 3 Y-coordinate {m},0.00000000,False,4683
219,FenestrationSurface:Detailed,HIBO CWC LabB Spandrel Frame Left,18,Vertex 3 Z-coordinate {m},3.04800000,False,4684
219,FenestrationSurface:Detailed,HIBO CWC LabB Spandrel Frame Left,19,Vertex 4 X-coordinate {m},0.20015200,False,4685
219,FenestrationSurface:Detailed,HIBO CWC LabB Spandrel Frame Left,20,Vertex 4 Y-coordinate {m},0.00000000,False,4686
219,FenestrationSurface:Detailed,HIBO CWC LabB Spandrel Frame Left,21,Vertex 4 Z-coordinate {m},4.01320000,False,4687
220,FenestrationSurface:Detailed,HIBO CWC LabB Spandrel Frame Right,1,Name,HIBO CWC LabB Spandrel Frame Right,False,4690
220,FenestrationSurface:Detailed,HIBO CWC LabB Spandrel Frame Right,2,Surface Type,Door,False,4691
220,FenestrationSurface:Detailed,HIBO CWC LabB Spandrel Frame Right,3,Construction Name,HIBO Exterior Aluminum Frame Strip,False,4692
220,FenestrationSurface:Detailed,HIBO CWC LabB Spandrel Frame Right,4,Building Surface Name,Surface 55,False,4693
220,FenestrationSurface:Detailed,HIBO CWC LabB Spandrel Frame Right,5,Outside Boundary Condition Object,,True,4694
220,FenestrationSurface:Detailed,HIBO CWC LabB Spandrel Frame Right,6,View Factor to Ground,autocalculate,False,4695
220,FenestrationSurface:Detailed,HIBO CWC LabB Spandrel Frame Right,7,Frame and Divider Name,,True,4696
220,FenestrationSurface:Detailed,HIBO CWC LabB Spandrel Frame Right,8,Multiplier,1,False,4697
220,FenestrationSurface:Detailed,HIBO CWC LabB Spandrel Frame Right,9,Number of Vertices,4,False,4698
220,FenestrationSurface:Detailed,HIBO CWC LabB Spandrel Frame Right,10,Vertex 1 X-coordinate {m},3.75615200,False,4699
220,FenestrationSurface:Detailed,HIBO CWC LabB Spandrel Frame Right,11,Vertex 1 Y-coordinate {m},0.00000000,False,4700
220,FenestrationSurface:Detailed,HIBO CWC LabB Spandrel Frame Right,12,Vertex 1 Z-coordinate {m},4.01320000,False,4701
220,FenestrationSurface:Detailed,HIBO CWC LabB Spandrel Frame Right,13,Vertex 2 X-coordinate {m},3.75615200,False,4702
220,FenestrationSurface:Detailed,HIBO CWC LabB Spandrel Frame Right,14,Vertex 2 Y-coordinate {m},0.00000000,False,4703
220,FenestrationSurface:Detailed,HIBO CWC LabB Spandrel Frame Right,15,Vertex 2 Z-coordinate {m},3.04800000,False,4704
220,FenestrationSurface:Detailed,HIBO CWC LabB Spandrel Frame Right,16,Vertex 3 X-coordinate {m},3.80695200,False,4705
220,FenestrationSurface:Detailed,HIBO CWC LabB Spandrel Frame Right,17,Vertex 3 Y-coordinate {m},0.00000000,False,4706
220,FenestrationSurface:Detailed,HIBO CWC LabB Spandrel Frame Right,18,Vertex 3 Z-coordinate {m},3.04800000,False,4707
220,FenestrationSurface:Detailed,HIBO CWC LabB Spandrel Frame Right,19,Vertex 4 X-coordinate {m},3.80695200,False,4708
220,FenestrationSurface:Detailed,HIBO CWC LabB Spandrel Frame Right,20,Vertex 4 Y-coordinate {m},0.00000000,False,4709
220,FenestrationSurface:Detailed,HIBO CWC LabB Spandrel Frame Right,21,Vertex 4 Z-coordinate {m},4.01320000,False,4710
221,FenestrationSurface:Detailed,HIBO CWC LabB Opaque Spandrel 1,1,Name,HIBO CWC LabB Opaque Spandrel 1,False,4713
221,FenestrationSurface:Detailed,HIBO CWC LabB Opaque Spandrel 1,2,Surface Type,Door,False,4714
221,FenestrationSurface:Detailed,HIBO CWC LabB Opaque Spandrel 1,3,Construction Name,HIBO ITSG Opaque Panel,False,4715
221,FenestrationSurface:Detailed,HIBO CWC LabB Opaque Spandrel 1,4,Building Surface Name,Surface 55,False,4716
221,FenestrationSurface:Detailed,HIBO CWC LabB Opaque Spandrel 1,5,Outside Boundary Condition Object,,True,4717
221,FenestrationSurface:Detailed,HIBO CWC LabB Opaque Spandrel 1,6,View Factor to Ground,autocalculate,False,4718
221,FenestrationSurface:Detailed,HIBO CWC LabB Opaque Spandrel 1,7,Frame and Divider Name,,True,4719
221,FenestrationSurface:Detailed,HIBO CWC LabB Opaque Spandrel 1,8,Multiplier,1,False,4720
221,FenestrationSurface:Detailed,HIBO CWC LabB Opaque Spandrel 1,9,Number of Vertices,4,False,4721
221,FenestrationSurface:Detailed,HIBO CWC LabB Opaque Spandrel 1,10,Vertex 1 X-coordinate {m},0.20015200,False,4722
221,FenestrationSurface:Detailed,HIBO CWC LabB Opaque Spandrel 1,11,Vertex 1 Y-coordinate {m},0.00000000,False,4723
221,FenestrationSurface:Detailed,HIBO CWC LabB Opaque Spandrel 1,12,Vertex 1 Z-coordinate {m},4.01320000,False,4724
221,FenestrationSurface:Detailed,HIBO CWC LabB Opaque Spandrel 1,13,Vertex 2 X-coordinate {m},0.20015200,False,4725
221,FenestrationSurface:Detailed,HIBO CWC LabB Opaque Spandrel 1,14,Vertex 2 Y-coordinate {m},0.00000000,False,4726
221,FenestrationSurface:Detailed,HIBO CWC LabB Opaque Spandrel 1,15,Vertex 2 Z-coordinate {m},3.04800000,False,4727
221,FenestrationSurface:Detailed,HIBO CWC LabB Opaque Spandrel 1,16,Vertex 3 X-coordinate {m},1.05105200,False,4728
221,FenestrationSurface:Detailed,HIBO CWC LabB Opaque Spandrel 1,17,Vertex 3 Y-coordinate {m},0.00000000,False,4729
221,FenestrationSurface:Detailed,HIBO CWC LabB Opaque Spandrel 1,18,Vertex 3 Z-coordinate {m},3.04800000,False,4730
221,FenestrationSurface:Detailed,HIBO CWC LabB Opaque Spandrel 1,19,Vertex 4 X-coordinate {m},1.05105200,False,4731
221,FenestrationSurface:Detailed,HIBO CWC LabB Opaque Spandrel 1,20,Vertex 4 Y-coordinate {m},0.00000000,False,4732
221,FenestrationSurface:Detailed,HIBO CWC LabB Opaque Spandrel 1,21,Vertex 4 Z-coordinate {m},4.01320000,False,4733
222,FenestrationSurface:Detailed,HIBO CWC LabB Spandrel Mullion 1,1,Name,HIBO CWC LabB Spandrel Mullion 1,False,4736
222,FenestrationSurface:Detailed,HIBO CWC LabB Spandrel Mullion 1,2,Surface Type,Door,False,4737
222,FenestrationSurface:Detailed,HIBO CWC LabB Spandrel Mullion 1,3,Construction Name,HIBO Exterior Aluminum Frame Strip,False,4738
222,FenestrationSurface:Detailed,HIBO CWC LabB Spandrel Mullion 1,4,Building Surface Name,Surface 55,False,4739
222,FenestrationSurface:Detailed,HIBO CWC LabB Spandrel Mullion 1,5,Outside Boundary Condition Object,,True,4740
222,FenestrationSurface:Detailed,HIBO CWC LabB Spandrel Mullion 1,6,View Factor to Ground,autocalculate,False,4741
222,FenestrationSurface:Detailed,HIBO CWC LabB Spandrel Mullion 1,7,Frame and Divider Name,,True,4742
222,FenestrationSurface:Detailed,HIBO CWC LabB Spandrel Mullion 1,8,Multiplier,1,False,4743
222,FenestrationSurface:Detailed,HIBO CWC LabB Spandrel Mullion 1,9,Number of Vertices,4,False,4744
222,FenestrationSurface:Detailed,HIBO CWC LabB Spandrel Mullion 1,10,Vertex 1 X-coordinate {m},1.05105200,False,4745
222,FenestrationSurface:Detailed,HIBO CWC LabB Spandrel Mullion 1,11,Vertex 1 Y-coordinate {m},0.00000000,False,4746
222,FenestrationSurface:Detailed,HIBO CWC LabB Spandrel Mullion 1,12,Vertex 1 Z-coordinate {m},4.01320000,False,4747
222,FenestrationSurface:Detailed,HIBO CWC LabB Spandrel Mullion 1,13,Vertex 2 X-coordinate {m},1.05105200,False,4748
222,FenestrationSurface:Detailed,HIBO CWC LabB Spandrel Mullion 1,14,Vertex 2 Y-coordinate {m},0.00000000,False,4749
222,FenestrationSurface:Detailed,HIBO CWC LabB Spandrel Mullion 1,15,Vertex 2 Z-coordinate {m},3.04800000,False,4750
222,FenestrationSurface:Detailed,HIBO CWC LabB Spandrel Mullion 1,16,Vertex 3 X-coordinate {m},1.10185200,False,4751
222,FenestrationSurface:Detailed,HIBO CWC LabB Spandrel Mullion 1,17,Vertex 3 Y-coordinate {m},0.00000000,False,4752
222,FenestrationSurface:Detailed,HIBO CWC LabB Spandrel Mullion 1,18,Vertex 3 Z-coordinate {m},3.04800000,False,4753
222,FenestrationSurface:Detailed,HIBO CWC LabB Spandrel Mullion 1,19,Vertex 4 X-coordinate {m},1.10185200,False,4754
222,FenestrationSurface:Detailed,HIBO CWC LabB Spandrel Mullion 1,20,Vertex 4 Y-coordinate {m},0.00000000,False,4755
222,FenestrationSurface:Detailed,HIBO CWC LabB Spandrel Mullion 1,21,Vertex 4 Z-coordinate {m},4.01320000,False,4756
223,FenestrationSurface:Detailed,HIBO CWC LabB Opaque Spandrel 2,1,Name,HIBO CWC LabB Opaque Spandrel 2,False,4759
223,FenestrationSurface:Detailed,HIBO CWC LabB Opaque Spandrel 2,2,Surface Type,Door,False,4760
223,FenestrationSurface:Detailed,HIBO CWC LabB Opaque Spandrel 2,3,Construction Name,HIBO ITSG Opaque Panel,False,4761
223,FenestrationSurface:Detailed,HIBO CWC LabB Opaque Spandrel 2,4,Building Surface Name,Surface 55,False,4762
223,FenestrationSurface:Detailed,HIBO CWC LabB Opaque Spandrel 2,5,Outside Boundary Condition Object,,True,4763
223,FenestrationSurface:Detailed,HIBO CWC LabB Opaque Spandrel 2,6,View Factor to Ground,autocalculate,False,4764
223,FenestrationSurface:Detailed,HIBO CWC LabB Opaque Spandrel 2,7,Frame and Divider Name,,True,4765
223,FenestrationSurface:Detailed,HIBO CWC LabB Opaque Spandrel 2,8,Multiplier,1,False,4766
223,FenestrationSurface:Detailed,HIBO CWC LabB Opaque Spandrel 2,9,Number of Vertices,4,False,4767
223,FenestrationSurface:Detailed,HIBO CWC LabB Opaque Spandrel 2,10,Vertex 1 X-coordinate {m},1.10185200,False,4768
223,FenestrationSurface:Detailed,HIBO CWC LabB Opaque Spandrel 2,11,Vertex 1 Y-coordinate {m},0.00000000,False,4769
223,FenestrationSurface:Detailed,HIBO CWC LabB Opaque Spandrel 2,12,Vertex 1 Z-coordinate {m},4.01320000,False,4770
223,FenestrationSurface:Detailed,HIBO CWC LabB Opaque Spandrel 2,13,Vertex 2 X-coordinate {m},1.10185200,False,4771
223,FenestrationSurface:Detailed,HIBO CWC LabB Opaque Spandrel 2,14,Vertex 2 Y-coordinate {m},0.00000000,False,4772
223,FenestrationSurface:Detailed,HIBO CWC LabB Opaque Spandrel 2,15,Vertex 2 Z-coordinate {m},3.04800000,False,4773
223,FenestrationSurface:Detailed,HIBO CWC LabB Opaque Spandrel 2,16,Vertex 3 X-coordinate {m},1.95275200,False,4774
223,FenestrationSurface:Detailed,HIBO CWC LabB Opaque Spandrel 2,17,Vertex 3 Y-coordinate {m},0.00000000,False,4775
223,FenestrationSurface:Detailed,HIBO CWC LabB Opaque Spandrel 2,18,Vertex 3 Z-coordinate {m},3.04800000,False,4776
223,FenestrationSurface:Detailed,HIBO CWC LabB Opaque Spandrel 2,19,Vertex 4 X-coordinate {m},1.95275200,False,4777
223,FenestrationSurface:Detailed,HIBO CWC LabB Opaque Spandrel 2,20,Vertex 4 Y-coordinate {m},0.00000000,False,4778
223,FenestrationSurface:Detailed,HIBO CWC LabB Opaque Spandrel 2,21,Vertex 4 Z-coordinate {m},4.01320000,False,4779
224,FenestrationSurface:Detailed,HIBO CWC LabB Spandrel Mullion 2,1,Name,HIBO CWC LabB Spandrel Mullion 2,False,4782
224,FenestrationSurface:Detailed,HIBO CWC LabB Spandrel Mullion 2,2,Surface Type,Door,False,4783
224,FenestrationSurface:Detailed,HIBO CWC LabB Spandrel Mullion 2,3,Construction Name,HIBO Exterior Aluminum Frame Strip,False,4784
224,FenestrationSurface:Detailed,HIBO CWC LabB Spandrel Mullion 2,4,Building Surface Name,Surface 55,False,4785
224,FenestrationSurface:Detailed,HIBO CWC LabB Spandrel Mullion 2,5,Outside Boundary Condition Object,,True,4786
224,FenestrationSurface:Detailed,HIBO CWC LabB Spandrel Mullion 2,6,View Factor to Ground,autocalculate,False,4787
224,FenestrationSurface:Detailed,HIBO CWC LabB Spandrel Mullion 2,7,Frame and Divider Name,,True,4788
224,FenestrationSurface:Detailed,HIBO CWC LabB Spandrel Mullion 2,8,Multiplier,1,False,4789
224,FenestrationSurface:Detailed,HIBO CWC LabB Spandrel Mullion 2,9,Number of Vertices,4,False,4790
224,FenestrationSurface:Detailed,HIBO CWC LabB Spandrel Mullion 2,10,Vertex 1 X-coordinate {m},1.95275200,False,4791
224,FenestrationSurface:Detailed,HIBO CWC LabB Spandrel Mullion 2,11,Vertex 1 Y-coordinate {m},0.00000000,False,4792
224,FenestrationSurface:Detailed,HIBO CWC LabB Spandrel Mullion 2,12,Vertex 1 Z-coordinate {m},4.01320000,False,4793
224,FenestrationSurface:Detailed,HIBO CWC LabB Spandrel Mullion 2,13,Vertex 2 X-coordinate {m},1.95275200,False,4794
224,FenestrationSurface:Detailed,HIBO CWC LabB Spandrel Mullion 2,14,Vertex 2 Y-coordinate {m},0.00000000,False,4795
224,FenestrationSurface:Detailed,HIBO CWC LabB Spandrel Mullion 2,15,Vertex 2 Z-coordinate {m},3.04800000,False,4796
224,FenestrationSurface:Detailed,HIBO CWC LabB Spandrel Mullion 2,16,Vertex 3 X-coordinate {m},2.00355200,False,4797
224,FenestrationSurface:Detailed,HIBO CWC LabB Spandrel Mullion 2,17,Vertex 3 Y-coordinate {m},0.00000000,False,4798
224,FenestrationSurface:Detailed,HIBO CWC LabB Spandrel Mullion 2,18,Vertex 3 Z-coordinate {m},3.04800000,False,4799
224,FenestrationSurface:Detailed,HIBO CWC LabB Spandrel Mullion 2,19,Vertex 4 X-coordinate {m},2.00355200,False,4800
224,FenestrationSurface:Detailed,HIBO CWC LabB Spandrel Mullion 2,20,Vertex 4 Y-coordinate {m},0.00000000,False,4801
224,FenestrationSurface:Detailed,HIBO CWC LabB Spandrel Mullion 2,21,Vertex 4 Z-coordinate {m},4.01320000,False,4802
225,FenestrationSurface:Detailed,HIBO CWC LabB Opaque Spandrel 3,1,Name,HIBO CWC LabB Opaque Spandrel 3,False,4805
225,FenestrationSurface:Detailed,HIBO CWC LabB Opaque Spandrel 3,2,Surface Type,Door,False,4806
225,FenestrationSurface:Detailed,HIBO CWC LabB Opaque Spandrel 3,3,Construction Name,HIBO ITSG Opaque Panel,False,4807
225,FenestrationSurface:Detailed,HIBO CWC LabB Opaque Spandrel 3,4,Building Surface Name,Surface 55,False,4808
225,FenestrationSurface:Detailed,HIBO CWC LabB Opaque Spandrel 3,5,Outside Boundary Condition Object,,True,4809
225,FenestrationSurface:Detailed,HIBO CWC LabB Opaque Spandrel 3,6,View Factor to Ground,autocalculate,False,4810
225,FenestrationSurface:Detailed,HIBO CWC LabB Opaque Spandrel 3,7,Frame and Divider Name,,True,4811
225,FenestrationSurface:Detailed,HIBO CWC LabB Opaque Spandrel 3,8,Multiplier,1,False,4812
225,FenestrationSurface:Detailed,HIBO CWC LabB Opaque Spandrel 3,9,Number of Vertices,4,False,4813
225,FenestrationSurface:Detailed,HIBO CWC LabB Opaque Spandrel 3,10,Vertex 1 X-coordinate {m},2.00355200,False,4814
225,FenestrationSurface:Detailed,HIBO CWC LabB Opaque Spandrel 3,11,Vertex 1 Y-coordinate {m},0.00000000,False,4815
225,FenestrationSurface:Detailed,HIBO CWC LabB Opaque Spandrel 3,12,Vertex 1 Z-coordinate {m},4.01320000,False,4816
225,FenestrationSurface:Detailed,HIBO CWC LabB Opaque Spandrel 3,13,Vertex 2 X-coordinate {m},2.00355200,False,4817
225,FenestrationSurface:Detailed,HIBO CWC LabB Opaque Spandrel 3,14,Vertex 2 Y-coordinate {m},0.00000000,False,4818
225,FenestrationSurface:Detailed,HIBO CWC LabB Opaque Spandrel 3,15,Vertex 2 Z-coordinate {m},3.04800000,False,4819
225,FenestrationSurface:Detailed,HIBO CWC LabB Opaque Spandrel 3,16,Vertex 3 X-coordinate {m},2.85445200,False,4820
225,FenestrationSurface:Detailed,HIBO CWC LabB Opaque Spandrel 3,17,Vertex 3 Y-coordinate {m},0.00000000,False,4821
225,FenestrationSurface:Detailed,HIBO CWC LabB Opaque Spandrel 3,18,Vertex 3 Z-coordinate {m},3.04800000,False,4822
225,FenestrationSurface:Detailed,HIBO CWC LabB Opaque Spandrel 3,19,Vertex 4 X-coordinate {m},2.85445200,False,4823
225,FenestrationSurface:Detailed,HIBO CWC LabB Opaque Spandrel 3,20,Vertex 4 Y-coordinate {m},0.00000000,False,4824
225,FenestrationSurface:Detailed,HIBO CWC LabB Opaque Spandrel 3,21,Vertex 4 Z-coordinate {m},4.01320000,False,4825
226,FenestrationSurface:Detailed,HIBO CWC LabB Spandrel Mullion 3,1,Name,HIBO CWC LabB Spandrel Mullion 3,False,4828
226,FenestrationSurface:Detailed,HIBO CWC LabB Spandrel Mullion 3,2,Surface Type,Door,False,4829
226,FenestrationSurface:Detailed,HIBO CWC LabB Spandrel Mullion 3,3,Construction Name,HIBO Exterior Aluminum Frame Strip,False,4830
226,FenestrationSurface:Detailed,HIBO CWC LabB Spandrel Mullion 3,4,Building Surface Name,Surface 55,False,4831
226,FenestrationSurface:Detailed,HIBO CWC LabB Spandrel Mullion 3,5,Outside Boundary Condition Object,,True,4832
226,FenestrationSurface:Detailed,HIBO CWC LabB Spandrel Mullion 3,6,View Factor to Ground,autocalculate,False,4833
226,FenestrationSurface:Detailed,HIBO CWC LabB Spandrel Mullion 3,7,Frame and Divider Name,,True,4834
226,FenestrationSurface:Detailed,HIBO CWC LabB Spandrel Mullion 3,8,Multiplier,1,False,4835
226,FenestrationSurface:Detailed,HIBO CWC LabB Spandrel Mullion 3,9,Number of Vertices,4,False,4836
226,FenestrationSurface:Detailed,HIBO CWC LabB Spandrel Mullion 3,10,Vertex 1 X-coordinate {m},2.85445200,False,4837
226,FenestrationSurface:Detailed,HIBO CWC LabB Spandrel Mullion 3,11,Vertex 1 Y-coordinate {m},0.00000000,False,4838
226,FenestrationSurface:Detailed,HIBO CWC LabB Spandrel Mullion 3,12,Vertex 1 Z-coordinate {m},4.01320000,False,4839
226,FenestrationSurface:Detailed,HIBO CWC LabB Spandrel Mullion 3,13,Vertex 2 X-coordinate {m},2.85445200,False,4840
226,FenestrationSurface:Detailed,HIBO CWC LabB Spandrel Mullion 3,14,Vertex 2 Y-coordinate {m},0.00000000,False,4841
226,FenestrationSurface:Detailed,HIBO CWC LabB Spandrel Mullion 3,15,Vertex 2 Z-coordinate {m},3.04800000,False,4842
226,FenestrationSurface:Detailed,HIBO CWC LabB Spandrel Mullion 3,16,Vertex 3 X-coordinate {m},2.90525200,False,4843
226,FenestrationSurface:Detailed,HIBO CWC LabB Spandrel Mullion 3,17,Vertex 3 Y-coordinate {m},0.00000000,False,4844
226,FenestrationSurface:Detailed,HIBO CWC LabB Spandrel Mullion 3,18,Vertex 3 Z-coordinate {m},3.04800000,False,4845
226,FenestrationSurface:Detailed,HIBO CWC LabB Spandrel Mullion 3,19,Vertex 4 X-coordinate {m},2.90525200,False,4846
226,FenestrationSurface:Detailed,HIBO CWC LabB Spandrel Mullion 3,20,Vertex 4 Y-coordinate {m},0.00000000,False,4847
226,FenestrationSurface:Detailed,HIBO CWC LabB Spandrel Mullion 3,21,Vertex 4 Z-coordinate {m},4.01320000,False,4848
227,FenestrationSurface:Detailed,HIBO CWC LabB Opaque Spandrel 4,1,Name,HIBO CWC LabB Opaque Spandrel 4,False,4851
227,FenestrationSurface:Detailed,HIBO CWC LabB Opaque Spandrel 4,2,Surface Type,Door,False,4852
227,FenestrationSurface:Detailed,HIBO CWC LabB Opaque Spandrel 4,3,Construction Name,HIBO ITSG Opaque Panel,False,4853
227,FenestrationSurface:Detailed,HIBO CWC LabB Opaque Spandrel 4,4,Building Surface Name,Surface 55,False,4854
227,FenestrationSurface:Detailed,HIBO CWC LabB Opaque Spandrel 4,5,Outside Boundary Condition Object,,True,4855
227,FenestrationSurface:Detailed,HIBO CWC LabB Opaque Spandrel 4,6,View Factor to Ground,autocalculate,False,4856
227,FenestrationSurface:Detailed,HIBO CWC LabB Opaque Spandrel 4,7,Frame and Divider Name,,True,4857
227,FenestrationSurface:Detailed,HIBO CWC LabB Opaque Spandrel 4,8,Multiplier,1,False,4858
227,FenestrationSurface:Detailed,HIBO CWC LabB Opaque Spandrel 4,9,Number of Vertices,4,False,4859
227,FenestrationSurface:Detailed,HIBO CWC LabB Opaque Spandrel 4,10,Vertex 1 X-coordinate {m},2.90525200,False,4860
227,FenestrationSurface:Detailed,HIBO CWC LabB Opaque Spandrel 4,11,Vertex 1 Y-coordinate {m},0.00000000,False,4861
227,FenestrationSurface:Detailed,HIBO CWC LabB Opaque Spandrel 4,12,Vertex 1 Z-coordinate {m},4.01320000,False,4862
227,FenestrationSurface:Detailed,HIBO CWC LabB Opaque Spandrel 4,13,Vertex 2 X-coordinate {m},2.90525200,False,4863
227,FenestrationSurface:Detailed,HIBO CWC LabB Opaque Spandrel 4,14,Vertex 2 Y-coordinate {m},0.00000000,False,4864
227,FenestrationSurface:Detailed,HIBO CWC LabB Opaque Spandrel 4,15,Vertex 2 Z-coordinate {m},3.04800000,False,4865
227,FenestrationSurface:Detailed,HIBO CWC LabB Opaque Spandrel 4,16,Vertex 3 X-coordinate {m},3.75615200,False,4866
227,FenestrationSurface:Detailed,HIBO CWC LabB Opaque Spandrel 4,17,Vertex 3 Y-coordinate {m},0.00000000,False,4867
227,FenestrationSurface:Detailed,HIBO CWC LabB Opaque Spandrel 4,18,Vertex 3 Z-coordinate {m},3.04800000,False,4868
227,FenestrationSurface:Detailed,HIBO CWC LabB Opaque Spandrel 4,19,Vertex 4 X-coordinate {m},3.75615200,False,4869
227,FenestrationSurface:Detailed,HIBO CWC LabB Opaque Spandrel 4,20,Vertex 4 Y-coordinate {m},0.00000000,False,4870
227,FenestrationSurface:Detailed,HIBO CWC LabB Opaque Spandrel 4,21,Vertex 4 Z-coordinate {m},4.01320000,False,4871
228,FenestrationSurface:Detailed,HIBO CWB Control Spandrel Frame Top,1,Name,HIBO CWB Control Spandrel Frame Top,False,4874
228,FenestrationSurface:Detailed,HIBO CWB Control Spandrel Frame Top,2,Surface Type,Door,False,4875
228,FenestrationSurface:Detailed,HIBO CWB Control Spandrel Frame Top,3,Construction Name,HIBO Exterior Aluminum Frame Strip,False,4876
228,FenestrationSurface:Detailed,HIBO CWB Control Spandrel Frame Top,4,Building Surface Name,Surface 55,False,4877
228,FenestrationSurface:Detailed,HIBO CWB Control Spandrel Frame Top,5,Outside Boundary Condition Object,,True,4878
228,FenestrationSurface:Detailed,HIBO CWB Control Spandrel Frame Top,6,View Factor to Ground,autocalculate,False,4879
228,FenestrationSurface:Detailed,HIBO CWB Control Spandrel Frame Top,7,Frame and Divider Name,,True,4880
228,FenestrationSurface:Detailed,HIBO CWB Control Spandrel Frame Top,8,Multiplier,1,False,4881
228,FenestrationSurface:Detailed,HIBO CWB Control Spandrel Frame Top,9,Number of Vertices,4,False,4882
228,FenestrationSurface:Detailed,HIBO CWB Control Spandrel Frame Top,10,Vertex 1 X-coordinate {m},4.89051600,False,4883
228,FenestrationSurface:Detailed,HIBO CWB Control Spandrel Frame Top,11,Vertex 1 Y-coordinate {m},0.00000000,False,4884
228,FenestrationSurface:Detailed,HIBO CWB Control Spandrel Frame Top,12,Vertex 1 Z-coordinate {m},4.06400000,False,4885
228,FenestrationSurface:Detailed,HIBO CWB Control Spandrel Frame Top,13,Vertex 2 X-coordinate {m},4.89051600,False,4886
228,FenestrationSurface:Detailed,HIBO CWB Control Spandrel Frame Top,14,Vertex 2 Y-coordinate {m},0.00000000,False,4887
228,FenestrationSurface:Detailed,HIBO CWB Control Spandrel Frame Top,15,Vertex 2 Z-coordinate {m},4.01320000,False,4888
228,FenestrationSurface:Detailed,HIBO CWB Control Spandrel Frame Top,16,Vertex 3 X-coordinate {m},6.10971600,False,4889
228,FenestrationSurface:Detailed,HIBO CWB Control Spandrel Frame Top,17,Vertex 3 Y-coordinate {m},0.00000000,False,4890
228,FenestrationSurface:Detailed,HIBO CWB Control Spandrel Frame Top,18,Vertex 3 Z-coordinate {m},4.01320000,False,4891
228,FenestrationSurface:Detailed,HIBO CWB Control Spandrel Frame Top,19,Vertex 4 X-coordinate {m},6.10971600,False,4892
228,FenestrationSurface:Detailed,HIBO CWB Control Spandrel Frame Top,20,Vertex 4 Y-coordinate {m},0.00000000,False,4893
228,FenestrationSurface:Detailed,HIBO CWB Control Spandrel Frame Top,21,Vertex 4 Z-coordinate {m},4.06400000,False,4894
229,FenestrationSurface:Detailed,HIBO CWB Control Spandrel Frame Left,1,Name,HIBO CWB Control Spandrel Frame Left,False,4897
229,FenestrationSurface:Detailed,HIBO CWB Control Spandrel Frame Left,2,Surface Type,Door,False,4898
229,FenestrationSurface:Detailed,HIBO CWB Control Spandrel Frame Left,3,Construction Name,HIBO Exterior Aluminum Frame Strip,False,4899
229,FenestrationSurface:Detailed,HIBO CWB Control Spandrel Frame Left,4,Building Surface Name,Surface 55,False,4900
229,FenestrationSurface:Detailed,HIBO CWB Control Spandrel Frame Left,5,Outside Boundary Condition Object,,True,4901
229,FenestrationSurface:Detailed,HIBO CWB Control Spandrel Frame Left,6,View Factor to Ground,autocalculate,False,4902
229,FenestrationSurface:Detailed,HIBO CWB Control Spandrel Frame Left,7,Frame and Divider Name,,True,4903
229,FenestrationSurface:Detailed,HIBO CWB Control Spandrel Frame Left,8,Multiplier,1,False,4904
229,FenestrationSurface:Detailed,HIBO CWB Control Spandrel Frame Left,9,Number of Vertices,4,False,4905
229,FenestrationSurface:Detailed,HIBO CWB Control Spandrel Frame Left,10,Vertex 1 X-coordinate {m},4.89051600,False,4906
229,FenestrationSurface:Detailed,HIBO CWB Control Spandrel Frame Left,11,Vertex 1 Y-coordinate {m},0.00000000,False,4907
229,FenestrationSurface:Detailed,HIBO CWB Control Spandrel Frame Left,12,Vertex 1 Z-coordinate {m},4.01320000,False,4908
229,FenestrationSurface:Detailed,HIBO CWB Control Spandrel Frame Left,13,Vertex 2 X-coordinate {m},4.89051600,False,4909
229,FenestrationSurface:Detailed,HIBO CWB Control Spandrel Frame Left,14,Vertex 2 Y-coordinate {m},0.00000000,False,4910
229,FenestrationSurface:Detailed,HIBO CWB Control Spandrel Frame Left,15,Vertex 2 Z-coordinate {m},3.04800000,False,4911
229,FenestrationSurface:Detailed,HIBO CWB Control Spandrel Frame Left,16,Vertex 3 X-coordinate {m},4.94131600,False,4912
229,FenestrationSurface:Detailed,HIBO CWB Control Spandrel Frame Left,17,Vertex 3 Y-coordinate {m},0.00000000,False,4913
229,FenestrationSurface:Detailed,HIBO CWB Control Spandrel Frame Left,18,Vertex 3 Z-coordinate {m},3.04800000,False,4914
229,FenestrationSurface:Detailed,HIBO CWB Control Spandrel Frame Left,19,Vertex 4 X-coordinate {m},4.94131600,False,4915
229,FenestrationSurface:Detailed,HIBO CWB Control Spandrel Frame Left,20,Vertex 4 Y-coordinate {m},0.00000000,False,4916
229,FenestrationSurface:Detailed,HIBO CWB Control Spandrel Frame Left,21,Vertex 4 Z-coordinate {m},4.01320000,False,4917
230,FenestrationSurface:Detailed,HIBO CWB Control Spandrel Frame Right,1,Name,HIBO CWB Control Spandrel Frame Right,False,4920
230,FenestrationSurface:Detailed,HIBO CWB Control Spandrel Frame Right,2,Surface Type,Door,False,4921
230,FenestrationSurface:Detailed,HIBO CWB Control Spandrel Frame Right,3,Construction Name,HIBO Exterior Aluminum Frame Strip,False,4922
230,FenestrationSurface:Detailed,HIBO CWB Control Spandrel Frame Right,4,Building Surface Name,Surface 55,False,4923
230,FenestrationSurface:Detailed,HIBO CWB Control Spandrel Frame Right,5,Outside Boundary Condition Object,,True,4924
230,FenestrationSurface:Detailed,HIBO CWB Control Spandrel Frame Right,6,View Factor to Ground,autocalculate,False,4925
230,FenestrationSurface:Detailed,HIBO CWB Control Spandrel Frame Right,7,Frame and Divider Name,,True,4926
230,FenestrationSurface:Detailed,HIBO CWB Control Spandrel Frame Right,8,Multiplier,1,False,4927
230,FenestrationSurface:Detailed,HIBO CWB Control Spandrel Frame Right,9,Number of Vertices,4,False,4928
230,FenestrationSurface:Detailed,HIBO CWB Control Spandrel Frame Right,10,Vertex 1 X-coordinate {m},6.05891600,False,4929
230,FenestrationSurface:Detailed,HIBO CWB Control Spandrel Frame Right,11,Vertex 1 Y-coordinate {m},0.00000000,False,4930
230,FenestrationSurface:Detailed,HIBO CWB Control Spandrel Frame Right,12,Vertex 1 Z-coordinate {m},4.01320000,False,4931
230,FenestrationSurface:Detailed,HIBO CWB Control Spandrel Frame Right,13,Vertex 2 X-coordinate {m},6.05891600,False,4932
230,FenestrationSurface:Detailed,HIBO CWB Control Spandrel Frame Right,14,Vertex 2 Y-coordinate {m},0.00000000,False,4933
230,FenestrationSurface:Detailed,HIBO CWB Control Spandrel Frame Right,15,Vertex 2 Z-coordinate {m},3.04800000,False,4934
230,FenestrationSurface:Detailed,HIBO CWB Control Spandrel Frame Right,16,Vertex 3 X-coordinate {m},6.10971600,False,4935
230,FenestrationSurface:Detailed,HIBO CWB Control Spandrel Frame Right,17,Vertex 3 Y-coordinate {m},0.00000000,False,4936
230,FenestrationSurface:Detailed,HIBO CWB Control Spandrel Frame Right,18,Vertex 3 Z-coordinate {m},3.04800000,False,4937
230,FenestrationSurface:Detailed,HIBO CWB Control Spandrel Frame Right,19,Vertex 4 X-coordinate {m},6.10971600,False,4938
230,FenestrationSurface:Detailed,HIBO CWB Control Spandrel Frame Right,20,Vertex 4 Y-coordinate {m},0.00000000,False,4939
230,FenestrationSurface:Detailed,HIBO CWB Control Spandrel Frame Right,21,Vertex 4 Z-coordinate {m},4.01320000,False,4940
231,FenestrationSurface:Detailed,HIBO CWB Control Opaque Spandrel 1,1,Name,HIBO CWB Control Opaque Spandrel 1,False,4943
231,FenestrationSurface:Detailed,HIBO CWB Control Opaque Spandrel 1,2,Surface Type,Door,False,4944
231,FenestrationSurface:Detailed,HIBO CWB Control Opaque Spandrel 1,3,Construction Name,HIBO ITSG Opaque Panel,False,4945
231,FenestrationSurface:Detailed,HIBO CWB Control Opaque Spandrel 1,4,Building Surface Name,Surface 55,False,4946
231,FenestrationSurface:Detailed,HIBO CWB Control Opaque Spandrel 1,5,Outside Boundary Condition Object,,True,4947
231,FenestrationSurface:Detailed,HIBO CWB Control Opaque Spandrel 1,6,View Factor to Ground,autocalculate,False,4948
231,FenestrationSurface:Detailed,HIBO CWB Control Opaque Spandrel 1,7,Frame and Divider Name,,True,4949
231,FenestrationSurface:Detailed,HIBO CWB Control Opaque Spandrel 1,8,Multiplier,1,False,4950
231,FenestrationSurface:Detailed,HIBO CWB Control Opaque Spandrel 1,9,Number of Vertices,4,False,4951
231,FenestrationSurface:Detailed,HIBO CWB Control Opaque Spandrel 1,10,Vertex 1 X-coordinate {m},4.94131600,False,4952
231,FenestrationSurface:Detailed,HIBO CWB Control Opaque Spandrel 1,11,Vertex 1 Y-coordinate {m},0.00000000,False,4953
231,FenestrationSurface:Detailed,HIBO CWB Control Opaque Spandrel 1,12,Vertex 1 Z-coordinate {m},4.01320000,False,4954
231,FenestrationSurface:Detailed,HIBO CWB Control Opaque Spandrel 1,13,Vertex 2 X-coordinate {m},4.94131600,False,4955
231,FenestrationSurface:Detailed,HIBO CWB Control Opaque Spandrel 1,14,Vertex 2 Y-coordinate {m},0.00000000,False,4956
231,FenestrationSurface:Detailed,HIBO CWB Control Opaque Spandrel 1,15,Vertex 2 Z-coordinate {m},3.04800000,False,4957
231,FenestrationSurface:Detailed,HIBO CWB Control Opaque Spandrel 1,16,Vertex 3 X-coordinate {m},6.05891600,False,4958
231,FenestrationSurface:Detailed,HIBO CWB Control Opaque Spandrel 1,17,Vertex 3 Y-coordinate {m},0.00000000,False,4959
231,FenestrationSurface:Detailed,HIBO CWB Control Opaque Spandrel 1,18,Vertex 3 Z-coordinate {m},3.04800000,False,4960
231,FenestrationSurface:Detailed,HIBO CWB Control Opaque Spandrel 1,19,Vertex 4 X-coordinate {m},6.05891600,False,4961
231,FenestrationSurface:Detailed,HIBO CWB Control Opaque Spandrel 1,20,Vertex 4 Y-coordinate {m},0.00000000,False,4962
231,FenestrationSurface:Detailed,HIBO CWB Control Opaque Spandrel 1,21,Vertex 4 Z-coordinate {m},4.01320000,False,4963
232,FenestrationSurface:Detailed,HIBO CWC LabA Spandrel Frame Top,1,Name,HIBO CWC LabA Spandrel Frame Top,False,4966
232,FenestrationSurface:Detailed,HIBO CWC LabA Spandrel Frame Top,2,Surface Type,Door,False,4967
232,FenestrationSurface:Detailed,HIBO CWC LabA Spandrel Frame Top,3,Construction Name,HIBO Exterior Aluminum Frame Strip,False,4968
232,FenestrationSurface:Detailed,HIBO CWC LabA Spandrel Frame Top,4,Building Surface Name,Surface 55,False,4969
232,FenestrationSurface:Detailed,HIBO CWC LabA Spandrel Frame Top,5,Outside Boundary Condition Object,,True,4970
232,FenestrationSurface:Detailed,HIBO CWC LabA Spandrel Frame Top,6,View Factor to Ground,autocalculate,False,4971
232,FenestrationSurface:Detailed,HIBO CWC LabA Spandrel Frame Top,7,Frame and Divider Name,,True,4972
232,FenestrationSurface:Detailed,HIBO CWC LabA Spandrel Frame Top,8,Multiplier,1,False,4973
232,FenestrationSurface:Detailed,HIBO CWC LabA Spandrel Frame Top,9,Number of Vertices,4,False,4974
232,FenestrationSurface:Detailed,HIBO CWC LabA Spandrel Frame Top,10,Vertex 1 X-coordinate {m},7.19328000,False,4975
232,FenestrationSurface:Detailed,HIBO CWC LabA Spandrel Frame Top,11,Vertex 1 Y-coordinate {m},0.00000000,False,4976
232,FenestrationSurface:Detailed,HIBO CWC LabA Spandrel Frame Top,12,Vertex 1 Z-coordinate {m},4.06400000,False,4977
232,FenestrationSurface:Detailed,HIBO CWC LabA Spandrel Frame Top,13,Vertex 2 X-coordinate {m},7.19328000,False,4978
232,FenestrationSurface:Detailed,HIBO CWC LabA Spandrel Frame Top,14,Vertex 2 Y-coordinate {m},0.00000000,False,4979
232,FenestrationSurface:Detailed,HIBO CWC LabA Spandrel Frame Top,15,Vertex 2 Z-coordinate {m},4.01320000,False,4980
232,FenestrationSurface:Detailed,HIBO CWC LabA Spandrel Frame Top,16,Vertex 3 X-coordinate {m},10.85088000,False,4981
232,FenestrationSurface:Detailed,HIBO CWC LabA Spandrel Frame Top,17,Vertex 3 Y-coordinate {m},0.00000000,False,4982
232,FenestrationSurface:Detailed,HIBO CWC LabA Spandrel Frame Top,18,Vertex 3 Z-coordinate {m},4.01320000,False,4983
232,FenestrationSurface:Detailed,HIBO CWC LabA Spandrel Frame Top,19,Vertex 4 X-coordinate {m},10.85088000,False,4984
232,FenestrationSurface:Detailed,HIBO CWC LabA Spandrel Frame Top,20,Vertex 4 Y-coordinate {m},0.00000000,False,4985
232,FenestrationSurface:Detailed,HIBO CWC LabA Spandrel Frame Top,21,Vertex 4 Z-coordinate {m},4.06400000,False,4986
233,FenestrationSurface:Detailed,HIBO CWC LabA Spandrel Frame Left,1,Name,HIBO CWC LabA Spandrel Frame Left,False,4989
233,FenestrationSurface:Detailed,HIBO CWC LabA Spandrel Frame Left,2,Surface Type,Door,False,4990
233,FenestrationSurface:Detailed,HIBO CWC LabA Spandrel Frame Left,3,Construction Name,HIBO Exterior Aluminum Frame Strip,False,4991
233,FenestrationSurface:Detailed,HIBO CWC LabA Spandrel Frame Left,4,Building Surface Name,Surface 55,False,4992
233,FenestrationSurface:Detailed,HIBO CWC LabA Spandrel Frame Left,5,Outside Boundary Condition Object,,True,4993
233,FenestrationSurface:Detailed,HIBO CWC LabA Spandrel Frame Left,6,View Factor to Ground,autocalculate,False,4994
233,FenestrationSurface:Detailed,HIBO CWC LabA Spandrel Frame Left,7,Frame and Divider Name,,True,4995
233,FenestrationSurface:Detailed,HIBO CWC LabA Spandrel Frame Left,8,Multiplier,1,False,4996
233,FenestrationSurface:Detailed,HIBO CWC LabA Spandrel Frame Left,9,Number of Vertices,4,False,4997
233,FenestrationSurface:Detailed,HIBO CWC LabA Spandrel Frame Left,10,Vertex 1 X-coordinate {m},7.19328000,False,4998
233,FenestrationSurface:Detailed,HIBO CWC LabA Spandrel Frame Left,11,Vertex 1 Y-coordinate {m},0.00000000,False,4999
233,FenestrationSurface:Detailed,HIBO CWC LabA Spandrel Frame Left,12,Vertex 1 Z-coordinate {m},4.01320000,False,5000
233,FenestrationSurface:Detailed,HIBO CWC LabA Spandrel Frame Left,13,Vertex 2 X-coordinate {m},7.19328000,False,5001
233,FenestrationSurface:Detailed,HIBO CWC LabA Spandrel Frame Left,14,Vertex 2 Y-coordinate {m},0.00000000,False,5002
233,FenestrationSurface:Detailed,HIBO CWC LabA Spandrel Frame Left,15,Vertex 2 Z-coordinate {m},3.04800000,False,5003
233,FenestrationSurface:Detailed,HIBO CWC LabA Spandrel Frame Left,16,Vertex 3 X-coordinate {m},7.24408000,False,5004
233,FenestrationSurface:Detailed,HIBO CWC LabA Spandrel Frame Left,17,Vertex 3 Y-coordinate {m},0.00000000,False,5005
233,FenestrationSurface:Detailed,HIBO CWC LabA Spandrel Frame Left,18,Vertex 3 Z-coordinate {m},3.04800000,False,5006
233,FenestrationSurface:Detailed,HIBO CWC LabA Spandrel Frame Left,19,Vertex 4 X-coordinate {m},7.24408000,False,5007
233,FenestrationSurface:Detailed,HIBO CWC LabA Spandrel Frame Left,20,Vertex 4 Y-coordinate {m},0.00000000,False,5008
233,FenestrationSurface:Detailed,HIBO CWC LabA Spandrel Frame Left,21,Vertex 4 Z-coordinate {m},4.01320000,False,5009
234,FenestrationSurface:Detailed,HIBO CWC LabA Spandrel Frame Right,1,Name,HIBO CWC LabA Spandrel Frame Right,False,5012
234,FenestrationSurface:Detailed,HIBO CWC LabA Spandrel Frame Right,2,Surface Type,Door,False,5013
234,FenestrationSurface:Detailed,HIBO CWC LabA Spandrel Frame Right,3,Construction Name,HIBO Exterior Aluminum Frame Strip,False,5014
234,FenestrationSurface:Detailed,HIBO CWC LabA Spandrel Frame Right,4,Building Surface Name,Surface 55,False,5015
234,FenestrationSurface:Detailed,HIBO CWC LabA Spandrel Frame Right,5,Outside Boundary Condition Object,,True,5016
234,FenestrationSurface:Detailed,HIBO CWC LabA Spandrel Frame Right,6,View Factor to Ground,autocalculate,False,5017
234,FenestrationSurface:Detailed,HIBO CWC LabA Spandrel Frame Right,7,Frame and Divider Name,,True,5018
234,FenestrationSurface:Detailed,HIBO CWC LabA Spandrel Frame Right,8,Multiplier,1,False,5019
234,FenestrationSurface:Detailed,HIBO CWC LabA Spandrel Frame Right,9,Number of Vertices,4,False,5020
234,FenestrationSurface:Detailed,HIBO CWC LabA Spandrel Frame Right,10,Vertex 1 X-coordinate {m},10.80008000,False,5021
234,FenestrationSurface:Detailed,HIBO CWC LabA Spandrel Frame Right,11,Vertex 1 Y-coordinate {m},0.00000000,False,5022
234,FenestrationSurface:Detailed,HIBO CWC LabA Spandrel Frame Right,12,Vertex 1 Z-coordinate {m},4.01320000,False,5023
234,FenestrationSurface:Detailed,HIBO CWC LabA Spandrel Frame Right,13,Vertex 2 X-coordinate {m},10.80008000,False,5024
234,FenestrationSurface:Detailed,HIBO CWC LabA Spandrel Frame Right,14,Vertex 2 Y-coordinate {m},0.00000000,False,5025
234,FenestrationSurface:Detailed,HIBO CWC LabA Spandrel Frame Right,15,Vertex 2 Z-coordinate {m},3.04800000,False,5026
234,FenestrationSurface:Detailed,HIBO CWC LabA Spandrel Frame Right,16,Vertex 3 X-coordinate {m},10.85088000,False,5027
234,FenestrationSurface:Detailed,HIBO CWC LabA Spandrel Frame Right,17,Vertex 3 Y-coordinate {m},0.00000000,False,5028
234,FenestrationSurface:Detailed,HIBO CWC LabA Spandrel Frame Right,18,Vertex 3 Z-coordinate {m},3.04800000,False,5029
234,FenestrationSurface:Detailed,HIBO CWC LabA Spandrel Frame Right,19,Vertex 4 X-coordinate {m},10.85088000,False,5030
234,FenestrationSurface:Detailed,HIBO CWC LabA Spandrel Frame Right,20,Vertex 4 Y-coordinate {m},0.00000000,False,5031
234,FenestrationSurface:Detailed,HIBO CWC LabA Spandrel Frame Right,21,Vertex 4 Z-coordinate {m},4.01320000,False,5032
235,FenestrationSurface:Detailed,HIBO CWC LabA Opaque Spandrel 1,1,Name,HIBO CWC LabA Opaque Spandrel 1,False,5035
235,FenestrationSurface:Detailed,HIBO CWC LabA Opaque Spandrel 1,2,Surface Type,Door,False,5036
235,FenestrationSurface:Detailed,HIBO CWC LabA Opaque Spandrel 1,3,Construction Name,HIBO ITSG Opaque Panel,False,5037
235,FenestrationSurface:Detailed,HIBO CWC LabA Opaque Spandrel 1,4,Building Surface Name,Surface 55,False,5038
235,FenestrationSurface:Detailed,HIBO CWC LabA Opaque Spandrel 1,5,Outside Boundary Condition Object,,True,5039
235,FenestrationSurface:Detailed,HIBO CWC LabA Opaque Spandrel 1,6,View Factor to Ground,autocalculate,False,5040
235,FenestrationSurface:Detailed,HIBO CWC LabA Opaque Spandrel 1,7,Frame and Divider Name,,True,5041
235,FenestrationSurface:Detailed,HIBO CWC LabA Opaque Spandrel 1,8,Multiplier,1,False,5042
235,FenestrationSurface:Detailed,HIBO CWC LabA Opaque Spandrel 1,9,Number of Vertices,4,False,5043
235,FenestrationSurface:Detailed,HIBO CWC LabA Opaque Spandrel 1,10,Vertex 1 X-coordinate {m},7.24408000,False,5044
235,FenestrationSurface:Detailed,HIBO CWC LabA Opaque Spandrel 1,11,Vertex 1 Y-coordinate {m},0.00000000,False,5045
235,FenestrationSurface:Detailed,HIBO CWC LabA Opaque Spandrel 1,12,Vertex 1 Z-coordinate {m},4.01320000,False,5046
235,FenestrationSurface:Detailed,HIBO CWC LabA Opaque Spandrel 1,13,Vertex 2 X-coordinate {m},7.24408000,False,5047
235,FenestrationSurface:Detailed,HIBO CWC LabA Opaque Spandrel 1,14,Vertex 2 Y-coordinate {m},0.00000000,False,5048
235,FenestrationSurface:Detailed,HIBO CWC LabA Opaque Spandrel 1,15,Vertex 2 Z-coordinate {m},3.04800000,False,5049
235,FenestrationSurface:Detailed,HIBO CWC LabA Opaque Spandrel 1,16,Vertex 3 X-coordinate {m},8.09498000,False,5050
235,FenestrationSurface:Detailed,HIBO CWC LabA Opaque Spandrel 1,17,Vertex 3 Y-coordinate {m},0.00000000,False,5051
235,FenestrationSurface:Detailed,HIBO CWC LabA Opaque Spandrel 1,18,Vertex 3 Z-coordinate {m},3.04800000,False,5052
235,FenestrationSurface:Detailed,HIBO CWC LabA Opaque Spandrel 1,19,Vertex 4 X-coordinate {m},8.09498000,False,5053
235,FenestrationSurface:Detailed,HIBO CWC LabA Opaque Spandrel 1,20,Vertex 4 Y-coordinate {m},0.00000000,False,5054
235,FenestrationSurface:Detailed,HIBO CWC LabA Opaque Spandrel 1,21,Vertex 4 Z-coordinate {m},4.01320000,False,5055
236,FenestrationSurface:Detailed,HIBO CWC LabA Spandrel Mullion 1,1,Name,HIBO CWC LabA Spandrel Mullion 1,False,5058
236,FenestrationSurface:Detailed,HIBO CWC LabA Spandrel Mullion 1,2,Surface Type,Door,False,5059
236,FenestrationSurface:Detailed,HIBO CWC LabA Spandrel Mullion 1,3,Construction Name,HIBO Exterior Aluminum Frame Strip,False,5060
236,FenestrationSurface:Detailed,HIBO CWC LabA Spandrel Mullion 1,4,Building Surface Name,Surface 55,False,5061
236,FenestrationSurface:Detailed,HIBO CWC LabA Spandrel Mullion 1,5,Outside Boundary Condition Object,,True,5062
236,FenestrationSurface:Detailed,HIBO CWC LabA Spandrel Mullion 1,6,View Factor to Ground,autocalculate,False,5063
236,FenestrationSurface:Detailed,HIBO CWC LabA Spandrel Mullion 1,7,Frame and Divider Name,,True,5064
236,FenestrationSurface:Detailed,HIBO CWC LabA Spandrel Mullion 1,8,Multiplier,1,False,5065
236,FenestrationSurface:Detailed,HIBO CWC LabA Spandrel Mullion 1,9,Number of Vertices,4,False,5066
236,FenestrationSurface:Detailed,HIBO CWC LabA Spandrel Mullion 1,10,Vertex 1 X-coordinate {m},8.09498000,False,5067
236,FenestrationSurface:Detailed,HIBO CWC LabA Spandrel Mullion 1,11,Vertex 1 Y-coordinate {m},0.00000000,False,5068
236,FenestrationSurface:Detailed,HIBO CWC LabA Spandrel Mullion 1,12,Vertex 1 Z-coordinate {m},4.01320000,False,5069
236,FenestrationSurface:Detailed,HIBO CWC LabA Spandrel Mullion 1,13,Vertex 2 X-coordinate {m},8.09498000,False,5070
236,FenestrationSurface:Detailed,HIBO CWC LabA Spandrel Mullion 1,14,Vertex 2 Y-coordinate {m},0.00000000,False,5071
236,FenestrationSurface:Detailed,HIBO CWC LabA Spandrel Mullion 1,15,Vertex 2 Z-coordinate {m},3.04800000,False,5072
236,FenestrationSurface:Detailed,HIBO CWC LabA Spandrel Mullion 1,16,Vertex 3 X-coordinate {m},8.14578000,False,5073
236,FenestrationSurface:Detailed,HIBO CWC LabA Spandrel Mullion 1,17,Vertex 3 Y-coordinate {m},0.00000000,False,5074
236,FenestrationSurface:Detailed,HIBO CWC LabA Spandrel Mullion 1,18,Vertex 3 Z-coordinate {m},3.04800000,False,5075
236,FenestrationSurface:Detailed,HIBO CWC LabA Spandrel Mullion 1,19,Vertex 4 X-coordinate {m},8.14578000,False,5076
236,FenestrationSurface:Detailed,HIBO CWC LabA Spandrel Mullion 1,20,Vertex 4 Y-coordinate {m},0.00000000,False,5077
236,FenestrationSurface:Detailed,HIBO CWC LabA Spandrel Mullion 1,21,Vertex 4 Z-coordinate {m},4.01320000,False,5078
237,FenestrationSurface:Detailed,HIBO CWC LabA Opaque Spandrel 2,1,Name,HIBO CWC LabA Opaque Spandrel 2,False,5081
237,FenestrationSurface:Detailed,HIBO CWC LabA Opaque Spandrel 2,2,Surface Type,Door,False,5082
237,FenestrationSurface:Detailed,HIBO CWC LabA Opaque Spandrel 2,3,Construction Name,HIBO ITSG Opaque Panel,False,5083
237,FenestrationSurface:Detailed,HIBO CWC LabA Opaque Spandrel 2,4,Building Surface Name,Surface 55,False,5084
237,FenestrationSurface:Detailed,HIBO CWC LabA Opaque Spandrel 2,5,Outside Boundary Condition Object,,True,5085
237,FenestrationSurface:Detailed,HIBO CWC LabA Opaque Spandrel 2,6,View Factor to Ground,autocalculate,False,5086
237,FenestrationSurface:Detailed,HIBO CWC LabA Opaque Spandrel 2,7,Frame and Divider Name,,True,5087
237,FenestrationSurface:Detailed,HIBO CWC LabA Opaque Spandrel 2,8,Multiplier,1,False,5088
237,FenestrationSurface:Detailed,HIBO CWC LabA Opaque Spandrel 2,9,Number of Vertices,4,False,5089
237,FenestrationSurface:Detailed,HIBO CWC LabA Opaque Spandrel 2,10,Vertex 1 X-coordinate {m},8.14578000,False,5090
237,FenestrationSurface:Detailed,HIBO CWC LabA Opaque Spandrel 2,11,Vertex 1 Y-coordinate {m},0.00000000,False,5091
237,FenestrationSurface:Detailed,HIBO CWC LabA Opaque Spandrel 2,12,Vertex 1 Z-coordinate {m},4.01320000,False,5092
237,FenestrationSurface:Detailed,HIBO CWC LabA Opaque Spandrel 2,13,Vertex 2 X-coordinate {m},8.14578000,False,5093
237,FenestrationSurface:Detailed,HIBO CWC LabA Opaque Spandrel 2,14,Vertex 2 Y-coordinate {m},0.00000000,False,5094
237,FenestrationSurface:Detailed,HIBO CWC LabA Opaque Spandrel 2,15,Vertex 2 Z-coordinate {m},3.04800000,False,5095
237,FenestrationSurface:Detailed,HIBO CWC LabA Opaque Spandrel 2,16,Vertex 3 X-coordinate {m},8.99668000,False,5096
237,FenestrationSurface:Detailed,HIBO CWC LabA Opaque Spandrel 2,17,Vertex 3 Y-coordinate {m},0.00000000,False,5097
237,FenestrationSurface:Detailed,HIBO CWC LabA Opaque Spandrel 2,18,Vertex 3 Z-coordinate {m},3.04800000,False,5098
237,FenestrationSurface:Detailed,HIBO CWC LabA Opaque Spandrel 2,19,Vertex 4 X-coordinate {m},8.99668000,False,5099
237,FenestrationSurface:Detailed,HIBO CWC LabA Opaque Spandrel 2,20,Vertex 4 Y-coordinate {m},0.00000000,False,5100
237,FenestrationSurface:Detailed,HIBO CWC LabA Opaque Spandrel 2,21,Vertex 4 Z-coordinate {m},4.01320000,False,5101
238,FenestrationSurface:Detailed,HIBO CWC LabA Spandrel Mullion 2,1,Name,HIBO CWC LabA Spandrel Mullion 2,False,5104
238,FenestrationSurface:Detailed,HIBO CWC LabA Spandrel Mullion 2,2,Surface Type,Door,False,5105
238,FenestrationSurface:Detailed,HIBO CWC LabA Spandrel Mullion 2,3,Construction Name,HIBO Exterior Aluminum Frame Strip,False,5106
238,FenestrationSurface:Detailed,HIBO CWC LabA Spandrel Mullion 2,4,Building Surface Name,Surface 55,False,5107
238,FenestrationSurface:Detailed,HIBO CWC LabA Spandrel Mullion 2,5,Outside Boundary Condition Object,,True,5108
238,FenestrationSurface:Detailed,HIBO CWC LabA Spandrel Mullion 2,6,View Factor to Ground,autocalculate,False,5109
238,FenestrationSurface:Detailed,HIBO CWC LabA Spandrel Mullion 2,7,Frame and Divider Name,,True,5110
238,FenestrationSurface:Detailed,HIBO CWC LabA Spandrel Mullion 2,8,Multiplier,1,False,5111
238,FenestrationSurface:Detailed,HIBO CWC LabA Spandrel Mullion 2,9,Number of Vertices,4,False,5112
238,FenestrationSurface:Detailed,HIBO CWC LabA Spandrel Mullion 2,10,Vertex 1 X-coordinate {m},8.99668000,False,5113
238,FenestrationSurface:Detailed,HIBO CWC LabA Spandrel Mullion 2,11,Vertex 1 Y-coordinate {m},0.00000000,False,5114
238,FenestrationSurface:Detailed,HIBO CWC LabA Spandrel Mullion 2,12,Vertex 1 Z-coordinate {m},4.01320000,False,5115
238,FenestrationSurface:Detailed,HIBO CWC LabA Spandrel Mullion 2,13,Vertex 2 X-coordinate {m},8.99668000,False,5116
238,FenestrationSurface:Detailed,HIBO CWC LabA Spandrel Mullion 2,14,Vertex 2 Y-coordinate {m},0.00000000,False,5117
238,FenestrationSurface:Detailed,HIBO CWC LabA Spandrel Mullion 2,15,Vertex 2 Z-coordinate {m},3.04800000,False,5118
238,FenestrationSurface:Detailed,HIBO CWC LabA Spandrel Mullion 2,16,Vertex 3 X-coordinate {m},9.04748000,False,5119
238,FenestrationSurface:Detailed,HIBO CWC LabA Spandrel Mullion 2,17,Vertex 3 Y-coordinate {m},0.00000000,False,5120
238,FenestrationSurface:Detailed,HIBO CWC LabA Spandrel Mullion 2,18,Vertex 3 Z-coordinate {m},3.04800000,False,5121
238,FenestrationSurface:Detailed,HIBO CWC LabA Spandrel Mullion 2,19,Vertex 4 X-coordinate {m},9.04748000,False,5122
238,FenestrationSurface:Detailed,HIBO CWC LabA Spandrel Mullion 2,20,Vertex 4 Y-coordinate {m},0.00000000,False,5123
238,FenestrationSurface:Detailed,HIBO CWC LabA Spandrel Mullion 2,21,Vertex 4 Z-coordinate {m},4.01320000,False,5124
239,FenestrationSurface:Detailed,HIBO CWC LabA Opaque Spandrel 3,1,Name,HIBO CWC LabA Opaque Spandrel 3,False,5127
239,FenestrationSurface:Detailed,HIBO CWC LabA Opaque Spandrel 3,2,Surface Type,Door,False,5128
239,FenestrationSurface:Detailed,HIBO CWC LabA Opaque Spandrel 3,3,Construction Name,HIBO ITSG Opaque Panel,False,5129
239,FenestrationSurface:Detailed,HIBO CWC LabA Opaque Spandrel 3,4,Building Surface Name,Surface 55,False,5130
239,FenestrationSurface:Detailed,HIBO CWC LabA Opaque Spandrel 3,5,Outside Boundary Condition Object,,True,5131
239,FenestrationSurface:Detailed,HIBO CWC LabA Opaque Spandrel 3,6,View Factor to Ground,autocalculate,False,5132
239,FenestrationSurface:Detailed,HIBO CWC LabA Opaque Spandrel 3,7,Frame and Divider Name,,True,5133
239,FenestrationSurface:Detailed,HIBO CWC LabA Opaque Spandrel 3,8,Multiplier,1,False,5134
239,FenestrationSurface:Detailed,HIBO CWC LabA Opaque Spandrel 3,9,Number of Vertices,4,False,5135
239,FenestrationSurface:Detailed,HIBO CWC LabA Opaque Spandrel 3,10,Vertex 1 X-coordinate {m},9.04748000,False,5136
239,FenestrationSurface:Detailed,HIBO CWC LabA Opaque Spandrel 3,11,Vertex 1 Y-coordinate {m},0.00000000,False,5137
239,FenestrationSurface:Detailed,HIBO CWC LabA Opaque Spandrel 3,12,Vertex 1 Z-coordinate {m},4.01320000,False,5138
239,FenestrationSurface:Detailed,HIBO CWC LabA Opaque Spandrel 3,13,Vertex 2 X-coordinate {m},9.04748000,False,5139
239,FenestrationSurface:Detailed,HIBO CWC LabA Opaque Spandrel 3,14,Vertex 2 Y-coordinate {m},0.00000000,False,5140
239,FenestrationSurface:Detailed,HIBO CWC LabA Opaque Spandrel 3,15,Vertex 2 Z-coordinate {m},3.04800000,False,5141
239,FenestrationSurface:Detailed,HIBO CWC LabA Opaque Spandrel 3,16,Vertex 3 X-coordinate {m},9.89838000,False,5142
239,FenestrationSurface:Detailed,HIBO CWC LabA Opaque Spandrel 3,17,Vertex 3 Y-coordinate {m},0.00000000,False,5143
239,FenestrationSurface:Detailed,HIBO CWC LabA Opaque Spandrel 3,18,Vertex 3 Z-coordinate {m},3.04800000,False,5144
239,FenestrationSurface:Detailed,HIBO CWC LabA Opaque Spandrel 3,19,Vertex 4 X-coordinate {m},9.89838000,False,5145
239,FenestrationSurface:Detailed,HIBO CWC LabA Opaque Spandrel 3,20,Vertex 4 Y-coordinate {m},0.00000000,False,5146
239,FenestrationSurface:Detailed,HIBO CWC LabA Opaque Spandrel 3,21,Vertex 4 Z-coordinate {m},4.01320000,False,5147
240,FenestrationSurface:Detailed,HIBO CWC LabA Spandrel Mullion 3,1,Name,HIBO CWC LabA Spandrel Mullion 3,False,5150
240,FenestrationSurface:Detailed,HIBO CWC LabA Spandrel Mullion 3,2,Surface Type,Door,False,5151
240,FenestrationSurface:Detailed,HIBO CWC LabA Spandrel Mullion 3,3,Construction Name,HIBO Exterior Aluminum Frame Strip,False,5152
240,FenestrationSurface:Detailed,HIBO CWC LabA Spandrel Mullion 3,4,Building Surface Name,Surface 55,False,5153
240,FenestrationSurface:Detailed,HIBO CWC LabA Spandrel Mullion 3,5,Outside Boundary Condition Object,,True,5154
240,FenestrationSurface:Detailed,HIBO CWC LabA Spandrel Mullion 3,6,View Factor to Ground,autocalculate,False,5155
240,FenestrationSurface:Detailed,HIBO CWC LabA Spandrel Mullion 3,7,Frame and Divider Name,,True,5156
240,FenestrationSurface:Detailed,HIBO CWC LabA Spandrel Mullion 3,8,Multiplier,1,False,5157
240,FenestrationSurface:Detailed,HIBO CWC LabA Spandrel Mullion 3,9,Number of Vertices,4,False,5158
240,FenestrationSurface:Detailed,HIBO CWC LabA Spandrel Mullion 3,10,Vertex 1 X-coordinate {m},9.89838000,False,5159
240,FenestrationSurface:Detailed,HIBO CWC LabA Spandrel Mullion 3,11,Vertex 1 Y-coordinate {m},0.00000000,False,5160
240,FenestrationSurface:Detailed,HIBO CWC LabA Spandrel Mullion 3,12,Vertex 1 Z-coordinate {m},4.01320000,False,5161
240,FenestrationSurface:Detailed,HIBO CWC LabA Spandrel Mullion 3,13,Vertex 2 X-coordinate {m},9.89838000,False,5162
240,FenestrationSurface:Detailed,HIBO CWC LabA Spandrel Mullion 3,14,Vertex 2 Y-coordinate {m},0.00000000,False,5163
240,FenestrationSurface:Detailed,HIBO CWC LabA Spandrel Mullion 3,15,Vertex 2 Z-coordinate {m},3.04800000,False,5164
240,FenestrationSurface:Detailed,HIBO CWC LabA Spandrel Mullion 3,16,Vertex 3 X-coordinate {m},9.94918000,False,5165
240,FenestrationSurface:Detailed,HIBO CWC LabA Spandrel Mullion 3,17,Vertex 3 Y-coordinate {m},0.00000000,False,5166
240,FenestrationSurface:Detailed,HIBO CWC LabA Spandrel Mullion 3,18,Vertex 3 Z-coordinate {m},3.04800000,False,5167
240,FenestrationSurface:Detailed,HIBO CWC LabA Spandrel Mullion 3,19,Vertex 4 X-coordinate {m},9.94918000,False,5168
240,FenestrationSurface:Detailed,HIBO CWC LabA Spandrel Mullion 3,20,Vertex 4 Y-coordinate {m},0.00000000,False,5169
240,FenestrationSurface:Detailed,HIBO CWC LabA Spandrel Mullion 3,21,Vertex 4 Z-coordinate {m},4.01320000,False,5170
241,FenestrationSurface:Detailed,HIBO CWC LabA Opaque Spandrel 4,1,Name,HIBO CWC LabA Opaque Spandrel 4,False,5173
241,FenestrationSurface:Detailed,HIBO CWC LabA Opaque Spandrel 4,2,Surface Type,Door,False,5174
241,FenestrationSurface:Detailed,HIBO CWC LabA Opaque Spandrel 4,3,Construction Name,HIBO ITSG Opaque Panel,False,5175
241,FenestrationSurface:Detailed,HIBO CWC LabA Opaque Spandrel 4,4,Building Surface Name,Surface 55,False,5176
241,FenestrationSurface:Detailed,HIBO CWC LabA Opaque Spandrel 4,5,Outside Boundary Condition Object,,True,5177
241,FenestrationSurface:Detailed,HIBO CWC LabA Opaque Spandrel 4,6,View Factor to Ground,autocalculate,False,5178
241,FenestrationSurface:Detailed,HIBO CWC LabA Opaque Spandrel 4,7,Frame and Divider Name,,True,5179
241,FenestrationSurface:Detailed,HIBO CWC LabA Opaque Spandrel 4,8,Multiplier,1,False,5180
241,FenestrationSurface:Detailed,HIBO CWC LabA Opaque Spandrel 4,9,Number of Vertices,4,False,5181
241,FenestrationSurface:Detailed,HIBO CWC LabA Opaque Spandrel 4,10,Vertex 1 X-coordinate {m},9.94918000,False,5182
241,FenestrationSurface:Detailed,HIBO CWC LabA Opaque Spandrel 4,11,Vertex 1 Y-coordinate {m},0.00000000,False,5183
241,FenestrationSurface:Detailed,HIBO CWC LabA Opaque Spandrel 4,12,Vertex 1 Z-coordinate {m},4.01320000,False,5184
241,FenestrationSurface:Detailed,HIBO CWC LabA Opaque Spandrel 4,13,Vertex 2 X-coordinate {m},9.94918000,False,5185
241,FenestrationSurface:Detailed,HIBO CWC LabA Opaque Spandrel 4,14,Vertex 2 Y-coordinate {m},0.00000000,False,5186
241,FenestrationSurface:Detailed,HIBO CWC LabA Opaque Spandrel 4,15,Vertex 2 Z-coordinate {m},3.04800000,False,5187
241,FenestrationSurface:Detailed,HIBO CWC LabA Opaque Spandrel 4,16,Vertex 3 X-coordinate {m},10.80008000,False,5188
241,FenestrationSurface:Detailed,HIBO CWC LabA Opaque Spandrel 4,17,Vertex 3 Y-coordinate {m},0.00000000,False,5189
241,FenestrationSurface:Detailed,HIBO CWC LabA Opaque Spandrel 4,18,Vertex 3 Z-coordinate {m},3.04800000,False,5190
241,FenestrationSurface:Detailed,HIBO CWC LabA Opaque Spandrel 4,19,Vertex 4 X-coordinate {m},10.80008000,False,5191
241,FenestrationSurface:Detailed,HIBO CWC LabA Opaque Spandrel 4,20,Vertex 4 Y-coordinate {m},0.00000000,False,5192
241,FenestrationSurface:Detailed,HIBO CWC LabA Opaque Spandrel 4,21,Vertex 4 Z-coordinate {m},4.01320000,False,5193
242,FenestrationSurface:Detailed,HIBO CWA LabB West Frame Bottom,1,Name,HIBO CWA LabB West Frame Bottom,False,5196
242,FenestrationSurface:Detailed,HIBO CWA LabB West Frame Bottom,2,Surface Type,Door,False,5197
242,FenestrationSurface:Detailed,HIBO CWA LabB West Frame Bottom,3,Construction Name,HIBO Exterior Aluminum Frame Strip,False,5198
242,FenestrationSurface:Detailed,HIBO CWA LabB West Frame Bottom,4,Building Surface Name,Surface 70 Ext,False,5199
242,FenestrationSurface:Detailed,HIBO CWA LabB West Frame Bottom,5,Outside Boundary Condition Object,,True,5200
242,FenestrationSurface:Detailed,HIBO CWA LabB West Frame Bottom,6,View Factor to Ground,autocalculate,False,5201
242,FenestrationSurface:Detailed,HIBO CWA LabB West Frame Bottom,7,Frame and Divider Name,,True,5202
242,FenestrationSurface:Detailed,HIBO CWA LabB West Frame Bottom,8,Multiplier,1,False,5203
242,FenestrationSurface:Detailed,HIBO CWA LabB West Frame Bottom,9,Number of Vertices,4,False,5204
242,FenestrationSurface:Detailed,HIBO CWA LabB West Frame Bottom,10,Vertex 1 X-coordinate {m},0.00000000,False,5205
242,FenestrationSurface:Detailed,HIBO CWA LabB West Frame Bottom,11,Vertex 1 Y-coordinate {m},2.83510000,False,5206
242,FenestrationSurface:Detailed,HIBO CWA LabB West Frame Bottom,12,Vertex 1 Z-coordinate {m},0.45720000,False,5207
242,FenestrationSurface:Detailed,HIBO CWA LabB West Frame Bottom,13,Vertex 2 X-coordinate {m},0.00000000,False,5208
242,FenestrationSurface:Detailed,HIBO CWA LabB West Frame Bottom,14,Vertex 2 Y-coordinate {m},2.83510000,False,5209
242,FenestrationSurface:Detailed,HIBO CWA LabB West Frame Bottom,15,Vertex 2 Z-coordinate {m},0.40640000,False,5210
242,FenestrationSurface:Detailed,HIBO CWA LabB West Frame Bottom,16,Vertex 3 X-coordinate {m},0.00000000,False,5211
242,FenestrationSurface:Detailed,HIBO CWA LabB West Frame Bottom,17,Vertex 3 Y-coordinate {m},1.81910000,False,5212
242,FenestrationSurface:Detailed,HIBO CWA LabB West Frame Bottom,18,Vertex 3 Z-coordinate {m},0.40640000,False,5213
242,FenestrationSurface:Detailed,HIBO CWA LabB West Frame Bottom,19,Vertex 4 X-coordinate {m},0.00000000,False,5214
242,FenestrationSurface:Detailed,HIBO CWA LabB West Frame Bottom,20,Vertex 4 Y-coordinate {m},1.81910000,False,5215
242,FenestrationSurface:Detailed,HIBO CWA LabB West Frame Bottom,21,Vertex 4 Z-coordinate {m},0.45720000,False,5216
243,FenestrationSurface:Detailed,HIBO CWA LabB West Frame Top,1,Name,HIBO CWA LabB West Frame Top,False,5219
243,FenestrationSurface:Detailed,HIBO CWA LabB West Frame Top,2,Surface Type,Door,False,5220
243,FenestrationSurface:Detailed,HIBO CWA LabB West Frame Top,3,Construction Name,HIBO Exterior Aluminum Frame Strip,False,5221
243,FenestrationSurface:Detailed,HIBO CWA LabB West Frame Top,4,Building Surface Name,Surface 70 Ext,False,5222
243,FenestrationSurface:Detailed,HIBO CWA LabB West Frame Top,5,Outside Boundary Condition Object,,True,5223
243,FenestrationSurface:Detailed,HIBO CWA LabB West Frame Top,6,View Factor to Ground,autocalculate,False,5224
243,FenestrationSurface:Detailed,HIBO CWA LabB West Frame Top,7,Frame and Divider Name,,True,5225
243,FenestrationSurface:Detailed,HIBO CWA LabB West Frame Top,8,Multiplier,1,False,5226
243,FenestrationSurface:Detailed,HIBO CWA LabB West Frame Top,9,Number of Vertices,4,False,5227
243,FenestrationSurface:Detailed,HIBO CWA LabB West Frame Top,10,Vertex 1 X-coordinate {m},0.00000000,False,5228
243,FenestrationSurface:Detailed,HIBO CWA LabB West Frame Top,11,Vertex 1 Y-coordinate {m},2.83510000,False,5229
243,FenestrationSurface:Detailed,HIBO CWA LabB West Frame Top,12,Vertex 1 Z-coordinate {m},2.84480000,False,5230
243,FenestrationSurface:Detailed,HIBO CWA LabB West Frame Top,13,Vertex 2 X-coordinate {m},0.00000000,False,5231
243,FenestrationSurface:Detailed,HIBO CWA LabB West Frame Top,14,Vertex 2 Y-coordinate {m},2.83510000,False,5232
243,FenestrationSurface:Detailed,HIBO CWA LabB West Frame Top,15,Vertex 2 Z-coordinate {m},2.79400000,False,5233
243,FenestrationSurface:Detailed,HIBO CWA LabB West Frame Top,16,Vertex 3 X-coordinate {m},0.00000000,False,5234
243,FenestrationSurface:Detailed,HIBO CWA LabB West Frame Top,17,Vertex 3 Y-coordinate {m},1.81910000,False,5235
243,FenestrationSurface:Detailed,HIBO CWA LabB West Frame Top,18,Vertex 3 Z-coordinate {m},2.79400000,False,5236
243,FenestrationSurface:Detailed,HIBO CWA LabB West Frame Top,19,Vertex 4 X-coordinate {m},0.00000000,False,5237
243,FenestrationSurface:Detailed,HIBO CWA LabB West Frame Top,20,Vertex 4 Y-coordinate {m},1.81910000,False,5238
243,FenestrationSurface:Detailed,HIBO CWA LabB West Frame Top,21,Vertex 4 Z-coordinate {m},2.84480000,False,5239
244,FenestrationSurface:Detailed,HIBO CWA LabB West Frame Left,1,Name,HIBO CWA LabB West Frame Left,False,5242
244,FenestrationSurface:Detailed,HIBO CWA LabB West Frame Left,2,Surface Type,Door,False,5243
244,FenestrationSurface:Detailed,HIBO CWA LabB West Frame Left,3,Construction Name,HIBO Exterior Aluminum Frame Strip,False,5244
244,FenestrationSurface:Detailed,HIBO CWA LabB West Frame Left,4,Building Surface Name,Surface 70 Ext,False,5245
244,FenestrationSurface:Detailed,HIBO CWA LabB West Frame Left,5,Outside Boundary Condition Object,,True,5246
244,FenestrationSurface:Detailed,HIBO CWA LabB West Frame Left,6,View Factor to Ground,autocalculate,False,5247
244,FenestrationSurface:Detailed,HIBO CWA LabB West Frame Left,7,Frame and Divider Name,,True,5248
244,FenestrationSurface:Detailed,HIBO CWA LabB West Frame Left,8,Multiplier,1,False,5249
244,FenestrationSurface:Detailed,HIBO CWA LabB West Frame Left,9,Number of Vertices,4,False,5250
244,FenestrationSurface:Detailed,HIBO CWA LabB West Frame Left,10,Vertex 1 X-coordinate {m},0.00000000,False,5251
244,FenestrationSurface:Detailed,HIBO CWA LabB West Frame Left,11,Vertex 1 Y-coordinate {m},1.86990000,False,5252
244,FenestrationSurface:Detailed,HIBO CWA LabB West Frame Left,12,Vertex 1 Z-coordinate {m},2.79400000,False,5253
244,FenestrationSurface:Detailed,HIBO CWA LabB West Frame Left,13,Vertex 2 X-coordinate {m},0.00000000,False,5254
244,FenestrationSurface:Detailed,HIBO CWA LabB West Frame Left,14,Vertex 2 Y-coordinate {m},1.86990000,False,5255
244,FenestrationSurface:Detailed,HIBO CWA LabB West Frame Left,15,Vertex 2 Z-coordinate {m},0.45720000,False,5256
244,FenestrationSurface:Detailed,HIBO CWA LabB West Frame Left,16,Vertex 3 X-coordinate {m},0.00000000,False,5257
244,FenestrationSurface:Detailed,HIBO CWA LabB West Frame Left,17,Vertex 3 Y-coordinate {m},1.81910000,False,5258
244,FenestrationSurface:Detailed,HIBO CWA LabB West Frame Left,18,Vertex 3 Z-coordinate {m},0.45720000,False,5259
244,FenestrationSurface:Detailed,HIBO CWA LabB West Frame Left,19,Vertex 4 X-coordinate {m},0.00000000,False,5260
244,FenestrationSurface:Detailed,HIBO CWA LabB West Frame Left,20,Vertex 4 Y-coordinate {m},1.81910000,False,5261
244,FenestrationSurface:Detailed,HIBO CWA LabB West Frame Left,21,Vertex 4 Z-coordinate {m},2.79400000,False,5262
245,FenestrationSurface:Detailed,HIBO CWA LabB West Frame Right,1,Name,HIBO CWA LabB West Frame Right,False,5265
245,FenestrationSurface:Detailed,HIBO CWA LabB West Frame Right,2,Surface Type,Door,False,5266
245,FenestrationSurface:Detailed,HIBO CWA LabB West Frame Right,3,Construction Name,HIBO Exterior Aluminum Frame Strip,False,5267
245,FenestrationSurface:Detailed,HIBO CWA LabB West Frame Right,4,Building Surface Name,Surface 70 Ext,False,5268
245,FenestrationSurface:Detailed,HIBO CWA LabB West Frame Right,5,Outside Boundary Condition Object,,True,5269
245,FenestrationSurface:Detailed,HIBO CWA LabB West Frame Right,6,View Factor to Ground,autocalculate,False,5270
245,FenestrationSurface:Detailed,HIBO CWA LabB West Frame Right,7,Frame and Divider Name,,True,5271
245,FenestrationSurface:Detailed,HIBO CWA LabB West Frame Right,8,Multiplier,1,False,5272
245,FenestrationSurface:Detailed,HIBO CWA LabB West Frame Right,9,Number of Vertices,4,False,5273
245,FenestrationSurface:Detailed,HIBO CWA LabB West Frame Right,10,Vertex 1 X-coordinate {m},0.00000000,False,5274
245,FenestrationSurface:Detailed,HIBO CWA LabB West Frame Right,11,Vertex 1 Y-coordinate {m},2.83510000,False,5275
245,FenestrationSurface:Detailed,HIBO CWA LabB West Frame Right,12,Vertex 1 Z-coordinate {m},2.79400000,False,5276
245,FenestrationSurface:Detailed,HIBO CWA LabB West Frame Right,13,Vertex 2 X-coordinate {m},0.00000000,False,5277
245,FenestrationSurface:Detailed,HIBO CWA LabB West Frame Right,14,Vertex 2 Y-coordinate {m},2.83510000,False,5278
245,FenestrationSurface:Detailed,HIBO CWA LabB West Frame Right,15,Vertex 2 Z-coordinate {m},0.45720000,False,5279
245,FenestrationSurface:Detailed,HIBO CWA LabB West Frame Right,16,Vertex 3 X-coordinate {m},0.00000000,False,5280
245,FenestrationSurface:Detailed,HIBO CWA LabB West Frame Right,17,Vertex 3 Y-coordinate {m},2.78430000,False,5281
245,FenestrationSurface:Detailed,HIBO CWA LabB West Frame Right,18,Vertex 3 Z-coordinate {m},0.45720000,False,5282
245,FenestrationSurface:Detailed,HIBO CWA LabB West Frame Right,19,Vertex 4 X-coordinate {m},0.00000000,False,5283
245,FenestrationSurface:Detailed,HIBO CWA LabB West Frame Right,20,Vertex 4 Y-coordinate {m},2.78430000,False,5284
245,FenestrationSurface:Detailed,HIBO CWA LabB West Frame Right,21,Vertex 4 Z-coordinate {m},2.79400000,False,5285
246,FenestrationSurface:Detailed,HIBO CWA LabB West Lower CTIG,1,Name,HIBO CWA LabB West Lower CTIG,False,5288
246,FenestrationSurface:Detailed,HIBO CWA LabB West Lower CTIG,2,Surface Type,Window,False,5289
246,FenestrationSurface:Detailed,HIBO CWA LabB West Lower CTIG,3,Construction Name,EXT_Window_SN54,False,5290
246,FenestrationSurface:Detailed,HIBO CWA LabB West Lower CTIG,4,Building Surface Name,Surface 70 Ext,False,5291
246,FenestrationSurface:Detailed,HIBO CWA LabB West Lower CTIG,5,Outside Boundary Condition Object,,True,5292
246,FenestrationSurface:Detailed,HIBO CWA LabB West Lower CTIG,6,View Factor to Ground,autocalculate,False,5293
246,FenestrationSurface:Detailed,HIBO CWA LabB West Lower CTIG,7,Frame and Divider Name,,True,5294
246,FenestrationSurface:Detailed,HIBO CWA LabB West Lower CTIG,8,Multiplier,1,False,5295
246,FenestrationSurface:Detailed,HIBO CWA LabB West Lower CTIG,9,Number of Vertices,4,False,5296
246,FenestrationSurface:Detailed,HIBO CWA LabB West Lower CTIG,10,Vertex 1 X-coordinate {m},0.00000000,False,5297
246,FenestrationSurface:Detailed,HIBO CWA LabB West Lower CTIG,11,Vertex 1 Y-coordinate {m},2.78430000,False,5298
246,FenestrationSurface:Detailed,HIBO CWA LabB West Lower CTIG,12,Vertex 1 Z-coordinate {m},1.27000000,False,5299
246,FenestrationSurface:Detailed,HIBO CWA LabB West Lower CTIG,13,Vertex 2 X-coordinate {m},0.00000000,False,5300
246,FenestrationSurface:Detailed,HIBO CWA LabB West Lower CTIG,14,Vertex 2 Y-coordinate {m},2.78430000,False,5301
246,FenestrationSurface:Detailed,HIBO CWA LabB West Lower CTIG,15,Vertex 2 Z-coordinate {m},0.45720000,False,5302
246,FenestrationSurface:Detailed,HIBO CWA LabB West Lower CTIG,16,Vertex 3 X-coordinate {m},0.00000000,False,5303
246,FenestrationSurface:Detailed,HIBO CWA LabB West Lower CTIG,17,Vertex 3 Y-coordinate {m},1.86990000,False,5304
246,FenestrationSurface:Detailed,HIBO CWA LabB West Lower CTIG,18,Vertex 3 Z-coordinate {m},0.45720000,False,5305
246,FenestrationSurface:Detailed,HIBO CWA LabB West Lower CTIG,19,Vertex 4 X-coordinate {m},0.00000000,False,5306
246,FenestrationSurface:Detailed,HIBO CWA LabB West Lower CTIG,20,Vertex 4 Y-coordinate {m},1.86990000,False,5307
246,FenestrationSurface:Detailed,HIBO CWA LabB West Lower CTIG,21,Vertex 4 Z-coordinate {m},1.27000000,False,5308
247,FenestrationSurface:Detailed,HIBO CWA LabB West Upper CTIG,1,Name,HIBO CWA LabB West Upper CTIG,False,5311
247,FenestrationSurface:Detailed,HIBO CWA LabB West Upper CTIG,2,Surface Type,Window,False,5312
247,FenestrationSurface:Detailed,HIBO CWA LabB West Upper CTIG,3,Construction Name,EXT_Window_SN54,False,5313
247,FenestrationSurface:Detailed,HIBO CWA LabB West Upper CTIG,4,Building Surface Name,Surface 70 Ext,False,5314
247,FenestrationSurface:Detailed,HIBO CWA LabB West Upper CTIG,5,Outside Boundary Condition Object,,True,5315
247,FenestrationSurface:Detailed,HIBO CWA LabB West Upper CTIG,6,View Factor to Ground,autocalculate,False,5316
247,FenestrationSurface:Detailed,HIBO CWA LabB West Upper CTIG,7,Frame and Divider Name,,True,5317
247,FenestrationSurface:Detailed,HIBO CWA LabB West Upper CTIG,8,Multiplier,1,False,5318
247,FenestrationSurface:Detailed,HIBO CWA LabB West Upper CTIG,9,Number of Vertices,4,False,5319
247,FenestrationSurface:Detailed,HIBO CWA LabB West Upper CTIG,10,Vertex 1 X-coordinate {m},0.00000000,False,5320
247,FenestrationSurface:Detailed,HIBO CWA LabB West Upper CTIG,11,Vertex 1 Y-coordinate {m},2.78430000,False,5321
247,FenestrationSurface:Detailed,HIBO CWA LabB West Upper CTIG,12,Vertex 1 Z-coordinate {m},2.79400000,False,5322
247,FenestrationSurface:Detailed,HIBO CWA LabB West Upper CTIG,13,Vertex 2 X-coordinate {m},0.00000000,False,5323
247,FenestrationSurface:Detailed,HIBO CWA LabB West Upper CTIG,14,Vertex 2 Y-coordinate {m},2.78430000,False,5324
247,FenestrationSurface:Detailed,HIBO CWA LabB West Upper CTIG,15,Vertex 2 Z-coordinate {m},1.32080000,False,5325
247,FenestrationSurface:Detailed,HIBO CWA LabB West Upper CTIG,16,Vertex 3 X-coordinate {m},0.00000000,False,5326
247,FenestrationSurface:Detailed,HIBO CWA LabB West Upper CTIG,17,Vertex 3 Y-coordinate {m},1.86990000,False,5327
247,FenestrationSurface:Detailed,HIBO CWA LabB West Upper CTIG,18,Vertex 3 Z-coordinate {m},1.32080000,False,5328
247,FenestrationSurface:Detailed,HIBO CWA LabB West Upper CTIG,19,Vertex 4 X-coordinate {m},0.00000000,False,5329
247,FenestrationSurface:Detailed,HIBO CWA LabB West Upper CTIG,20,Vertex 4 Y-coordinate {m},1.86990000,False,5330
247,FenestrationSurface:Detailed,HIBO CWA LabB West Upper CTIG,21,Vertex 4 Z-coordinate {m},2.79400000,False,5331
248,FenestrationSurface:Detailed,HIBO CWA LabB West Horizontal Mullion,1,Name,HIBO CWA LabB West Horizontal Mullion,False,5334
248,FenestrationSurface:Detailed,HIBO CWA LabB West Horizontal Mullion,2,Surface Type,Door,False,5335
248,FenestrationSurface:Detailed,HIBO CWA LabB West Horizontal Mullion,3,Construction Name,HIBO Exterior Aluminum Frame Strip,False,5336
248,FenestrationSurface:Detailed,HIBO CWA LabB West Horizontal Mullion,4,Building Surface Name,Surface 70 Ext,False,5337
248,FenestrationSurface:Detailed,HIBO CWA LabB West Horizontal Mullion,5,Outside Boundary Condition Object,,True,5338
248,FenestrationSurface:Detailed,HIBO CWA LabB West Horizontal Mullion,6,View Factor to Ground,autocalculate,False,5339
248,FenestrationSurface:Detailed,HIBO CWA LabB West Horizontal Mullion,7,Frame and Divider Name,,True,5340
248,FenestrationSurface:Detailed,HIBO CWA LabB West Horizontal Mullion,8,Multiplier,1,False,5341
248,FenestrationSurface:Detailed,HIBO CWA LabB West Horizontal Mullion,9,Number of Vertices,4,False,5342
248,FenestrationSurface:Detailed,HIBO CWA LabB West Horizontal Mullion,10,Vertex 1 X-coordinate {m},0.00000000,False,5343
248,FenestrationSurface:Detailed,HIBO CWA LabB West Horizontal Mullion,11,Vertex 1 Y-coordinate {m},2.78430000,False,5344
248,FenestrationSurface:Detailed,HIBO CWA LabB West Horizontal Mullion,12,Vertex 1 Z-coordinate {m},1.32080000,False,5345
248,FenestrationSurface:Detailed,HIBO CWA LabB West Horizontal Mullion,13,Vertex 2 X-coordinate {m},0.00000000,False,5346
248,FenestrationSurface:Detailed,HIBO CWA LabB West Horizontal Mullion,14,Vertex 2 Y-coordinate {m},2.78430000,False,5347
248,FenestrationSurface:Detailed,HIBO CWA LabB West Horizontal Mullion,15,Vertex 2 Z-coordinate {m},1.27000000,False,5348
248,FenestrationSurface:Detailed,HIBO CWA LabB West Horizontal Mullion,16,Vertex 3 X-coordinate {m},0.00000000,False,5349
248,FenestrationSurface:Detailed,HIBO CWA LabB West Horizontal Mullion,17,Vertex 3 Y-coordinate {m},1.86990000,False,5350
248,FenestrationSurface:Detailed,HIBO CWA LabB West Horizontal Mullion,18,Vertex 3 Z-coordinate {m},1.27000000,False,5351
248,FenestrationSurface:Detailed,HIBO CWA LabB West Horizontal Mullion,19,Vertex 4 X-coordinate {m},0.00000000,False,5352
248,FenestrationSurface:Detailed,HIBO CWA LabB West Horizontal Mullion,20,Vertex 4 Y-coordinate {m},1.86990000,False,5353
248,FenestrationSurface:Detailed,HIBO CWA LabB West Horizontal Mullion,21,Vertex 4 Z-coordinate {m},1.32080000,False,5354
249,FenestrationSurface:Detailed,HIBO CWA LabA East Frame Bottom,1,Name,HIBO CWA LabA East Frame Bottom,False,5357
249,FenestrationSurface:Detailed,HIBO CWA LabA East Frame Bottom,2,Surface Type,Door,False,5358
249,FenestrationSurface:Detailed,HIBO CWA LabA East Frame Bottom,3,Construction Name,HIBO Exterior Aluminum Frame Strip,False,5359
249,FenestrationSurface:Detailed,HIBO CWA LabA East Frame Bottom,4,Building Surface Name,Surface 67 Ext,False,5360
249,FenestrationSurface:Detailed,HIBO CWA LabA East Frame Bottom,5,Outside Boundary Condition Object,,True,5361
249,FenestrationSurface:Detailed,HIBO CWA LabA East Frame Bottom,6,View Factor to Ground,autocalculate,False,5362
249,FenestrationSurface:Detailed,HIBO CWA LabA East Frame Bottom,7,Frame and Divider Name,,True,5363
249,FenestrationSurface:Detailed,HIBO CWA LabA East Frame Bottom,8,Multiplier,1,False,5364
249,FenestrationSurface:Detailed,HIBO CWA LabA East Frame Bottom,9,Number of Vertices,4,False,5365
249,FenestrationSurface:Detailed,HIBO CWA LabA East Frame Bottom,10,Vertex 1 X-coordinate {m},11.00023200,False,5366
249,FenestrationSurface:Detailed,HIBO CWA LabA East Frame Bottom,11,Vertex 1 Y-coordinate {m},1.81910000,False,5367
249,FenestrationSurface:Detailed,HIBO CWA LabA East Frame Bottom,12,Vertex 1 Z-coordinate {m},0.45720000,False,5368
249,FenestrationSurface:Detailed,HIBO CWA LabA East Frame Bottom,13,Vertex 2 X-coordinate {m},11.00023200,False,5369
249,FenestrationSurface:Detailed,HIBO CWA LabA East Frame Bottom,14,Vertex 2 Y-coordinate {m},1.81910000,False,5370
249,FenestrationSurface:Detailed,HIBO CWA LabA East Frame Bottom,15,Vertex 2 Z-coordinate {m},0.40640000,False,5371
249,FenestrationSurface:Detailed,HIBO CWA LabA East Frame Bottom,16,Vertex 3 X-coordinate {m},11.00023200,False,5372
249,FenestrationSurface:Detailed,HIBO CWA LabA East Frame Bottom,17,Vertex 3 Y-coordinate {m},2.83510000,False,5373
249,FenestrationSurface:Detailed,HIBO CWA LabA East Frame Bottom,18,Vertex 3 Z-coordinate {m},0.40640000,False,5374
249,FenestrationSurface:Detailed,HIBO CWA LabA East Frame Bottom,19,Vertex 4 X-coordinate {m},11.00023200,False,5375
249,FenestrationSurface:Detailed,HIBO CWA LabA East Frame Bottom,20,Vertex 4 Y-coordinate {m},2.83510000,False,5376
249,FenestrationSurface:Detailed,HIBO CWA LabA East Frame Bottom,21,Vertex 4 Z-coordinate {m},0.45720000,False,5377
250,FenestrationSurface:Detailed,HIBO CWA LabA East Frame Top,1,Name,HIBO CWA LabA East Frame Top,False,5380
250,FenestrationSurface:Detailed,HIBO CWA LabA East Frame Top,2,Surface Type,Door,False,5381
250,FenestrationSurface:Detailed,HIBO CWA LabA East Frame Top,3,Construction Name,HIBO Exterior Aluminum Frame Strip,False,5382
250,FenestrationSurface:Detailed,HIBO CWA LabA East Frame Top,4,Building Surface Name,Surface 67 Ext,False,5383
250,FenestrationSurface:Detailed,HIBO CWA LabA East Frame Top,5,Outside Boundary Condition Object,,True,5384
250,FenestrationSurface:Detailed,HIBO CWA LabA East Frame Top,6,View Factor to Ground,autocalculate,False,5385
250,FenestrationSurface:Detailed,HIBO CWA LabA East Frame Top,7,Frame and Divider Name,,True,5386
250,FenestrationSurface:Detailed,HIBO CWA LabA East Frame Top,8,Multiplier,1,False,5387
250,FenestrationSurface:Detailed,HIBO CWA LabA East Frame Top,9,Number of Vertices,4,False,5388
250,FenestrationSurface:Detailed,HIBO CWA LabA East Frame Top,10,Vertex 1 X-coordinate {m},11.00023200,False,5389
250,FenestrationSurface:Detailed,HIBO CWA LabA East Frame Top,11,Vertex 1 Y-coordinate {m},1.81910000,False,5390
250,FenestrationSurface:Detailed,HIBO CWA LabA East Frame Top,12,Vertex 1 Z-coordinate {m},2.84480000,False,5391
250,FenestrationSurface:Detailed,HIBO CWA LabA East Frame Top,13,Vertex 2 X-coordinate {m},11.00023200,False,5392
250,FenestrationSurface:Detailed,HIBO CWA LabA East Frame Top,14,Vertex 2 Y-coordinate {m},1.81910000,False,5393
250,FenestrationSurface:Detailed,HIBO CWA LabA East Frame Top,15,Vertex 2 Z-coordinate {m},2.79400000,False,5394
250,FenestrationSurface:Detailed,HIBO CWA LabA East Frame Top,16,Vertex 3 X-coordinate {m},11.00023200,False,5395
250,FenestrationSurface:Detailed,HIBO CWA LabA East Frame Top,17,Vertex 3 Y-coordinate {m},2.83510000,False,5396
250,FenestrationSurface:Detailed,HIBO CWA LabA East Frame Top,18,Vertex 3 Z-coordinate {m},2.79400000,False,5397
250,FenestrationSurface:Detailed,HIBO CWA LabA East Frame Top,19,Vertex 4 X-coordinate {m},11.00023200,False,5398
250,FenestrationSurface:Detailed,HIBO CWA LabA East Frame Top,20,Vertex 4 Y-coordinate {m},2.83510000,False,5399
250,FenestrationSurface:Detailed,HIBO CWA LabA East Frame Top,21,Vertex 4 Z-coordinate {m},2.84480000,False,5400
251,FenestrationSurface:Detailed,HIBO CWA LabA East Frame Left,1,Name,HIBO CWA LabA East Frame Left,False,5403
251,FenestrationSurface:Detailed,HIBO CWA LabA East Frame Left,2,Surface Type,Door,False,5404
251,FenestrationSurface:Detailed,HIBO CWA LabA East Frame Left,3,Construction Name,HIBO Exterior Aluminum Frame Strip,False,5405
251,FenestrationSurface:Detailed,HIBO CWA LabA East Frame Left,4,Building Surface Name,Surface 67 Ext,False,5406
251,FenestrationSurface:Detailed,HIBO CWA LabA East Frame Left,5,Outside Boundary Condition Object,,True,5407
251,FenestrationSurface:Detailed,HIBO CWA LabA East Frame Left,6,View Factor to Ground,autocalculate,False,5408
251,FenestrationSurface:Detailed,HIBO CWA LabA East Frame Left,7,Frame and Divider Name,,True,5409
251,FenestrationSurface:Detailed,HIBO CWA LabA East Frame Left,8,Multiplier,1,False,5410
251,FenestrationSurface:Detailed,HIBO CWA LabA East Frame Left,9,Number of Vertices,4,False,5411
251,FenestrationSurface:Detailed,HIBO CWA LabA East Frame Left,10,Vertex 1 X-coordinate {m},11.00023200,False,5412
251,FenestrationSurface:Detailed,HIBO CWA LabA East Frame Left,11,Vertex 1 Y-coordinate {m},1.81910000,False,5413
251,FenestrationSurface:Detailed,HIBO CWA LabA East Frame Left,12,Vertex 1 Z-coordinate {m},2.79400000,False,5414
251,FenestrationSurface:Detailed,HIBO CWA LabA East Frame Left,13,Vertex 2 X-coordinate {m},11.00023200,False,5415
251,FenestrationSurface:Detailed,HIBO CWA LabA East Frame Left,14,Vertex 2 Y-coordinate {m},1.81910000,False,5416
251,FenestrationSurface:Detailed,HIBO CWA LabA East Frame Left,15,Vertex 2 Z-coordinate {m},0.45720000,False,5417
251,FenestrationSurface:Detailed,HIBO CWA LabA East Frame Left,16,Vertex 3 X-coordinate {m},11.00023200,False,5418
251,FenestrationSurface:Detailed,HIBO CWA LabA East Frame Left,17,Vertex 3 Y-coordinate {m},1.86990000,False,5419
251,FenestrationSurface:Detailed,HIBO CWA LabA East Frame Left,18,Vertex 3 Z-coordinate {m},0.45720000,False,5420
251,FenestrationSurface:Detailed,HIBO CWA LabA East Frame Left,19,Vertex 4 X-coordinate {m},11.00023200,False,5421
251,FenestrationSurface:Detailed,HIBO CWA LabA East Frame Left,20,Vertex 4 Y-coordinate {m},1.86990000,False,5422
251,FenestrationSurface:Detailed,HIBO CWA LabA East Frame Left,21,Vertex 4 Z-coordinate {m},2.79400000,False,5423
252,FenestrationSurface:Detailed,HIBO CWA LabA East Frame Right,1,Name,HIBO CWA LabA East Frame Right,False,5426
252,FenestrationSurface:Detailed,HIBO CWA LabA East Frame Right,2,Surface Type,Door,False,5427
252,FenestrationSurface:Detailed,HIBO CWA LabA East Frame Right,3,Construction Name,HIBO Exterior Aluminum Frame Strip,False,5428
252,FenestrationSurface:Detailed,HIBO CWA LabA East Frame Right,4,Building Surface Name,Surface 67 Ext,False,5429
252,FenestrationSurface:Detailed,HIBO CWA LabA East Frame Right,5,Outside Boundary Condition Object,,True,5430
252,FenestrationSurface:Detailed,HIBO CWA LabA East Frame Right,6,View Factor to Ground,autocalculate,False,5431
252,FenestrationSurface:Detailed,HIBO CWA LabA East Frame Right,7,Frame and Divider Name,,True,5432
252,FenestrationSurface:Detailed,HIBO CWA LabA East Frame Right,8,Multiplier,1,False,5433
252,FenestrationSurface:Detailed,HIBO CWA LabA East Frame Right,9,Number of Vertices,4,False,5434
252,FenestrationSurface:Detailed,HIBO CWA LabA East Frame Right,10,Vertex 1 X-coordinate {m},11.00023200,False,5435
252,FenestrationSurface:Detailed,HIBO CWA LabA East Frame Right,11,Vertex 1 Y-coordinate {m},2.78430000,False,5436
252,FenestrationSurface:Detailed,HIBO CWA LabA East Frame Right,12,Vertex 1 Z-coordinate {m},2.79400000,False,5437
252,FenestrationSurface:Detailed,HIBO CWA LabA East Frame Right,13,Vertex 2 X-coordinate {m},11.00023200,False,5438
252,FenestrationSurface:Detailed,HIBO CWA LabA East Frame Right,14,Vertex 2 Y-coordinate {m},2.78430000,False,5439
252,FenestrationSurface:Detailed,HIBO CWA LabA East Frame Right,15,Vertex 2 Z-coordinate {m},0.45720000,False,5440
252,FenestrationSurface:Detailed,HIBO CWA LabA East Frame Right,16,Vertex 3 X-coordinate {m},11.00023200,False,5441
252,FenestrationSurface:Detailed,HIBO CWA LabA East Frame Right,17,Vertex 3 Y-coordinate {m},2.83510000,False,5442
252,FenestrationSurface:Detailed,HIBO CWA LabA East Frame Right,18,Vertex 3 Z-coordinate {m},0.45720000,False,5443
252,FenestrationSurface:Detailed,HIBO CWA LabA East Frame Right,19,Vertex 4 X-coordinate {m},11.00023200,False,5444
252,FenestrationSurface:Detailed,HIBO CWA LabA East Frame Right,20,Vertex 4 Y-coordinate {m},2.83510000,False,5445
252,FenestrationSurface:Detailed,HIBO CWA LabA East Frame Right,21,Vertex 4 Z-coordinate {m},2.79400000,False,5446
253,FenestrationSurface:Detailed,HIBO CWA LabA East Lower CTIG,1,Name,HIBO CWA LabA East Lower CTIG,False,5449
253,FenestrationSurface:Detailed,HIBO CWA LabA East Lower CTIG,2,Surface Type,Window,False,5450
253,FenestrationSurface:Detailed,HIBO CWA LabA East Lower CTIG,3,Construction Name,EXT_Window_SN54,False,5451
253,FenestrationSurface:Detailed,HIBO CWA LabA East Lower CTIG,4,Building Surface Name,Surface 67 Ext,False,5452
253,FenestrationSurface:Detailed,HIBO CWA LabA East Lower CTIG,5,Outside Boundary Condition Object,,True,5453
253,FenestrationSurface:Detailed,HIBO CWA LabA East Lower CTIG,6,View Factor to Ground,autocalculate,False,5454
253,FenestrationSurface:Detailed,HIBO CWA LabA East Lower CTIG,7,Frame and Divider Name,,True,5455
253,FenestrationSurface:Detailed,HIBO CWA LabA East Lower CTIG,8,Multiplier,1,False,5456
253,FenestrationSurface:Detailed,HIBO CWA LabA East Lower CTIG,9,Number of Vertices,4,False,5457
253,FenestrationSurface:Detailed,HIBO CWA LabA East Lower CTIG,10,Vertex 1 X-coordinate {m},11.00023200,False,5458
253,FenestrationSurface:Detailed,HIBO CWA LabA East Lower CTIG,11,Vertex 1 Y-coordinate {m},1.86990000,False,5459
253,FenestrationSurface:Detailed,HIBO CWA LabA East Lower CTIG,12,Vertex 1 Z-coordinate {m},1.27000000,False,5460
253,FenestrationSurface:Detailed,HIBO CWA LabA East Lower CTIG,13,Vertex 2 X-coordinate {m},11.00023200,False,5461
253,FenestrationSurface:Detailed,HIBO CWA LabA East Lower CTIG,14,Vertex 2 Y-coordinate {m},1.86990000,False,5462
253,FenestrationSurface:Detailed,HIBO CWA LabA East Lower CTIG,15,Vertex 2 Z-coordinate {m},0.45720000,False,5463
253,FenestrationSurface:Detailed,HIBO CWA LabA East Lower CTIG,16,Vertex 3 X-coordinate {m},11.00023200,False,5464
253,FenestrationSurface:Detailed,HIBO CWA LabA East Lower CTIG,17,Vertex 3 Y-coordinate {m},2.78430000,False,5465
253,FenestrationSurface:Detailed,HIBO CWA LabA East Lower CTIG,18,Vertex 3 Z-coordinate {m},0.45720000,False,5466
253,FenestrationSurface:Detailed,HIBO CWA LabA East Lower CTIG,19,Vertex 4 X-coordinate {m},11.00023200,False,5467
253,FenestrationSurface:Detailed,HIBO CWA LabA East Lower CTIG,20,Vertex 4 Y-coordinate {m},2.78430000,False,5468
253,FenestrationSurface:Detailed,HIBO CWA LabA East Lower CTIG,21,Vertex 4 Z-coordinate {m},1.27000000,False,5469
254,FenestrationSurface:Detailed,HIBO CWA LabA East Upper CTIG,1,Name,HIBO CWA LabA East Upper CTIG,False,5472
254,FenestrationSurface:Detailed,HIBO CWA LabA East Upper CTIG,2,Surface Type,Window,False,5473
254,FenestrationSurface:Detailed,HIBO CWA LabA East Upper CTIG,3,Construction Name,EXT_Window_SN54,False,5474
254,FenestrationSurface:Detailed,HIBO CWA LabA East Upper CTIG,4,Building Surface Name,Surface 67 Ext,False,5475
254,FenestrationSurface:Detailed,HIBO CWA LabA East Upper CTIG,5,Outside Boundary Condition Object,,True,5476
254,FenestrationSurface:Detailed,HIBO CWA LabA East Upper CTIG,6,View Factor to Ground,autocalculate,False,5477
254,FenestrationSurface:Detailed,HIBO CWA LabA East Upper CTIG,7,Frame and Divider Name,,True,5478
254,FenestrationSurface:Detailed,HIBO CWA LabA East Upper CTIG,8,Multiplier,1,False,5479
254,FenestrationSurface:Detailed,HIBO CWA LabA East Upper CTIG,9,Number of Vertices,4,False,5480
254,FenestrationSurface:Detailed,HIBO CWA LabA East Upper CTIG,10,Vertex 1 X-coordinate {m},11.00023200,False,5481
254,FenestrationSurface:Detailed,HIBO CWA LabA East Upper CTIG,11,Vertex 1 Y-coordinate {m},1.86990000,False,5482
254,FenestrationSurface:Detailed,HIBO CWA LabA East Upper CTIG,12,Vertex 1 Z-coordinate {m},2.79400000,False,5483
254,FenestrationSurface:Detailed,HIBO CWA LabA East Upper CTIG,13,Vertex 2 X-coordinate {m},11.00023200,False,5484
254,FenestrationSurface:Detailed,HIBO CWA LabA East Upper CTIG,14,Vertex 2 Y-coordinate {m},1.86990000,False,5485
254,FenestrationSurface:Detailed,HIBO CWA LabA East Upper CTIG,15,Vertex 2 Z-coordinate {m},1.32080000,False,5486
254,FenestrationSurface:Detailed,HIBO CWA LabA East Upper CTIG,16,Vertex 3 X-coordinate {m},11.00023200,False,5487
254,FenestrationSurface:Detailed,HIBO CWA LabA East Upper CTIG,17,Vertex 3 Y-coordinate {m},2.78430000,False,5488
254,FenestrationSurface:Detailed,HIBO CWA LabA East Upper CTIG,18,Vertex 3 Z-coordinate {m},1.32080000,False,5489
254,FenestrationSurface:Detailed,HIBO CWA LabA East Upper CTIG,19,Vertex 4 X-coordinate {m},11.00023200,False,5490
254,FenestrationSurface:Detailed,HIBO CWA LabA East Upper CTIG,20,Vertex 4 Y-coordinate {m},2.78430000,False,5491
254,FenestrationSurface:Detailed,HIBO CWA LabA East Upper CTIG,21,Vertex 4 Z-coordinate {m},2.79400000,False,5492
255,FenestrationSurface:Detailed,HIBO CWA LabA East Horizontal Mullion,1,Name,HIBO CWA LabA East Horizontal Mullion,False,5495
255,FenestrationSurface:Detailed,HIBO CWA LabA East Horizontal Mullion,2,Surface Type,Door,False,5496
255,FenestrationSurface:Detailed,HIBO CWA LabA East Horizontal Mullion,3,Construction Name,HIBO Exterior Aluminum Frame Strip,False,5497
255,FenestrationSurface:Detailed,HIBO CWA LabA East Horizontal Mullion,4,Building Surface Name,Surface 67 Ext,False,5498
255,FenestrationSurface:Detailed,HIBO CWA LabA East Horizontal Mullion,5,Outside Boundary Condition Object,,True,5499
255,FenestrationSurface:Detailed,HIBO CWA LabA East Horizontal Mullion,6,View Factor to Ground,autocalculate,False,5500
255,FenestrationSurface:Detailed,HIBO CWA LabA East Horizontal Mullion,7,Frame and Divider Name,,True,5501
255,FenestrationSurface:Detailed,HIBO CWA LabA East Horizontal Mullion,8,Multiplier,1,False,5502
255,FenestrationSurface:Detailed,HIBO CWA LabA East Horizontal Mullion,9,Number of Vertices,4,False,5503
255,FenestrationSurface:Detailed,HIBO CWA LabA East Horizontal Mullion,10,Vertex 1 X-coordinate {m},11.00023200,False,5504
255,FenestrationSurface:Detailed,HIBO CWA LabA East Horizontal Mullion,11,Vertex 1 Y-coordinate {m},1.86990000,False,5505
255,FenestrationSurface:Detailed,HIBO CWA LabA East Horizontal Mullion,12,Vertex 1 Z-coordinate {m},1.32080000,False,5506
255,FenestrationSurface:Detailed,HIBO CWA LabA East Horizontal Mullion,13,Vertex 2 X-coordinate {m},11.00023200,False,5507
255,FenestrationSurface:Detailed,HIBO CWA LabA East Horizontal Mullion,14,Vertex 2 Y-coordinate {m},1.86990000,False,5508
255,FenestrationSurface:Detailed,HIBO CWA LabA East Horizontal Mullion,15,Vertex 2 Z-coordinate {m},1.27000000,False,5509
255,FenestrationSurface:Detailed,HIBO CWA LabA East Horizontal Mullion,16,Vertex 3 X-coordinate {m},11.00023200,False,5510
255,FenestrationSurface:Detailed,HIBO CWA LabA East Horizontal Mullion,17,Vertex 3 Y-coordinate {m},2.78430000,False,5511
255,FenestrationSurface:Detailed,HIBO CWA LabA East Horizontal Mullion,18,Vertex 3 Z-coordinate {m},1.27000000,False,5512
255,FenestrationSurface:Detailed,HIBO CWA LabA East Horizontal Mullion,19,Vertex 4 X-coordinate {m},11.00023200,False,5513
255,FenestrationSurface:Detailed,HIBO CWA LabA East Horizontal Mullion,20,Vertex 4 Y-coordinate {m},2.78430000,False,5514
255,FenestrationSurface:Detailed,HIBO CWA LabA East Horizontal Mullion,21,Vertex 4 Z-coordinate {m},1.32080000,False,5515
256,FenestrationSurface:Detailed,HIBO N1 Leaf Stiles and Rails Bottom,1,Name,HIBO N1 Leaf Stiles and Rails Bottom,False,5518
256,FenestrationSurface:Detailed,HIBO N1 Leaf Stiles and Rails Bottom,2,Surface Type,Door,False,5519
256,FenestrationSurface:Detailed,HIBO N1 Leaf Stiles and Rails Bottom,3,Construction Name,HIBO Exterior Aluminum Frame Strip,False,5520
256,FenestrationSurface:Detailed,HIBO N1 Leaf Stiles and Rails Bottom,4,Building Surface Name,Surface 24 Ext,False,5521
256,FenestrationSurface:Detailed,HIBO N1 Leaf Stiles and Rails Bottom,5,Outside Boundary Condition Object,,True,5522
256,FenestrationSurface:Detailed,HIBO N1 Leaf Stiles and Rails Bottom,6,View Factor to Ground,autocalculate,False,5523
256,FenestrationSurface:Detailed,HIBO N1 Leaf Stiles and Rails Bottom,7,Frame and Divider Name,,True,5524
256,FenestrationSurface:Detailed,HIBO N1 Leaf Stiles and Rails Bottom,8,Multiplier,1,False,5525
256,FenestrationSurface:Detailed,HIBO N1 Leaf Stiles and Rails Bottom,9,Number of Vertices,4,False,5526
256,FenestrationSurface:Detailed,HIBO N1 Leaf Stiles and Rails Bottom,10,Vertex 1 X-coordinate {m},5.87959200,False,5527
256,FenestrationSurface:Detailed,HIBO N1 Leaf Stiles and Rails Bottom,11,Vertex 1 Y-coordinate {m},6.91286400,False,5528
256,FenestrationSurface:Detailed,HIBO N1 Leaf Stiles and Rails Bottom,12,Vertex 1 Z-coordinate {m},0.05080000,False,5529
256,FenestrationSurface:Detailed,HIBO N1 Leaf Stiles and Rails Bottom,13,Vertex 2 X-coordinate {m},5.87959200,False,5530
256,FenestrationSurface:Detailed,HIBO N1 Leaf Stiles and Rails Bottom,14,Vertex 2 Y-coordinate {m},6.91286400,False,5531
256,FenestrationSurface:Detailed,HIBO N1 Leaf Stiles and Rails Bottom,15,Vertex 2 Z-coordinate {m},0.00000000,False,5532
256,FenestrationSurface:Detailed,HIBO N1 Leaf Stiles and Rails Bottom,16,Vertex 3 X-coordinate {m},4.96519200,False,5533
256,FenestrationSurface:Detailed,HIBO N1 Leaf Stiles and Rails Bottom,17,Vertex 3 Y-coordinate {m},6.91286400,False,5534
256,FenestrationSurface:Detailed,HIBO N1 Leaf Stiles and Rails Bottom,18,Vertex 3 Z-coordinate {m},0.00000000,False,5535
256,FenestrationSurface:Detailed,HIBO N1 Leaf Stiles and Rails Bottom,19,Vertex 4 X-coordinate {m},4.96519200,False,5536
256,FenestrationSurface:Detailed,HIBO N1 Leaf Stiles and Rails Bottom,20,Vertex 4 Y-coordinate {m},6.91286400,False,5537
256,FenestrationSurface:Detailed,HIBO N1 Leaf Stiles and Rails Bottom,21,Vertex 4 Z-coordinate {m},0.05080000,False,5538
257,FenestrationSurface:Detailed,HIBO N1 Leaf Stiles and Rails Top,1,Name,HIBO N1 Leaf Stiles and Rails Top,False,5541
257,FenestrationSurface:Detailed,HIBO N1 Leaf Stiles and Rails Top,2,Surface Type,Door,False,5542
257,FenestrationSurface:Detailed,HIBO N1 Leaf Stiles and Rails Top,3,Construction Name,HIBO Exterior Aluminum Frame Strip,False,5543
257,FenestrationSurface:Detailed,HIBO N1 Leaf Stiles and Rails Top,4,Building Surface Name,Surface 24 Ext,False,5544
257,FenestrationSurface:Detailed,HIBO N1 Leaf Stiles and Rails Top,5,Outside Boundary Condition Object,,True,5545
257,FenestrationSurface:Detailed,HIBO N1 Leaf Stiles and Rails Top,6,View Factor to Ground,autocalculate,False,5546
257,FenestrationSurface:Detailed,HIBO N1 Leaf Stiles and Rails Top,7,Frame and Divider Name,,True,5547
257,FenestrationSurface:Detailed,HIBO N1 Leaf Stiles and Rails Top,8,Multiplier,1,False,5548
257,FenestrationSurface:Detailed,HIBO N1 Leaf Stiles and Rails Top,9,Number of Vertices,4,False,5549
257,FenestrationSurface:Detailed,HIBO N1 Leaf Stiles and Rails Top,10,Vertex 1 X-coordinate {m},5.87959200,False,5550
257,FenestrationSurface:Detailed,HIBO N1 Leaf Stiles and Rails Top,11,Vertex 1 Y-coordinate {m},6.91286400,False,5551
257,FenestrationSurface:Detailed,HIBO N1 Leaf Stiles and Rails Top,12,Vertex 1 Z-coordinate {m},2.18440000,False,5552
257,FenestrationSurface:Detailed,HIBO N1 Leaf Stiles and Rails Top,13,Vertex 2 X-coordinate {m},5.87959200,False,5553
257,FenestrationSurface:Detailed,HIBO N1 Leaf Stiles and Rails Top,14,Vertex 2 Y-coordinate {m},6.91286400,False,5554
257,FenestrationSurface:Detailed,HIBO N1 Leaf Stiles and Rails Top,15,Vertex 2 Z-coordinate {m},2.13360000,False,5555
257,FenestrationSurface:Detailed,HIBO N1 Leaf Stiles and Rails Top,16,Vertex 3 X-coordinate {m},4.96519200,False,5556
257,FenestrationSurface:Detailed,HIBO N1 Leaf Stiles and Rails Top,17,Vertex 3 Y-coordinate {m},6.91286400,False,5557
257,FenestrationSurface:Detailed,HIBO N1 Leaf Stiles and Rails Top,18,Vertex 3 Z-coordinate {m},2.13360000,False,5558
257,FenestrationSurface:Detailed,HIBO N1 Leaf Stiles and Rails Top,19,Vertex 4 X-coordinate {m},4.96519200,False,5559
257,FenestrationSurface:Detailed,HIBO N1 Leaf Stiles and Rails Top,20,Vertex 4 Y-coordinate {m},6.91286400,False,5560
257,FenestrationSurface:Detailed,HIBO N1 Leaf Stiles and Rails Top,21,Vertex 4 Z-coordinate {m},2.18440000,False,5561
258,FenestrationSurface:Detailed,HIBO N1 Leaf Stiles and Rails Left,1,Name,HIBO N1 Leaf Stiles and Rails Left,False,5564
258,FenestrationSurface:Detailed,HIBO N1 Leaf Stiles and Rails Left,2,Surface Type,Door,False,5565
258,FenestrationSurface:Detailed,HIBO N1 Leaf Stiles and Rails Left,3,Construction Name,HIBO Exterior Aluminum Frame Strip,False,5566
258,FenestrationSurface:Detailed,HIBO N1 Leaf Stiles and Rails Left,4,Building Surface Name,Surface 24 Ext,False,5567
258,FenestrationSurface:Detailed,HIBO N1 Leaf Stiles and Rails Left,5,Outside Boundary Condition Object,,True,5568
258,FenestrationSurface:Detailed,HIBO N1 Leaf Stiles and Rails Left,6,View Factor to Ground,autocalculate,False,5569
258,FenestrationSurface:Detailed,HIBO N1 Leaf Stiles and Rails Left,7,Frame and Divider Name,,True,5570
258,FenestrationSurface:Detailed,HIBO N1 Leaf Stiles and Rails Left,8,Multiplier,1,False,5571
258,FenestrationSurface:Detailed,HIBO N1 Leaf Stiles and Rails Left,9,Number of Vertices,4,False,5572
258,FenestrationSurface:Detailed,HIBO N1 Leaf Stiles and Rails Left,10,Vertex 1 X-coordinate {m},5.01599200,False,5573
258,FenestrationSurface:Detailed,HIBO N1 Leaf Stiles and Rails Left,11,Vertex 1 Y-coordinate {m},6.91286400,False,5574
258,FenestrationSurface:Detailed,HIBO N1 Leaf Stiles and Rails Left,12,Vertex 1 Z-coordinate {m},2.13360000,False,5575
258,FenestrationSurface:Detailed,HIBO N1 Leaf Stiles and Rails Left,13,Vertex 2 X-coordinate {m},5.01599200,False,5576
258,FenestrationSurface:Detailed,HIBO N1 Leaf Stiles and Rails Left,14,Vertex 2 Y-coordinate {m},6.91286400,False,5577
258,FenestrationSurface:Detailed,HIBO N1 Leaf Stiles and Rails Left,15,Vertex 2 Z-coordinate {m},0.05080000,False,5578
258,FenestrationSurface:Detailed,HIBO N1 Leaf Stiles and Rails Left,16,Vertex 3 X-coordinate {m},4.96519200,False,5579
258,FenestrationSurface:Detailed,HIBO N1 Leaf Stiles and Rails Left,17,Vertex 3 Y-coordinate {m},6.91286400,False,5580
258,FenestrationSurface:Detailed,HIBO N1 Leaf Stiles and Rails Left,18,Vertex 3 Z-coordinate {m},0.05080000,False,5581
258,FenestrationSurface:Detailed,HIBO N1 Leaf Stiles and Rails Left,19,Vertex 4 X-coordinate {m},4.96519200,False,5582
258,FenestrationSurface:Detailed,HIBO N1 Leaf Stiles and Rails Left,20,Vertex 4 Y-coordinate {m},6.91286400,False,5583
258,FenestrationSurface:Detailed,HIBO N1 Leaf Stiles and Rails Left,21,Vertex 4 Z-coordinate {m},2.13360000,False,5584
259,FenestrationSurface:Detailed,HIBO N1 Leaf Stiles and Rails Right,1,Name,HIBO N1 Leaf Stiles and Rails Right,False,5587
259,FenestrationSurface:Detailed,HIBO N1 Leaf Stiles and Rails Right,2,Surface Type,Door,False,5588
259,FenestrationSurface:Detailed,HIBO N1 Leaf Stiles and Rails Right,3,Construction Name,HIBO Exterior Aluminum Frame Strip,False,5589
259,FenestrationSurface:Detailed,HIBO N1 Leaf Stiles and Rails Right,4,Building Surface Name,Surface 24 Ext,False,5590
259,FenestrationSurface:Detailed,HIBO N1 Leaf Stiles and Rails Right,5,Outside Boundary Condition Object,,True,5591
259,FenestrationSurface:Detailed,HIBO N1 Leaf Stiles and Rails Right,6,View Factor to Ground,autocalculate,False,5592
259,FenestrationSurface:Detailed,HIBO N1 Leaf Stiles and Rails Right,7,Frame and Divider Name,,True,5593
259,FenestrationSurface:Detailed,HIBO N1 Leaf Stiles and Rails Right,8,Multiplier,1,False,5594
259,FenestrationSurface:Detailed,HIBO N1 Leaf Stiles and Rails Right,9,Number of Vertices,4,False,5595
259,FenestrationSurface:Detailed,HIBO N1 Leaf Stiles and Rails Right,10,Vertex 1 X-coordinate {m},5.87959200,False,5596
259,FenestrationSurface:Detailed,HIBO N1 Leaf Stiles and Rails Right,11,Vertex 1 Y-coordinate {m},6.91286400,False,5597
259,FenestrationSurface:Detailed,HIBO N1 Leaf Stiles and Rails Right,12,Vertex 1 Z-coordinate {m},2.13360000,False,5598
259,FenestrationSurface:Detailed,HIBO N1 Leaf Stiles and Rails Right,13,Vertex 2 X-coordinate {m},5.87959200,False,5599
259,FenestrationSurface:Detailed,HIBO N1 Leaf Stiles and Rails Right,14,Vertex 2 Y-coordinate {m},6.91286400,False,5600
259,FenestrationSurface:Detailed,HIBO N1 Leaf Stiles and Rails Right,15,Vertex 2 Z-coordinate {m},0.05080000,False,5601
259,FenestrationSurface:Detailed,HIBO N1 Leaf Stiles and Rails Right,16,Vertex 3 X-coordinate {m},5.82879200,False,5602
259,FenestrationSurface:Detailed,HIBO N1 Leaf Stiles and Rails Right,17,Vertex 3 Y-coordinate {m},6.91286400,False,5603
259,FenestrationSurface:Detailed,HIBO N1 Leaf Stiles and Rails Right,18,Vertex 3 Z-coordinate {m},0.05080000,False,5604
259,FenestrationSurface:Detailed,HIBO N1 Leaf Stiles and Rails Right,19,Vertex 4 X-coordinate {m},5.82879200,False,5605
259,FenestrationSurface:Detailed,HIBO N1 Leaf Stiles and Rails Right,20,Vertex 4 Y-coordinate {m},6.91286400,False,5606
259,FenestrationSurface:Detailed,HIBO N1 Leaf Stiles and Rails Right,21,Vertex 4 Z-coordinate {m},2.13360000,False,5607
260,FenestrationSurface:Detailed,HIBO N1 Lower CTIG,1,Name,HIBO N1 Lower CTIG,False,5610
260,FenestrationSurface:Detailed,HIBO N1 Lower CTIG,2,Surface Type,GlassDoor,False,5611
260,FenestrationSurface:Detailed,HIBO N1 Lower CTIG,3,Construction Name,EXT_Window_SN54,False,5612
260,FenestrationSurface:Detailed,HIBO N1 Lower CTIG,4,Building Surface Name,Surface 24 Ext,False,5613
260,FenestrationSurface:Detailed,HIBO N1 Lower CTIG,5,Outside Boundary Condition Object,,True,5614
260,FenestrationSurface:Detailed,HIBO N1 Lower CTIG,6,View Factor to Ground,autocalculate,False,5615
260,FenestrationSurface:Detailed,HIBO N1 Lower CTIG,7,Frame and Divider Name,,True,5616
260,FenestrationSurface:Detailed,HIBO N1 Lower CTIG,8,Multiplier,1,False,5617
260,FenestrationSurface:Detailed,HIBO N1 Lower CTIG,9,Number of Vertices,4,False,5618
260,FenestrationSurface:Detailed,HIBO N1 Lower CTIG,10,Vertex 1 X-coordinate {m},5.82879200,False,5619
260,FenestrationSurface:Detailed,HIBO N1 Lower CTIG,11,Vertex 1 Y-coordinate {m},6.91286400,False,5620
260,FenestrationSurface:Detailed,HIBO N1 Lower CTIG,12,Vertex 1 Z-coordinate {m},1.06680000,False,5621
260,FenestrationSurface:Detailed,HIBO N1 Lower CTIG,13,Vertex 2 X-coordinate {m},5.82879200,False,5622
260,FenestrationSurface:Detailed,HIBO N1 Lower CTIG,14,Vertex 2 Y-coordinate {m},6.91286400,False,5623
260,FenestrationSurface:Detailed,HIBO N1 Lower CTIG,15,Vertex 2 Z-coordinate {m},0.05080000,False,5624
260,FenestrationSurface:Detailed,HIBO N1 Lower CTIG,16,Vertex 3 X-coordinate {m},5.01599200,False,5625
260,FenestrationSurface:Detailed,HIBO N1 Lower CTIG,17,Vertex 3 Y-coordinate {m},6.91286400,False,5626
260,FenestrationSurface:Detailed,HIBO N1 Lower CTIG,18,Vertex 3 Z-coordinate {m},0.05080000,False,5627
260,FenestrationSurface:Detailed,HIBO N1 Lower CTIG,19,Vertex 4 X-coordinate {m},5.01599200,False,5628
260,FenestrationSurface:Detailed,HIBO N1 Lower CTIG,20,Vertex 4 Y-coordinate {m},6.91286400,False,5629
260,FenestrationSurface:Detailed,HIBO N1 Lower CTIG,21,Vertex 4 Z-coordinate {m},1.06680000,False,5630
261,FenestrationSurface:Detailed,HIBO N1 Upper CTIG,1,Name,HIBO N1 Upper CTIG,False,5633
261,FenestrationSurface:Detailed,HIBO N1 Upper CTIG,2,Surface Type,GlassDoor,False,5634
261,FenestrationSurface:Detailed,HIBO N1 Upper CTIG,3,Construction Name,EXT_Window_SN54,False,5635
261,FenestrationSurface:Detailed,HIBO N1 Upper CTIG,4,Building Surface Name,Surface 24 Ext,False,5636
261,FenestrationSurface:Detailed,HIBO N1 Upper CTIG,5,Outside Boundary Condition Object,,True,5637
261,FenestrationSurface:Detailed,HIBO N1 Upper CTIG,6,View Factor to Ground,autocalculate,False,5638
261,FenestrationSurface:Detailed,HIBO N1 Upper CTIG,7,Frame and Divider Name,,True,5639
261,FenestrationSurface:Detailed,HIBO N1 Upper CTIG,8,Multiplier,1,False,5640
261,FenestrationSurface:Detailed,HIBO N1 Upper CTIG,9,Number of Vertices,4,False,5641
261,FenestrationSurface:Detailed,HIBO N1 Upper CTIG,10,Vertex 1 X-coordinate {m},5.82879200,False,5642
261,FenestrationSurface:Detailed,HIBO N1 Upper CTIG,11,Vertex 1 Y-coordinate {m},6.91286400,False,5643
261,FenestrationSurface:Detailed,HIBO N1 Upper CTIG,12,Vertex 1 Z-coordinate {m},2.13360000,False,5644
261,FenestrationSurface:Detailed,HIBO N1 Upper CTIG,13,Vertex 2 X-coordinate {m},5.82879200,False,5645
261,FenestrationSurface:Detailed,HIBO N1 Upper CTIG,14,Vertex 2 Y-coordinate {m},6.91286400,False,5646
261,FenestrationSurface:Detailed,HIBO N1 Upper CTIG,15,Vertex 2 Z-coordinate {m},1.11760000,False,5647
261,FenestrationSurface:Detailed,HIBO N1 Upper CTIG,16,Vertex 3 X-coordinate {m},5.01599200,False,5648
261,FenestrationSurface:Detailed,HIBO N1 Upper CTIG,17,Vertex 3 Y-coordinate {m},6.91286400,False,5649
261,FenestrationSurface:Detailed,HIBO N1 Upper CTIG,18,Vertex 3 Z-coordinate {m},1.11760000,False,5650
261,FenestrationSurface:Detailed,HIBO N1 Upper CTIG,19,Vertex 4 X-coordinate {m},5.01599200,False,5651
261,FenestrationSurface:Detailed,HIBO N1 Upper CTIG,20,Vertex 4 Y-coordinate {m},6.91286400,False,5652
261,FenestrationSurface:Detailed,HIBO N1 Upper CTIG,21,Vertex 4 Z-coordinate {m},2.13360000,False,5653
262,FenestrationSurface:Detailed,HIBO N1 Center Rail,1,Name,HIBO N1 Center Rail,False,5656
262,FenestrationSurface:Detailed,HIBO N1 Center Rail,2,Surface Type,Door,False,5657
262,FenestrationSurface:Detailed,HIBO N1 Center Rail,3,Construction Name,HIBO Exterior Aluminum Frame Strip,False,5658
262,FenestrationSurface:Detailed,HIBO N1 Center Rail,4,Building Surface Name,Surface 24 Ext,False,5659
262,FenestrationSurface:Detailed,HIBO N1 Center Rail,5,Outside Boundary Condition Object,,True,5660
262,FenestrationSurface:Detailed,HIBO N1 Center Rail,6,View Factor to Ground,autocalculate,False,5661
262,FenestrationSurface:Detailed,HIBO N1 Center Rail,7,Frame and Divider Name,,True,5662
262,FenestrationSurface:Detailed,HIBO N1 Center Rail,8,Multiplier,1,False,5663
262,FenestrationSurface:Detailed,HIBO N1 Center Rail,9,Number of Vertices,4,False,5664
262,FenestrationSurface:Detailed,HIBO N1 Center Rail,10,Vertex 1 X-coordinate {m},5.82879200,False,5665
262,FenestrationSurface:Detailed,HIBO N1 Center Rail,11,Vertex 1 Y-coordinate {m},6.91286400,False,5666
262,FenestrationSurface:Detailed,HIBO N1 Center Rail,12,Vertex 1 Z-coordinate {m},1.11760000,False,5667
262,FenestrationSurface:Detailed,HIBO N1 Center Rail,13,Vertex 2 X-coordinate {m},5.82879200,False,5668
262,FenestrationSurface:Detailed,HIBO N1 Center Rail,14,Vertex 2 Y-coordinate {m},6.91286400,False,5669
262,FenestrationSurface:Detailed,HIBO N1 Center Rail,15,Vertex 2 Z-coordinate {m},1.06680000,False,5670
262,FenestrationSurface:Detailed,HIBO N1 Center Rail,16,Vertex 3 X-coordinate {m},5.01599200,False,5671
262,FenestrationSurface:Detailed,HIBO N1 Center Rail,17,Vertex 3 Y-coordinate {m},6.91286400,False,5672
262,FenestrationSurface:Detailed,HIBO N1 Center Rail,18,Vertex 3 Z-coordinate {m},1.06680000,False,5673
262,FenestrationSurface:Detailed,HIBO N1 Center Rail,19,Vertex 4 X-coordinate {m},5.01599200,False,5674
262,FenestrationSurface:Detailed,HIBO N1 Center Rail,20,Vertex 4 Y-coordinate {m},6.91286400,False,5675
262,FenestrationSurface:Detailed,HIBO N1 Center Rail,21,Vertex 4 Z-coordinate {m},1.11760000,False,5676
263,WindowProperty:FrameAndDivider,HIBO CWB Vision Frame,1,Name,HIBO CWB Vision Frame,False,5682
263,WindowProperty:FrameAndDivider,HIBO CWB Vision Frame,2,Frame Width {m},0.0508,False,5683
263,WindowProperty:FrameAndDivider,HIBO CWB Vision Frame,3,Frame Outside Projection {m},0.0,False,5684
263,WindowProperty:FrameAndDivider,HIBO CWB Vision Frame,4,Frame Inside Projection {m},0.0,False,5685
263,WindowProperty:FrameAndDivider,HIBO CWB Vision Frame,5,Frame Conductance {W/m2-K},5.0,False,5686
263,WindowProperty:FrameAndDivider,HIBO CWB Vision Frame,6,Ratio of Frame-Edge Glass Conductance to Center-Of-Glass Conductance,1.3,False,5687
263,WindowProperty:FrameAndDivider,HIBO CWB Vision Frame,7,Frame Solar Absorptance,0.40,False,5688
263,WindowProperty:FrameAndDivider,HIBO CWB Vision Frame,8,Frame Visible Absorptance,0.40,False,5689
263,WindowProperty:FrameAndDivider,HIBO CWB Vision Frame,9,Frame Thermal Hemispherical Emissivity,0.90,False,5690
263,WindowProperty:FrameAndDivider,HIBO CWB Vision Frame,10,Divider Type,DividedLite,False,5691
263,WindowProperty:FrameAndDivider,HIBO CWB Vision Frame,11,Divider Width {m},0.0508,False,5692
263,WindowProperty:FrameAndDivider,HIBO CWB Vision Frame,12,Number of Horizontal Dividers,2,False,5693
263,WindowProperty:FrameAndDivider,HIBO CWB Vision Frame,13,Number of Vertical Dividers,0,False,5694
263,WindowProperty:FrameAndDivider,HIBO CWB Vision Frame,14,Divider Outside Projection {m},0.0,False,5695
263,WindowProperty:FrameAndDivider,HIBO CWB Vision Frame,15,Divider Inside Projection {m},0.0,False,5696
263,WindowProperty:FrameAndDivider,HIBO CWB Vision Frame,16,Divider Conductance {W/m2-K},5.0,False,5697
263,WindowProperty:FrameAndDivider,HIBO CWB Vision Frame,17,Ratio of Divider-Edge Glass Conductance to Center-Of-Glass Conductance,1.3,False,5698
263,WindowProperty:FrameAndDivider,HIBO CWB Vision Frame,18,Divider Solar Absorptance,0.40,False,5699
263,WindowProperty:FrameAndDivider,HIBO CWB Vision Frame,19,Divider Visible Absorptance,0.40,False,5700
263,WindowProperty:FrameAndDivider,HIBO CWB Vision Frame,20,Divider Thermal Hemispherical Emissivity,0.90,False,5701
263,WindowProperty:FrameAndDivider,HIBO CWB Vision Frame,21,Outside Reveal Solar Absorptance,0.50,False,5702
263,WindowProperty:FrameAndDivider,HIBO CWB Vision Frame,22,Inside Sill Depth {m},0.0,False,5703
263,WindowProperty:FrameAndDivider,HIBO CWB Vision Frame,23,Inside Sill Solar Absorptance,0.50,False,5704
263,WindowProperty:FrameAndDivider,HIBO CWB Vision Frame,24,Inside Reveal Depth {m},0.0,False,5705
263,WindowProperty:FrameAndDivider,HIBO CWB Vision Frame,25,Inside Reveal Solar Absorptance,0.50,False,5706
263,WindowProperty:FrameAndDivider,HIBO CWB Vision Frame,26,NFRC Product Type for Assembly Calculations,,True,5707
264,WindowProperty:FrameAndDivider,HIBO CWC Vision Frame,1,Name,HIBO CWC Vision Frame,False,5710
264,WindowProperty:FrameAndDivider,HIBO CWC Vision Frame,2,Frame Width {m},0.0508,False,5711
264,WindowProperty:FrameAndDivider,HIBO CWC Vision Frame,3,Frame Outside Projection {m},0.0,False,5712
264,WindowProperty:FrameAndDivider,HIBO CWC Vision Frame,4,Frame Inside Projection {m},0.0,False,5713
264,WindowProperty:FrameAndDivider,HIBO CWC Vision Frame,5,Frame Conductance {W/m2-K},5.0,False,5714
264,WindowProperty:FrameAndDivider,HIBO CWC Vision Frame,6,Ratio of Frame-Edge Glass Conductance to Center-Of-Glass Conductance,1.3,False,5715
264,WindowProperty:FrameAndDivider,HIBO CWC Vision Frame,7,Frame Solar Absorptance,0.40,False,5716
264,WindowProperty:FrameAndDivider,HIBO CWC Vision Frame,8,Frame Visible Absorptance,0.40,False,5717
264,WindowProperty:FrameAndDivider,HIBO CWC Vision Frame,9,Frame Thermal Hemispherical Emissivity,0.90,False,5718
264,WindowProperty:FrameAndDivider,HIBO CWC Vision Frame,10,Divider Type,DividedLite,False,5719
264,WindowProperty:FrameAndDivider,HIBO CWC Vision Frame,11,Divider Width {m},0.0508,False,5720
264,WindowProperty:FrameAndDivider,HIBO CWC Vision Frame,12,Number of Horizontal Dividers,2,False,5721
264,WindowProperty:FrameAndDivider,HIBO CWC Vision Frame,13,Number of Vertical Dividers,3,False,5722
264,WindowProperty:FrameAndDivider,HIBO CWC Vision Frame,14,Divider Outside Projection {m},0.0,False,5723
264,WindowProperty:FrameAndDivider,HIBO CWC Vision Frame,15,Divider Inside Projection {m},0.0,False,5724
264,WindowProperty:FrameAndDivider,HIBO CWC Vision Frame,16,Divider Conductance {W/m2-K},5.0,False,5725
264,WindowProperty:FrameAndDivider,HIBO CWC Vision Frame,17,Ratio of Divider-Edge Glass Conductance to Center-Of-Glass Conductance,1.3,False,5726
264,WindowProperty:FrameAndDivider,HIBO CWC Vision Frame,18,Divider Solar Absorptance,0.40,False,5727
264,WindowProperty:FrameAndDivider,HIBO CWC Vision Frame,19,Divider Visible Absorptance,0.40,False,5728
264,WindowProperty:FrameAndDivider,HIBO CWC Vision Frame,20,Divider Thermal Hemispherical Emissivity,0.90,False,5729
264,WindowProperty:FrameAndDivider,HIBO CWC Vision Frame,21,Outside Reveal Solar Absorptance,0.50,False,5730
264,WindowProperty:FrameAndDivider,HIBO CWC Vision Frame,22,Inside Sill Depth {m},0.0,False,5731
264,WindowProperty:FrameAndDivider,HIBO CWC Vision Frame,23,Inside Sill Solar Absorptance,0.50,False,5732
264,WindowProperty:FrameAndDivider,HIBO CWC Vision Frame,24,Inside Reveal Depth {m},0.0,False,5733
264,WindowProperty:FrameAndDivider,HIBO CWC Vision Frame,25,Inside Reveal Solar Absorptance,0.50,False,5734
264,WindowProperty:FrameAndDivider,HIBO CWC Vision Frame,26,NFRC Product Type for Assembly Calculations,,True,5735
265,InternalMass,HIBO Same-Zone Partition 104,1,Name,HIBO Same-Zone Partition 104,False,5741
265,InternalMass,HIBO Same-Zone Partition 104,2,Construction Name,HIBO Internal Mass Half SA6,False,5742
265,InternalMass,HIBO Same-Zone Partition 104,3,Zone or ZoneList Name,Thermal Zone: Space 102 - Plus,False,5743
265,InternalMass,HIBO Same-Zone Partition 104,4,Space or SpaceList Name,,True,5744
265,InternalMass,HIBO Same-Zone Partition 104,5,Surface Area {m2},14.920228224,False,5745
266,InternalMass,HIBO Same-Zone Door 104,1,Name,HIBO Same-Zone Door 104,False,5748
266,InternalMass,HIBO Same-Zone Door 104,2,Construction Name,HIBO Internal Mass Half HM Door,False,5749
266,InternalMass,HIBO Same-Zone Door 104,3,Zone or ZoneList Name,Thermal Zone: Space 102 - Plus,False,5750
266,InternalMass,HIBO Same-Zone Door 104,4,Space or SpaceList Name,,True,5751
266,InternalMass,HIBO Same-Zone Door 104,5,Surface Area {m2},3.901927680,False,5752
267,InternalMass,HIBO Same-Zone Partition 102,1,Name,HIBO Same-Zone Partition 102,False,5755
267,InternalMass,HIBO Same-Zone Partition 102,2,Construction Name,HIBO Internal Mass Half SA6,False,5756
267,InternalMass,HIBO Same-Zone Partition 102,3,Zone or ZoneList Name,Thermal Zone: Space 102 - Plus,False,5757
267,InternalMass,HIBO Same-Zone Partition 102,4,Space or SpaceList Name,,True,5758
267,InternalMass,HIBO Same-Zone Partition 102,5,Surface Area {m2},11.650041216,False,5759
268,InternalMass,HIBO Same-Zone Door 102,1,Name,HIBO Same-Zone Door 102,False,5762
268,InternalMass,HIBO Same-Zone Door 102,2,Construction Name,HIBO Internal Mass Half HM Door,False,5763
268,InternalMass,HIBO Same-Zone Door 102,3,Zone or ZoneList Name,Thermal Zone: Space 102 - Plus,False,5764
268,InternalMass,HIBO Same-Zone Door 102,4,Space or SpaceList Name,,True,5765
268,InternalMass,HIBO Same-Zone Door 102,5,Surface Area {m2},3.901927680,False,5766
269,Shading:Building:Detailed,HIBO Upper Parapet South,1,Name,HIBO Upper Parapet South,False,5772
269,Shading:Building:Detailed,HIBO Upper Parapet South,2,Transmittance Schedule Name,,True,5773
269,Shading:Building:Detailed,HIBO Upper Parapet South,3,Number of Vertices,4,False,5774
269,Shading:Building:Detailed,HIBO Upper Parapet South,4,Vertex 1 X-coordinate {m},0.00000000,False,5775
269,Shading:Building:Detailed,HIBO Upper Parapet South,5,Vertex 1 Y-coordinate {m},0.00000000,False,5776
269,Shading:Building:Detailed,HIBO Upper Parapet South,6,Vertex 1 Z-coordinate {m},4.72440000,False,5777
269,Shading:Building:Detailed,HIBO Upper Parapet South,7,Vertex 2 X-coordinate {m},11.00023200,False,5778
269,Shading:Building:Detailed,HIBO Upper Parapet South,8,Vertex 2 Y-coordinate {m},0.00000000,False,5779
269,Shading:Building:Detailed,HIBO Upper Parapet South,9,Vertex 2 Z-coordinate {m},4.72440000,False,5780
269,Shading:Building:Detailed,HIBO Upper Parapet South,10,Vertex 3 X-coordinate {m},11.00023200,False,5781
269,Shading:Building:Detailed,HIBO Upper Parapet South,11,Vertex 3 Y-coordinate {m},0.00000000,False,5782
269,Shading:Building:Detailed,HIBO Upper Parapet South,12,Vertex 3 Z-coordinate {m},5.08000000,False,5783
269,Shading:Building:Detailed,HIBO Upper Parapet South,13,Vertex 4 X-coordinate {m},0.00000000,False,5784
269,Shading:Building:Detailed,HIBO Upper Parapet South,14,Vertex 4 Y-coordinate {m},0.00000000,False,5785
269,Shading:Building:Detailed,HIBO Upper Parapet South,15,Vertex 4 Z-coordinate {m},5.08000000,False,5786
270,Shading:Building:Detailed,HIBO Upper Parapet West,1,Name,HIBO Upper Parapet West,False,5789
270,Shading:Building:Detailed,HIBO Upper Parapet West,2,Transmittance Schedule Name,,True,5790
270,Shading:Building:Detailed,HIBO Upper Parapet West,3,Number of Vertices,4,False,5791
270,Shading:Building:Detailed,HIBO Upper Parapet West,4,Vertex 1 X-coordinate {m},0.00000000,False,5792
270,Shading:Building:Detailed,HIBO Upper Parapet West,5,Vertex 1 Y-coordinate {m},4.65429600,False,5793
270,Shading:Building:Detailed,HIBO Upper Parapet West,6,Vertex 1 Z-coordinate {m},4.52120000,False,5794
270,Shading:Building:Detailed,HIBO Upper Parapet West,7,Vertex 2 X-coordinate {m},0.00000000,False,5795
270,Shading:Building:Detailed,HIBO Upper Parapet West,8,Vertex 2 Y-coordinate {m},0.00000000,False,5796
270,Shading:Building:Detailed,HIBO Upper Parapet West,9,Vertex 2 Z-coordinate {m},4.72440000,False,5797
270,Shading:Building:Detailed,HIBO Upper Parapet West,10,Vertex 3 X-coordinate {m},0.00000000,False,5798
270,Shading:Building:Detailed,HIBO Upper Parapet West,11,Vertex 3 Y-coordinate {m},0.00000000,False,5799
270,Shading:Building:Detailed,HIBO Upper Parapet West,12,Vertex 3 Z-coordinate {m},5.08000000,False,5800
270,Shading:Building:Detailed,HIBO Upper Parapet West,13,Vertex 4 X-coordinate {m},0.00000000,False,5801
270,Shading:Building:Detailed,HIBO Upper Parapet West,14,Vertex 4 Y-coordinate {m},4.65429600,False,5802
270,Shading:Building:Detailed,HIBO Upper Parapet West,15,Vertex 4 Z-coordinate {m},5.08000000,False,5803
271,Shading:Building:Detailed,HIBO Upper Parapet East,1,Name,HIBO Upper Parapet East,False,5806
271,Shading:Building:Detailed,HIBO Upper Parapet East,2,Transmittance Schedule Name,,True,5807
271,Shading:Building:Detailed,HIBO Upper Parapet East,3,Number of Vertices,4,False,5808
271,Shading:Building:Detailed,HIBO Upper Parapet East,4,Vertex 1 X-coordinate {m},11.00023200,False,5809
271,Shading:Building:Detailed,HIBO Upper Parapet East,5,Vertex 1 Y-coordinate {m},0.00000000,False,5810
271,Shading:Building:Detailed,HIBO Upper Parapet East,6,Vertex 1 Z-coordinate {m},4.72440000,False,5811
271,Shading:Building:Detailed,HIBO Upper Parapet East,7,Vertex 2 X-coordinate {m},11.00023200,False,5812
271,Shading:Building:Detailed,HIBO Upper Parapet East,8,Vertex 2 Y-coordinate {m},4.65429600,False,5813
271,Shading:Building:Detailed,HIBO Upper Parapet East,9,Vertex 2 Z-coordinate {m},4.52120000,False,5814
271,Shading:Building:Detailed,HIBO Upper Parapet East,10,Vertex 3 X-coordinate {m},11.00023200,False,5815
271,Shading:Building:Detailed,HIBO Upper Parapet East,11,Vertex 3 Y-coordinate {m},4.65429600,False,5816
271,Shading:Building:Detailed,HIBO Upper Parapet East,12,Vertex 3 Z-coordinate {m},5.08000000,False,5817
271,Shading:Building:Detailed,HIBO Upper Parapet East,13,Vertex 4 X-coordinate {m},11.00023200,False,5818
271,Shading:Building:Detailed,HIBO Upper Parapet East,14,Vertex 4 Y-coordinate {m},0.00000000,False,5819
271,Shading:Building:Detailed,HIBO Upper Parapet East,15,Vertex 4 Z-coordinate {m},5.08000000,False,5820
272,Shading:Building:Detailed,HIBO Upper Parapet NW Shoulder,1,Name,HIBO Upper Parapet NW Shoulder,False,5823
272,Shading:Building:Detailed,HIBO Upper Parapet NW Shoulder,2,Transmittance Schedule Name,,True,5824
272,Shading:Building:Detailed,HIBO Upper Parapet NW Shoulder,3,Number of Vertices,4,False,5825
272,Shading:Building:Detailed,HIBO Upper Parapet NW Shoulder,4,Vertex 1 X-coordinate {m},1.82880000,False,5826
272,Shading:Building:Detailed,HIBO Upper Parapet NW Shoulder,5,Vertex 1 Y-coordinate {m},4.65429600,False,5827
272,Shading:Building:Detailed,HIBO Upper Parapet NW Shoulder,6,Vertex 1 Z-coordinate {m},4.52120000,False,5828
272,Shading:Building:Detailed,HIBO Upper Parapet NW Shoulder,7,Vertex 2 X-coordinate {m},0.00000000,False,5829
272,Shading:Building:Detailed,HIBO Upper Parapet NW Shoulder,8,Vertex 2 Y-coordinate {m},4.65429600,False,5830
272,Shading:Building:Detailed,HIBO Upper Parapet NW Shoulder,9,Vertex 2 Z-coordinate {m},4.52120000,False,5831
272,Shading:Building:Detailed,HIBO Upper Parapet NW Shoulder,10,Vertex 3 X-coordinate {m},0.00000000,False,5832
272,Shading:Building:Detailed,HIBO Upper Parapet NW Shoulder,11,Vertex 3 Y-coordinate {m},4.65429600,False,5833
272,Shading:Building:Detailed,HIBO Upper Parapet NW Shoulder,12,Vertex 3 Z-coordinate {m},5.08000000,False,5834
272,Shading:Building:Detailed,HIBO Upper Parapet NW Shoulder,13,Vertex 4 X-coordinate {m},1.82880000,False,5835
272,Shading:Building:Detailed,HIBO Upper Parapet NW Shoulder,14,Vertex 4 Y-coordinate {m},4.65429600,False,5836
272,Shading:Building:Detailed,HIBO Upper Parapet NW Shoulder,15,Vertex 4 Z-coordinate {m},5.08000000,False,5837
273,Shading:Building:Detailed,HIBO Upper Parapet NE Shoulder,1,Name,HIBO Upper Parapet NE Shoulder,False,5840
273,Shading:Building:Detailed,HIBO Upper Parapet NE Shoulder,2,Transmittance Schedule Name,,True,5841
273,Shading:Building:Detailed,HIBO Upper Parapet NE Shoulder,3,Number of Vertices,4,False,5842
273,Shading:Building:Detailed,HIBO Upper Parapet NE Shoulder,4,Vertex 1 X-coordinate {m},11.00023200,False,5843
273,Shading:Building:Detailed,HIBO Upper Parapet NE Shoulder,5,Vertex 1 Y-coordinate {m},4.65429600,False,5844
273,Shading:Building:Detailed,HIBO Upper Parapet NE Shoulder,6,Vertex 1 Z-coordinate {m},4.52120000,False,5845
273,Shading:Building:Detailed,HIBO Upper Parapet NE Shoulder,7,Vertex 2 X-coordinate {m},9.17143200,False,5846
273,Shading:Building:Detailed,HIBO Upper Parapet NE Shoulder,8,Vertex 2 Y-coordinate {m},4.65429600,False,5847
273,Shading:Building:Detailed,HIBO Upper Parapet NE Shoulder,9,Vertex 2 Z-coordinate {m},4.52120000,False,5848
273,Shading:Building:Detailed,HIBO Upper Parapet NE Shoulder,10,Vertex 3 X-coordinate {m},9.17143200,False,5849
273,Shading:Building:Detailed,HIBO Upper Parapet NE Shoulder,11,Vertex 3 Y-coordinate {m},4.65429600,False,5850
273,Shading:Building:Detailed,HIBO Upper Parapet NE Shoulder,12,Vertex 3 Z-coordinate {m},5.08000000,False,5851
273,Shading:Building:Detailed,HIBO Upper Parapet NE Shoulder,13,Vertex 4 X-coordinate {m},11.00023200,False,5852
273,Shading:Building:Detailed,HIBO Upper Parapet NE Shoulder,14,Vertex 4 Y-coordinate {m},4.65429600,False,5853
273,Shading:Building:Detailed,HIBO Upper Parapet NE Shoulder,15,Vertex 4 Z-coordinate {m},5.08000000,False,5854
274,People,Space 103 LAB B People 1,1,Name,Space 103 LAB B People 1,False,5860
274,People,Space 103 LAB B People 1,2,Zone or ZoneList or Space or SpaceList Name,Thermal Zone: Space 103 LAB B,False,5861
274,People,Space 103 LAB B People 1,3,Number of People Schedule Name,OCCUPY-1,False,5862
274,People,Space 103 LAB B People 1,4,Number of People Calculation Method,Area/Person,False,5863
274,People,Space 103 LAB B People 1,5,Number of People,,True,5864
274,People,Space 103 LAB B People 1,6,People per Floor Area {person/m2},,True,5865
274,People,Space 103 LAB B People 1,7,Floor Area per Person {m2/person},18.580626,False,5866
274,People,Space 103 LAB B People 1,8,Fraction Radiant,0.3,False,5867
274,People,Space 103 LAB B People 1,9,Sensible Heat Fraction,,True,5868
274,People,Space 103 LAB B People 1,10,Activity Level Schedule Name,ActSchd,False,5869
274,People,Space 103 LAB B People 1,11,Carbon Dioxide Generation Rate {m3/s-W},,True,5870
274,People,Space 103 LAB B People 1,12,Enable ASHRAE 55 Comfort Warnings,No,False,5871
274,People,Space 103 LAB B People 1,13,Mean Radiant Temperature Calculation Type,ZoneAveraged,False,5872
275,People,Space 102 People 1,1,Name,Space 102 People 1,False,5875
275,People,Space 102 People 1,2,Zone or ZoneList or Space or SpaceList Name,Thermal Zone: Space 102 - Plus,False,5876
275,People,Space 102 People 1,3,Number of People Schedule Name,OCCUPY-1,False,5877
275,People,Space 102 People 1,4,Number of People Calculation Method,Area/Person,False,5878
275,People,Space 102 People 1,5,Number of People,,True,5879
275,People,Space 102 People 1,6,People per Floor Area {person/m2},,True,5880
275,People,Space 102 People 1,7,Floor Area per Person {m2/person},18.580626,False,5881
275,People,Space 102 People 1,8,Fraction Radiant,0.3,False,5882
275,People,Space 102 People 1,9,Sensible Heat Fraction,,True,5883
275,People,Space 102 People 1,10,Activity Level Schedule Name,ActSchd,False,5884
275,People,Space 102 People 1,11,Carbon Dioxide Generation Rate {m3/s-W},,True,5885
275,People,Space 102 People 1,12,Enable ASHRAE 55 Comfort Warnings,No,False,5886
275,People,Space 102 People 1,13,Mean Radiant Temperature Calculation Type,ZoneAveraged,False,5887
276,People,Space 105 LAB A People 1,1,Name,Space 105 LAB A People 1,False,5890
276,People,Space 105 LAB A People 1,2,Zone or ZoneList or Space or SpaceList Name,Thermal Zone: Space 105 LAB A,False,5891
276,People,Space 105 LAB A People 1,3,Number of People Schedule Name,OCCUPY-1,False,5892
276,People,Space 105 LAB A People 1,4,Number of People Calculation Method,Area/Person,False,5893
276,People,Space 105 LAB A People 1,5,Number of People,,True,5894
276,People,Space 105 LAB A People 1,6,People per Floor Area {person/m2},,True,5895
276,People,Space 105 LAB A People 1,7,Floor Area per Person {m2/person},18.580626,False,5896
276,People,Space 105 LAB A People 1,8,Fraction Radiant,0.3,False,5897
276,People,Space 105 LAB A People 1,9,Sensible Heat Fraction,,True,5898
276,People,Space 105 LAB A People 1,10,Activity Level Schedule Name,ActSchd,False,5899
276,People,Space 105 LAB A People 1,11,Carbon Dioxide Generation Rate {m3/s-W},,True,5900
276,People,Space 105 LAB A People 1,12,Enable ASHRAE 55 Comfort Warnings,No,False,5901
276,People,Space 105 LAB A People 1,13,Mean Radiant Temperature Calculation Type,ZoneAveraged,False,5902
277,Lights,Space 103 LAB B Lights 1,1,Name,Space 103 LAB B Lights 1,False,5908
277,Lights,Space 103 LAB B Lights 1,2,Zone or ZoneList or Space or SpaceList Name,Thermal Zone: Space 103 LAB B,False,5909
277,Lights,Space 103 LAB B Lights 1,3,Schedule Name,ltg_sch_office,False,5910
277,Lights,Space 103 LAB B Lights 1,4,Design Level Calculation Method,Watts/Area,False,5911
277,Lights,Space 103 LAB B Lights 1,5,Lighting Level {W},,True,5912
277,Lights,Space 103 LAB B Lights 1,6,Watts per Zone Floor Area {W/m2},6.181254,False,5913
277,Lights,Space 103 LAB B Lights 1,7,Watts per Person {W/person},,True,5914
277,Lights,Space 103 LAB B Lights 1,8,Return Air Fraction,0,False,5915
277,Lights,Space 103 LAB B Lights 1,9,Fraction Radiant,0.7,False,5916
277,Lights,Space 103 LAB B Lights 1,10,Fraction Visible,0.2,False,5917
277,Lights,Space 103 LAB B Lights 1,11,Fraction Replaceable,1,False,5918
277,Lights,Space 103 LAB B Lights 1,12,End-Use Subcategory,LightsWired,False,5919
277,Lights,Space 103 LAB B Lights 1,13,Return Air Fraction Calculated from Plenum Temperature,No,False,5920
278,Lights,Space 102 Lights 1,1,Name,Space 102 Lights 1,False,5923
278,Lights,Space 102 Lights 1,2,Zone or ZoneList or Space or SpaceList Name,Thermal Zone: Space 102 - Plus,False,5924
278,Lights,Space 102 Lights 1,3,Schedule Name,ltg_sch_office,False,5925
278,Lights,Space 102 Lights 1,4,Design Level Calculation Method,Watts/Area,False,5926
278,Lights,Space 102 Lights 1,5,Lighting Level {W},,True,5927
278,Lights,Space 102 Lights 1,6,Watts per Zone Floor Area {W/m2},6.181254,False,5928
278,Lights,Space 102 Lights 1,7,Watts per Person {W/person},,True,5929
278,Lights,Space 102 Lights 1,8,Return Air Fraction,0,False,5930
278,Lights,Space 102 Lights 1,9,Fraction Radiant,0.7,False,5931
278,Lights,Space 102 Lights 1,10,Fraction Visible,0.2,False,5932
278,Lights,Space 102 Lights 1,11,Fraction Replaceable,1,False,5933
278,Lights,Space 102 Lights 1,12,End-Use Subcategory,LightsWired,False,5934
278,Lights,Space 102 Lights 1,13,Return Air Fraction Calculated from Plenum Temperature,No,False,5935
279,Lights,Space 105 LAB A Lights 1,1,Name,Space 105 LAB A Lights 1,False,5938
279,Lights,Space 105 LAB A Lights 1,2,Zone or ZoneList or Space or SpaceList Name,Thermal Zone: Space 105 LAB A,False,5939
279,Lights,Space 105 LAB A Lights 1,3,Schedule Name,ltg_sch_office,False,5940
279,Lights,Space 105 LAB A Lights 1,4,Design Level Calculation Method,Watts/Area,False,5941
279,Lights,Space 105 LAB A Lights 1,5,Lighting Level {W},,True,5942
279,Lights,Space 105 LAB A Lights 1,6,Watts per Zone Floor Area {W/m2},6.181254,False,5943
279,Lights,Space 105 LAB A Lights 1,7,Watts per Person {W/person},,True,5944
279,Lights,Space 105 LAB A Lights 1,8,Return Air Fraction,0,False,5945
279,Lights,Space 105 LAB A Lights 1,9,Fraction Radiant,0.7,False,5946
279,Lights,Space 105 LAB A Lights 1,10,Fraction Visible,0.2,False,5947
279,Lights,Space 105 LAB A Lights 1,11,Fraction Replaceable,1,False,5948
279,Lights,Space 105 LAB A Lights 1,12,End-Use Subcategory,LightsWired,False,5949
279,Lights,Space 105 LAB A Lights 1,13,Return Air Fraction Calculated from Plenum Temperature,No,False,5950
280,ElectricEquipment,Space 103 LAB B ElecEq 1,1,Name,Space 103 LAB B ElecEq 1,False,5956
280,ElectricEquipment,Space 103 LAB B ElecEq 1,2,Zone or ZoneList or Space or SpaceList Name,Thermal Zone: Space 103 LAB B,False,5957
280,ElectricEquipment,Space 103 LAB B ElecEq 1,3,Schedule Name,EQUIP-1,False,5958
280,ElectricEquipment,Space 103 LAB B ElecEq 1,4,Design Level Calculation Method,Watts/Area,False,5959
280,ElectricEquipment,Space 103 LAB B ElecEq 1,5,Design Level {W},,True,5960
280,ElectricEquipment,Space 103 LAB B ElecEq 1,6,Watts per Zone Floor Area {W/m2},6.78,False,5961
280,ElectricEquipment,Space 103 LAB B ElecEq 1,7,Watts per Person {W/person},,True,5962
280,ElectricEquipment,Space 103 LAB B ElecEq 1,8,Fraction Latent,,True,5963
280,ElectricEquipment,Space 103 LAB B ElecEq 1,9,Fraction Radiant,,True,5964
280,ElectricEquipment,Space 103 LAB B ElecEq 1,10,Fraction Lost,,True,5965
280,ElectricEquipment,Space 103 LAB B ElecEq 1,11,End-Use Subcategory,MiscPlug,False,5966
281,ElectricEquipment,Space 102 ElecEq 1,1,Name,Space 102 ElecEq 1,False,5969
281,ElectricEquipment,Space 102 ElecEq 1,2,Zone or ZoneList or Space or SpaceList Name,Thermal Zone: Space 102 - Plus,False,5970
281,ElectricEquipment,Space 102 ElecEq 1,3,Schedule Name,EQUIP-1,False,5971
281,ElectricEquipment,Space 102 ElecEq 1,4,Design Level Calculation Method,Watts/Area,False,5972
281,ElectricEquipment,Space 102 ElecEq 1,5,Design Level {W},,True,5973
281,ElectricEquipment,Space 102 ElecEq 1,6,Watts per Zone Floor Area {W/m2},6.78,False,5974
281,ElectricEquipment,Space 102 ElecEq 1,7,Watts per Person {W/person},,True,5975
281,ElectricEquipment,Space 102 ElecEq 1,8,Fraction Latent,,True,5976
281,ElectricEquipment,Space 102 ElecEq 1,9,Fraction Radiant,,True,5977
281,ElectricEquipment,Space 102 ElecEq 1,10,Fraction Lost,,True,5978
281,ElectricEquipment,Space 102 ElecEq 1,11,End-Use Subcategory,MiscPlug,False,5979
282,ElectricEquipment,Space 105 LAB A ElecEq 1,1,Name,Space 105 LAB A ElecEq 1,False,5982
282,ElectricEquipment,Space 105 LAB A ElecEq 1,2,Zone or ZoneList or Space or SpaceList Name,Thermal Zone: Space 105 LAB A,False,5983
282,ElectricEquipment,Space 105 LAB A ElecEq 1,3,Schedule Name,EQUIP-1,False,5984
282,ElectricEquipment,Space 105 LAB A ElecEq 1,4,Design Level Calculation Method,Watts/Area,False,5985
282,ElectricEquipment,Space 105 LAB A ElecEq 1,5,Design Level {W},,True,5986
282,ElectricEquipment,Space 105 LAB A ElecEq 1,6,Watts per Zone Floor Area {W/m2},6.78,False,5987
282,ElectricEquipment,Space 105 LAB A ElecEq 1,7,Watts per Person {W/person},,True,5988
282,ElectricEquipment,Space 105 LAB A ElecEq 1,8,Fraction Latent,,True,5989
282,ElectricEquipment,Space 105 LAB A ElecEq 1,9,Fraction Radiant,,True,5990
282,ElectricEquipment,Space 105 LAB A ElecEq 1,10,Fraction Lost,,True,5991
282,ElectricEquipment,Space 105 LAB A ElecEq 1,11,End-Use Subcategory,MiscPlug,False,5992
283,ZoneInfiltration:DesignFlowRate,Space 103 LAB B Infil 1,1,Name,Space 103 LAB B Infil 1,False,5998
283,ZoneInfiltration:DesignFlowRate,Space 103 LAB B Infil 1,2,Zone or ZoneList or Space or SpaceList Name,Thermal Zone: Space 103 LAB B,False,5999
283,ZoneInfiltration:DesignFlowRate,Space 103 LAB B Infil 1,3,Schedule Name,INFIL-SCH,False,6000
283,ZoneInfiltration:DesignFlowRate,Space 103 LAB B Infil 1,4,Design Flow Rate Calculation Method,Flow/ExteriorWallArea,False,6001
283,ZoneInfiltration:DesignFlowRate,Space 103 LAB B Infil 1,5,Design Flow Rate {m3/s},0,False,6002
283,ZoneInfiltration:DesignFlowRate,Space 103 LAB B Infil 1,6,Flow Rate per Floor Area {m3/s-m2},,True,6003
283,ZoneInfiltration:DesignFlowRate,Space 103 LAB B Infil 1,7,Flow Rate per Exterior Surface Area {m3/s-m2},0.000199350288,False,6004
283,ZoneInfiltration:DesignFlowRate,Space 103 LAB B Infil 1,8,Air Changes per Hour {1/hr},,True,6005
283,ZoneInfiltration:DesignFlowRate,Space 103 LAB B Infil 1,9,Constant Term Coefficient,0,False,6006
283,ZoneInfiltration:DesignFlowRate,Space 103 LAB B Infil 1,10,Temperature Term Coefficient,0,False,6007
283,ZoneInfiltration:DesignFlowRate,Space 103 LAB B Infil 1,11,Velocity Term Coefficient,0.224,False,6008
283,ZoneInfiltration:DesignFlowRate,Space 103 LAB B Infil 1,12,Velocity Squared Term Coefficient,0,False,6009
284,ZoneInfiltration:DesignFlowRate,Space 102 Infil 1,1,Name,Space 102 Infil 1,False,6012
284,ZoneInfiltration:DesignFlowRate,Space 102 Infil 1,2,Zone or ZoneList or Space or SpaceList Name,Thermal Zone: Space 102 - Plus,False,6013
284,ZoneInfiltration:DesignFlowRate,Space 102 Infil 1,3,Schedule Name,INFIL-SCH,False,6014
284,ZoneInfiltration:DesignFlowRate,Space 102 Infil 1,4,Design Flow Rate Calculation Method,Flow/ExteriorWallArea,False,6015
284,ZoneInfiltration:DesignFlowRate,Space 102 Infil 1,5,Design Flow Rate {m3/s},0,False,6016
284,ZoneInfiltration:DesignFlowRate,Space 102 Infil 1,6,Flow Rate per Floor Area {m3/s-m2},,True,6017
284,ZoneInfiltration:DesignFlowRate,Space 102 Infil 1,7,Flow Rate per Exterior Surface Area {m3/s-m2},0.000199350288,False,6018
284,ZoneInfiltration:DesignFlowRate,Space 102 Infil 1,8,Air Changes per Hour {1/hr},,True,6019
284,ZoneInfiltration:DesignFlowRate,Space 102 Infil 1,9,Constant Term Coefficient,0,False,6020
284,ZoneInfiltration:DesignFlowRate,Space 102 Infil 1,10,Temperature Term Coefficient,0,False,6021
284,ZoneInfiltration:DesignFlowRate,Space 102 Infil 1,11,Velocity Term Coefficient,0.224,False,6022
284,ZoneInfiltration:DesignFlowRate,Space 102 Infil 1,12,Velocity Squared Term Coefficient,0,False,6023
285,ZoneInfiltration:DesignFlowRate,Space 105 LAB A Infil 1,1,Name,Space 105 LAB A Infil 1,False,6026
285,ZoneInfiltration:DesignFlowRate,Space 105 LAB A Infil 1,2,Zone or ZoneList or Space or SpaceList Name,Thermal Zone: Space 105 LAB A,False,6027
285,ZoneInfiltration:DesignFlowRate,Space 105 LAB A Infil 1,3,Schedule Name,INFIL-SCH,False,6028
285,ZoneInfiltration:DesignFlowRate,Space 105 LAB A Infil 1,4,Design Flow Rate Calculation Method,Flow/ExteriorWallArea,False,6029
285,ZoneInfiltration:DesignFlowRate,Space 105 LAB A Infil 1,5,Design Flow Rate {m3/s},0,False,6030
285,ZoneInfiltration:DesignFlowRate,Space 105 LAB A Infil 1,6,Flow Rate per Floor Area {m3/s-m2},,True,6031
285,ZoneInfiltration:DesignFlowRate,Space 105 LAB A Infil 1,7,Flow Rate per Exterior Surface Area {m3/s-m2},0.000199350288,False,6032
285,ZoneInfiltration:DesignFlowRate,Space 105 LAB A Infil 1,8,Air Changes per Hour {1/hr},,True,6033
285,ZoneInfiltration:DesignFlowRate,Space 105 LAB A Infil 1,9,Constant Term Coefficient,0,False,6034
285,ZoneInfiltration:DesignFlowRate,Space 105 LAB A Infil 1,10,Temperature Term Coefficient,0,False,6035
285,ZoneInfiltration:DesignFlowRate,Space 105 LAB A Infil 1,11,Velocity Term Coefficient,0.224,False,6036
285,ZoneInfiltration:DesignFlowRate,Space 105 LAB A Infil 1,12,Velocity Squared Term Coefficient,0,False,6037
286,ZoneInfiltration:DesignFlowRate,MEP Infil 1,1,Name,MEP Infil 1,False,6040
286,ZoneInfiltration:DesignFlowRate,MEP Infil 1,2,Zone or ZoneList or Space or SpaceList Name,MEP,False,6041
286,ZoneInfiltration:DesignFlowRate,MEP Infil 1,3,Schedule Name,INFIL-SCH,False,6042
286,ZoneInfiltration:DesignFlowRate,MEP Infil 1,4,Design Flow Rate Calculation Method,Flow/ExteriorWallArea,False,6043
286,ZoneInfiltration:DesignFlowRate,MEP Infil 1,5,Design Flow Rate {m3/s},0,False,6044
286,ZoneInfiltration:DesignFlowRate,MEP Infil 1,6,Flow Rate per Floor Area {m3/s-m2},,True,6045
286,ZoneInfiltration:DesignFlowRate,MEP Infil 1,7,Flow Rate per Exterior Surface Area {m3/s-m2},0.000199350288,False,6046
286,ZoneInfiltration:DesignFlowRate,MEP Infil 1,8,Air Changes per Hour {1/hr},,True,6047
286,ZoneInfiltration:DesignFlowRate,MEP Infil 1,9,Constant Term Coefficient,0,False,6048
286,ZoneInfiltration:DesignFlowRate,MEP Infil 1,10,Temperature Term Coefficient,0,False,6049
286,ZoneInfiltration:DesignFlowRate,MEP Infil 1,11,Velocity Term Coefficient,0.224,False,6050
286,ZoneInfiltration:DesignFlowRate,MEP Infil 1,12,Velocity Squared Term Coefficient,0,False,6051
287,Exterior:Lights,Exterior_Lights_a,1,Name,Exterior_Lights_a,False,6057
287,Exterior:Lights,Exterior_Lights_a,2,Schedule Name,Exterior_lighting_schedule_a,False,6058
287,Exterior:Lights,Exterior_Lights_a,3,Design Level {W},88.49,False,6059
287,Exterior:Lights,Exterior_Lights_a,4,Control Option,,True,6060
287,Exterior:Lights,Exterior_Lights_a,5,End-Use Subcategory,General,False,6061
288,DesignSpecification:OutdoorAir,SZ DSOA Thermal Zone: Space 103 LAB B,1,Name,SZ DSOA Thermal Zone: Space 103 LAB B,False,6067
288,DesignSpecification:OutdoorAir,SZ DSOA Thermal Zone: Space 103 LAB B,2,Outdoor Air Method,Sum,False,6068
288,DesignSpecification:OutdoorAir,SZ DSOA Thermal Zone: Space 103 LAB B,3,Outdoor Air Flow per Person {m3/s-person},0.0025,False,6069
288,DesignSpecification:OutdoorAir,SZ DSOA Thermal Zone: Space 103 LAB B,4,Outdoor Air Flow per Zone Floor Area {m3/s-m2},0.0003,False,6070
288,DesignSpecification:OutdoorAir,SZ DSOA Thermal Zone: Space 103 LAB B,5,Outdoor Air Flow per Zone {m3/s},0,False,6071
288,DesignSpecification:OutdoorAir,SZ DSOA Thermal Zone: Space 103 LAB B,6,Outdoor Air Flow Air Changes per Hour {1/hr},0,False,6072
288,DesignSpecification:OutdoorAir,SZ DSOA Thermal Zone: Space 103 LAB B,7,Outdoor Air Schedule Name,Min OA Sched,False,6073
289,DesignSpecification:OutdoorAir,SZ DSOA Thermal Zone: Space 102 - Plus,1,Name,SZ DSOA Thermal Zone: Space 102 - Plus,False,6076
289,DesignSpecification:OutdoorAir,SZ DSOA Thermal Zone: Space 102 - Plus,2,Outdoor Air Method,Sum,False,6077
289,DesignSpecification:OutdoorAir,SZ DSOA Thermal Zone: Space 102 - Plus,3,Outdoor Air Flow per Person {m3/s-person},0.0025,False,6078
289,DesignSpecification:OutdoorAir,SZ DSOA Thermal Zone: Space 102 - Plus,4,Outdoor Air Flow per Zone Floor Area {m3/s-m2},0.0003,False,6079
289,DesignSpecification:OutdoorAir,SZ DSOA Thermal Zone: Space 102 - Plus,5,Outdoor Air Flow per Zone {m3/s},0,False,6080
289,DesignSpecification:OutdoorAir,SZ DSOA Thermal Zone: Space 102 - Plus,6,Outdoor Air Flow Air Changes per Hour {1/hr},0,False,6081
289,DesignSpecification:OutdoorAir,SZ DSOA Thermal Zone: Space 102 - Plus,7,Outdoor Air Schedule Name,Min OA Sched,False,6082
290,DesignSpecification:OutdoorAir,SZ DSOA Thermal Zone: Space 105 LAB A,1,Name,SZ DSOA Thermal Zone: Space 105 LAB A,False,6085
290,DesignSpecification:OutdoorAir,SZ DSOA Thermal Zone: Space 105 LAB A,2,Outdoor Air Method,Sum,False,6086
290,DesignSpecification:OutdoorAir,SZ DSOA Thermal Zone: Space 105 LAB A,3,Outdoor Air Flow per Person {m3/s-person},0.0025,False,6087
290,DesignSpecification:OutdoorAir,SZ DSOA Thermal Zone: Space 105 LAB A,4,Outdoor Air Flow per Zone Floor Area {m3/s-m2},0.0003,False,6088
290,DesignSpecification:OutdoorAir,SZ DSOA Thermal Zone: Space 105 LAB A,5,Outdoor Air Flow per Zone {m3/s},0,False,6089
290,DesignSpecification:OutdoorAir,SZ DSOA Thermal Zone: Space 105 LAB A,6,Outdoor Air Flow Air Changes per Hour {1/hr},0,False,6090
290,DesignSpecification:OutdoorAir,SZ DSOA Thermal Zone: Space 105 LAB A,7,Outdoor Air Schedule Name,Min OA Sched,False,6091
291,DesignSpecification:ZoneAirDistribution,SZ DSZAD Thermal Zone: Space 103 LAB B,1,Name,SZ DSZAD Thermal Zone: Space 103 LAB B,False,6097
291,DesignSpecification:ZoneAirDistribution,SZ DSZAD Thermal Zone: Space 103 LAB B,2,Zone Air Distribution Effectiveness in Cooling Mode {dimensionless},1,False,6098
291,DesignSpecification:ZoneAirDistribution,SZ DSZAD Thermal Zone: Space 103 LAB B,3,Zone Air Distribution Effectiveness in Heating Mode {dimensionless},1,False,6099
292,DesignSpecification:ZoneAirDistribution,SZ DSZAD Thermal Zone: Space 102 - Plus,1,Name,SZ DSZAD Thermal Zone: Space 102 - Plus,False,6102
292,DesignSpecification:ZoneAirDistribution,SZ DSZAD Thermal Zone: Space 102 - Plus,2,Zone Air Distribution Effectiveness in Cooling Mode {dimensionless},1,False,6103
292,DesignSpecification:ZoneAirDistribution,SZ DSZAD Thermal Zone: Space 102 - Plus,3,Zone Air Distribution Effectiveness in Heating Mode {dimensionless},1,False,6104
293,DesignSpecification:ZoneAirDistribution,SZ DSZAD Thermal Zone: Space 105 LAB A,1,Name,SZ DSZAD Thermal Zone: Space 105 LAB A,False,6107
293,DesignSpecification:ZoneAirDistribution,SZ DSZAD Thermal Zone: Space 105 LAB A,2,Zone Air Distribution Effectiveness in Cooling Mode {dimensionless},1,False,6108
293,DesignSpecification:ZoneAirDistribution,SZ DSZAD Thermal Zone: Space 105 LAB A,3,Zone Air Distribution Effectiveness in Heating Mode {dimensionless},1,False,6109
294,Sizing:Parameters,1.2,1,Heating Sizing Factor,1.2,False,6115
294,Sizing:Parameters,1.2,2,Cooling Sizing Factor,2,False,6116
295,Sizing:Zone,Thermal Zone: Space 103 LAB B,1,Zone or ZoneList Name,Thermal Zone: Space 103 LAB B,False,6122
295,Sizing:Zone,Thermal Zone: Space 103 LAB B,2,Zone Cooling Design Supply Air Temperature Input Method,SupplyAirTemperature,False,6123
295,Sizing:Zone,Thermal Zone: Space 103 LAB B,3,Zone Cooling Design Supply Air Temperature {C},12.8,False,6124
295,Sizing:Zone,Thermal Zone: Space 103 LAB B,4,Zone Cooling Design Supply Air Temperature Difference {deltaC},11,False,6125
295,Sizing:Zone,Thermal Zone: Space 103 LAB B,5,Zone Heating Design Supply Air Temperature Input Method,SupplyAirTemperature,False,6126
295,Sizing:Zone,Thermal Zone: Space 103 LAB B,6,Zone Heating Design Supply Air Temperature {C},40,False,6127
295,Sizing:Zone,Thermal Zone: Space 103 LAB B,7,Zone Heating Design Supply Air Temperature Difference {deltaC},,True,6128
295,Sizing:Zone,Thermal Zone: Space 103 LAB B,8,Zone Cooling Design Supply Air Humidity Ratio {kgWater/kgDryAir},0.0085,False,6129
295,Sizing:Zone,Thermal Zone: Space 103 LAB B,9,Zone Heating Design Supply Air Humidity Ratio {kgWater/kgDryAir},0.008,False,6130
295,Sizing:Zone,Thermal Zone: Space 103 LAB B,10,Design Specification Outdoor Air Object Name,SZ DSOA Thermal Zone: Space 103 LAB B,False,6131
295,Sizing:Zone,Thermal Zone: Space 103 LAB B,11,Zone Heating Sizing Factor,1.2,False,6132
295,Sizing:Zone,Thermal Zone: Space 103 LAB B,12,Zone Cooling Sizing Factor,1.2,False,6133
295,Sizing:Zone,Thermal Zone: Space 103 LAB B,13,Cooling Design Air Flow Method,,True,6134
295,Sizing:Zone,Thermal Zone: Space 103 LAB B,14,Cooling Design Air Flow Rate {m3/s},,True,6135
295,Sizing:Zone,Thermal Zone: Space 103 LAB B,15,Cooling Minimum Air Flow per Zone Floor Area {m3/s-m2},,True,6136
295,Sizing:Zone,Thermal Zone: Space 103 LAB B,16,Cooling Minimum Air Flow {m3/s},,True,6137
295,Sizing:Zone,Thermal Zone: Space 103 LAB B,17,Cooling Minimum Air Flow Fraction,,True,6138
295,Sizing:Zone,Thermal Zone: Space 103 LAB B,18,Heating Design Air Flow Method,,True,6139
295,Sizing:Zone,Thermal Zone: Space 103 LAB B,19,Heating Design Air Flow Rate {m3/s},,True,6140
295,Sizing:Zone,Thermal Zone: Space 103 LAB B,20,Heating Maximum Air Flow per Zone Floor Area {m3/s-m2},,True,6141
295,Sizing:Zone,Thermal Zone: Space 103 LAB B,21,Heating Maximum Air Flow {m3/s},,True,6142
295,Sizing:Zone,Thermal Zone: Space 103 LAB B,22,Heating Maximum Air Flow Fraction,,True,6143
295,Sizing:Zone,Thermal Zone: Space 103 LAB B,23,Design Specification Zone Air Distribution Object Name,SZ DSZAD Thermal Zone: Space 103 LAB B,False,6144
295,Sizing:Zone,Thermal Zone: Space 103 LAB B,24,Account for Dedicated Outdoor Air System,No,False,6145
295,Sizing:Zone,Thermal Zone: Space 103 LAB B,25,Dedicated Outdoor Air System Control Strategy,,True,6146
295,Sizing:Zone,Thermal Zone: Space 103 LAB B,26,Dedicated Outdoor Air Low Setpoint Temperature for Design {C},,True,6147
295,Sizing:Zone,Thermal Zone: Space 103 LAB B,27,Dedicated Outdoor Air High Setpoint Temperature for Design {C},,True,6148
295,Sizing:Zone,Thermal Zone: Space 103 LAB B,28,Zone Load Sizing Method,Sensible Load Only No Latent Load,False,6149
295,Sizing:Zone,Thermal Zone: Space 103 LAB B,29,Zone Latent Cooling Design Supply Air Humidity Ratio Input Method,HumidityRatioDifference,False,6150
295,Sizing:Zone,Thermal Zone: Space 103 LAB B,30,Zone Dehumidification Design Supply Air Humidity Ratio {kgWater/kgDryAir},,True,6151
295,Sizing:Zone,Thermal Zone: Space 103 LAB B,31,Zone Cooling Design Supply Air Humidity Ratio Difference {kgWater/kgDryAir},0.005,False,6152
295,Sizing:Zone,Thermal Zone: Space 103 LAB B,32,Zone Latent Heating Design Supply Air Humidity Ratio Input Method,HumidityRatioDifference,False,6153
295,Sizing:Zone,Thermal Zone: Space 103 LAB B,33,Zone Humidification Design Supply Air Humidity Ratio {kgWater/kgDryAir},,True,6154
295,Sizing:Zone,Thermal Zone: Space 103 LAB B,34,Zone Humidification Design Supply Air Humidity Ratio Difference {kgWater/kgDryAir},0.005,False,6155
296,Sizing:Zone,Thermal Zone: Space 102 - Plus,1,Zone or ZoneList Name,Thermal Zone: Space 102 - Plus,False,6158
296,Sizing:Zone,Thermal Zone: Space 102 - Plus,2,Zone Cooling Design Supply Air Temperature Input Method,SupplyAirTemperature,False,6159
296,Sizing:Zone,Thermal Zone: Space 102 - Plus,3,Zone Cooling Design Supply Air Temperature {C},12.8,False,6160
296,Sizing:Zone,Thermal Zone: Space 102 - Plus,4,Zone Cooling Design Supply Air Temperature Difference {deltaC},,True,6161
296,Sizing:Zone,Thermal Zone: Space 102 - Plus,5,Zone Heating Design Supply Air Temperature Input Method,SupplyAirTemperature,False,6162
296,Sizing:Zone,Thermal Zone: Space 102 - Plus,6,Zone Heating Design Supply Air Temperature {C},40,False,6163
296,Sizing:Zone,Thermal Zone: Space 102 - Plus,7,Zone Heating Design Supply Air Temperature Difference {deltaC},,True,6164
296,Sizing:Zone,Thermal Zone: Space 102 - Plus,8,Zone Cooling Design Supply Air Humidity Ratio {kgWater/kgDryAir},0.0085,False,6165
296,Sizing:Zone,Thermal Zone: Space 102 - Plus,9,Zone Heating Design Supply Air Humidity Ratio {kgWater/kgDryAir},0.008,False,6166
296,Sizing:Zone,Thermal Zone: Space 102 - Plus,10,Design Specification Outdoor Air Object Name,SZ DSOA Thermal Zone: Space 102 - Plus,False,6167
296,Sizing:Zone,Thermal Zone: Space 102 - Plus,11,Zone Heating Sizing Factor,1.2,False,6168
296,Sizing:Zone,Thermal Zone: Space 102 - Plus,12,Zone Cooling Sizing Factor,1.2,False,6169
296,Sizing:Zone,Thermal Zone: Space 102 - Plus,13,Cooling Design Air Flow Method,,True,6170
296,Sizing:Zone,Thermal Zone: Space 102 - Plus,14,Cooling Design Air Flow Rate {m3/s},,True,6171
296,Sizing:Zone,Thermal Zone: Space 102 - Plus,15,Cooling Minimum Air Flow per Zone Floor Area {m3/s-m2},,True,6172
296,Sizing:Zone,Thermal Zone: Space 102 - Plus,16,Cooling Minimum Air Flow {m3/s},,True,6173
296,Sizing:Zone,Thermal Zone: Space 102 - Plus,17,Cooling Minimum Air Flow Fraction,,True,6174
296,Sizing:Zone,Thermal Zone: Space 102 - Plus,18,Heating Design Air Flow Method,,True,6175
296,Sizing:Zone,Thermal Zone: Space 102 - Plus,19,Heating Design Air Flow Rate {m3/s},,True,6176
296,Sizing:Zone,Thermal Zone: Space 102 - Plus,20,Heating Maximum Air Flow per Zone Floor Area {m3/s-m2},,True,6177
296,Sizing:Zone,Thermal Zone: Space 102 - Plus,21,Heating Maximum Air Flow {m3/s},,True,6178
296,Sizing:Zone,Thermal Zone: Space 102 - Plus,22,Heating Maximum Air Flow Fraction,,True,6179
296,Sizing:Zone,Thermal Zone: Space 102 - Plus,23,Design Specification Zone Air Distribution Object Name,SZ DSZAD Thermal Zone: Space 102 - Plus,False,6180
296,Sizing:Zone,Thermal Zone: Space 102 - Plus,24,Account for Dedicated Outdoor Air System,No,False,6181
296,Sizing:Zone,Thermal Zone: Space 102 - Plus,25,Dedicated Outdoor Air System Control Strategy,,True,6182
296,Sizing:Zone,Thermal Zone: Space 102 - Plus,26,Dedicated Outdoor Air Low Setpoint Temperature for Design {C},,True,6183
296,Sizing:Zone,Thermal Zone: Space 102 - Plus,27,Dedicated Outdoor Air High Setpoint Temperature for Design {C},,True,6184
296,Sizing:Zone,Thermal Zone: Space 102 - Plus,28,Zone Load Sizing Method,Sensible Load Only No Latent Load,False,6185
296,Sizing:Zone,Thermal Zone: Space 102 - Plus,29,Zone Latent Cooling Design Supply Air Humidity Ratio Input Method,HumidityRatioDifference,False,6186
296,Sizing:Zone,Thermal Zone: Space 102 - Plus,30,Zone Dehumidification Design Supply Air Humidity Ratio {kgWater/kgDryAir},,True,6187
296,Sizing:Zone,Thermal Zone: Space 102 - Plus,31,Zone Cooling Design Supply Air Humidity Ratio Difference {kgWater/kgDryAir},0.005,False,6188
296,Sizing:Zone,Thermal Zone: Space 102 - Plus,32,Zone Latent Heating Design Supply Air Humidity Ratio Input Method,HumidityRatioDifference,False,6189
296,Sizing:Zone,Thermal Zone: Space 102 - Plus,33,Zone Humidification Design Supply Air Humidity Ratio {kgWater/kgDryAir},,True,6190
296,Sizing:Zone,Thermal Zone: Space 102 - Plus,34,Zone Humidification Design Supply Air Humidity Ratio Difference {kgWater/kgDryAir},0.005,False,6191
297,Sizing:Zone,Thermal Zone: Space 105 LAB A,1,Zone or ZoneList Name,Thermal Zone: Space 105 LAB A,False,6194
297,Sizing:Zone,Thermal Zone: Space 105 LAB A,2,Zone Cooling Design Supply Air Temperature Input Method,SupplyAirTemperature,False,6195
297,Sizing:Zone,Thermal Zone: Space 105 LAB A,3,Zone Cooling Design Supply Air Temperature {C},12.8,False,6196
297,Sizing:Zone,Thermal Zone: Space 105 LAB A,4,Zone Cooling Design Supply Air Temperature Difference {deltaC},,True,6197
297,Sizing:Zone,Thermal Zone: Space 105 LAB A,5,Zone Heating Design Supply Air Temperature Input Method,SupplyAirTemperature,False,6198
297,Sizing:Zone,Thermal Zone: Space 105 LAB A,6,Zone Heating Design Supply Air Temperature {C},40,False,6199
297,Sizing:Zone,Thermal Zone: Space 105 LAB A,7,Zone Heating Design Supply Air Temperature Difference {deltaC},,True,6200
297,Sizing:Zone,Thermal Zone: Space 105 LAB A,8,Zone Cooling Design Supply Air Humidity Ratio {kgWater/kgDryAir},0.0085,False,6201
297,Sizing:Zone,Thermal Zone: Space 105 LAB A,9,Zone Heating Design Supply Air Humidity Ratio {kgWater/kgDryAir},0.008,False,6202
297,Sizing:Zone,Thermal Zone: Space 105 LAB A,10,Design Specification Outdoor Air Object Name,SZ DSOA Thermal Zone: Space 105 LAB A,False,6203
297,Sizing:Zone,Thermal Zone: Space 105 LAB A,11,Zone Heating Sizing Factor,1.2,False,6204
297,Sizing:Zone,Thermal Zone: Space 105 LAB A,12,Zone Cooling Sizing Factor,1.2,False,6205
297,Sizing:Zone,Thermal Zone: Space 105 LAB A,13,Cooling Design Air Flow Method,,True,6206
297,Sizing:Zone,Thermal Zone: Space 105 LAB A,14,Cooling Design Air Flow Rate {m3/s},,True,6207
297,Sizing:Zone,Thermal Zone: Space 105 LAB A,15,Cooling Minimum Air Flow per Zone Floor Area {m3/s-m2},,True,6208
297,Sizing:Zone,Thermal Zone: Space 105 LAB A,16,Cooling Minimum Air Flow {m3/s},,True,6209
297,Sizing:Zone,Thermal Zone: Space 105 LAB A,17,Cooling Minimum Air Flow Fraction,,True,6210
297,Sizing:Zone,Thermal Zone: Space 105 LAB A,18,Heating Design Air Flow Method,,True,6211
297,Sizing:Zone,Thermal Zone: Space 105 LAB A,19,Heating Design Air Flow Rate {m3/s},,True,6212
297,Sizing:Zone,Thermal Zone: Space 105 LAB A,20,Heating Maximum Air Flow per Zone Floor Area {m3/s-m2},,True,6213
297,Sizing:Zone,Thermal Zone: Space 105 LAB A,21,Heating Maximum Air Flow {m3/s},,True,6214
297,Sizing:Zone,Thermal Zone: Space 105 LAB A,22,Heating Maximum Air Flow Fraction,,True,6215
297,Sizing:Zone,Thermal Zone: Space 105 LAB A,23,Design Specification Zone Air Distribution Object Name,SZ DSZAD Thermal Zone: Space 105 LAB A,False,6216
297,Sizing:Zone,Thermal Zone: Space 105 LAB A,24,Account for Dedicated Outdoor Air System,No,False,6217
297,Sizing:Zone,Thermal Zone: Space 105 LAB A,25,Dedicated Outdoor Air System Control Strategy,,True,6218
297,Sizing:Zone,Thermal Zone: Space 105 LAB A,26,Dedicated Outdoor Air Low Setpoint Temperature for Design {C},,True,6219
297,Sizing:Zone,Thermal Zone: Space 105 LAB A,27,Dedicated Outdoor Air High Setpoint Temperature for Design {C},,True,6220
297,Sizing:Zone,Thermal Zone: Space 105 LAB A,28,Zone Load Sizing Method,Sensible Load Only No Latent Load,False,6221
297,Sizing:Zone,Thermal Zone: Space 105 LAB A,29,Zone Latent Cooling Design Supply Air Humidity Ratio Input Method,HumidityRatioDifference,False,6222
297,Sizing:Zone,Thermal Zone: Space 105 LAB A,30,Zone Dehumidification Design Supply Air Humidity Ratio {kgWater/kgDryAir},,True,6223
297,Sizing:Zone,Thermal Zone: Space 105 LAB A,31,Zone Cooling Design Supply Air Humidity Ratio Difference {kgWater/kgDryAir},0.005,False,6224
297,Sizing:Zone,Thermal Zone: Space 105 LAB A,32,Zone Latent Heating Design Supply Air Humidity Ratio Input Method,HumidityRatioDifference,False,6225
297,Sizing:Zone,Thermal Zone: Space 105 LAB A,33,Zone Humidification Design Supply Air Humidity Ratio {kgWater/kgDryAir},,True,6226
297,Sizing:Zone,Thermal Zone: Space 105 LAB A,34,Zone Humidification Design Supply Air Humidity Ratio Difference {kgWater/kgDryAir},0.005,False,6227
298,Sizing:System,DXVAV Sys 1,1,AirLoop Name,DXVAV Sys 1,False,6233
298,Sizing:System,DXVAV Sys 1,2,Type of Load to Size On,Sensible,False,6234
298,Sizing:System,DXVAV Sys 1,3,Design Outdoor Air Flow Rate {m3/s},autosize,False,6235
298,Sizing:System,DXVAV Sys 1,4,Central Heating Maximum System Air Flow Ratio,1,False,6236
298,Sizing:System,DXVAV Sys 1,5,Preheat Design Temperature {C},7,False,6237
298,Sizing:System,DXVAV Sys 1,6,Preheat Design Humidity Ratio {kgWater/kgDryAir},0.008,False,6238
298,Sizing:System,DXVAV Sys 1,7,Precool Design Temperature {C},12.8,False,6239
298,Sizing:System,DXVAV Sys 1,8,Precool Design Humidity Ratio {kgWater/kgDryAir},0.008,False,6240
298,Sizing:System,DXVAV Sys 1,9,Central Cooling Design Supply Air Temperature {C},12.8,False,6241
298,Sizing:System,DXVAV Sys 1,10,Central Heating Design Supply Air Temperature {C},17.7,False,6242
298,Sizing:System,DXVAV Sys 1,11,Type of Zone Sum to Use,NonCoincident,False,6243
298,Sizing:System,DXVAV Sys 1,12,100% Outdoor Air in Cooling,No,False,6244
298,Sizing:System,DXVAV Sys 1,13,100% Outdoor Air in Heating,No,False,6245
298,Sizing:System,DXVAV Sys 1,14,Central Cooling Design Supply Air Humidity Ratio {kgWater/kgDryAir},0.0085,False,6246
298,Sizing:System,DXVAV Sys 1,15,Central Heating Design Supply Air Humidity Ratio {kgWater/kgDryAir},0.008,False,6247
298,Sizing:System,DXVAV Sys 1,16,Cooling Supply Air Flow Rate Method,,True,6248
298,Sizing:System,DXVAV Sys 1,17,Cooling Supply Air Flow Rate {m3/s},,True,6249
298,Sizing:System,DXVAV Sys 1,18,Cooling Supply Air Flow Rate Per Floor Area {m3/s-m2},,True,6250
298,Sizing:System,DXVAV Sys 1,19,Cooling Fraction of Autosized Cooling Supply Air Flow Rate,,True,6251
298,Sizing:System,DXVAV Sys 1,20,Cooling Supply Air Flow Rate Per Unit Cooling Capacity {m3/s-W},,True,6252
298,Sizing:System,DXVAV Sys 1,21,Heating Supply Air Flow Rate Method,,True,6253
298,Sizing:System,DXVAV Sys 1,22,Heating Supply Air Flow Rate {m3/s},,True,6254
298,Sizing:System,DXVAV Sys 1,23,Heating Supply Air Flow Rate Per Floor Area {m3/s-m2},,True,6255
298,Sizing:System,DXVAV Sys 1,24,Heating Fraction of Autosized Heating Supply Air Flow Rate,,True,6256
298,Sizing:System,DXVAV Sys 1,25,Heating Fraction of Autosized Cooling Supply Air Flow Rate,,True,6257
298,Sizing:System,DXVAV Sys 1,26,Heating Supply Air Flow Rate Per Unit Heating Capacity {m3/s-W},,True,6258
298,Sizing:System,DXVAV Sys 1,27,System Outdoor Air Method,Standard62.1VentilationRateProcedure,False,6259
298,Sizing:System,DXVAV Sys 1,28,Zone Maximum Outdoor Air Fraction {dimensionless},1,False,6260
298,Sizing:System,DXVAV Sys 1,29,Cooling Design Capacity Method,CoolingDesignCapacity,False,6261
298,Sizing:System,DXVAV Sys 1,30,Cooling Design Capacity {W},autosize,False,6262
298,Sizing:System,DXVAV Sys 1,31,Cooling Design Capacity Per Floor Area {W/m2},,True,6263
298,Sizing:System,DXVAV Sys 1,32,Fraction of Autosized Cooling Design Capacity,,True,6264
298,Sizing:System,DXVAV Sys 1,33,Heating Design Capacity Method,HeatingDesignCapacity,False,6265
298,Sizing:System,DXVAV Sys 1,34,Heating Design Capacity {W},autosize,False,6266
298,Sizing:System,DXVAV Sys 1,35,Heating Design Capacity Per Floor Area {W/m2},,True,6267
298,Sizing:System,DXVAV Sys 1,36,Fraction of Autosized Heating Design Capacity,,True,6268
298,Sizing:System,DXVAV Sys 1,37,Central Cooling Capacity Control Method,OnOff,False,6269
299,ZoneControl:Thermostat,Thermal Zone: Space 103 LAB B Thermostat,1,Name,Thermal Zone: Space 103 LAB B Thermostat,False,6275
299,ZoneControl:Thermostat,Thermal Zone: Space 103 LAB B Thermostat,2,Zone or ZoneList Name,Thermal Zone: Space 103 LAB B,False,6276
299,ZoneControl:Thermostat,Thermal Zone: Space 103 LAB B Thermostat,3,Control Type Schedule Name,HVACTemplate-Always 4,False,6277
299,ZoneControl:Thermostat,Thermal Zone: Space 103 LAB B Thermostat,4,Control 1 Object Type,ThermostatSetpoint:DualSetpoint,False,6278
299,ZoneControl:Thermostat,Thermal Zone: Space 103 LAB B Thermostat,5,Control 1 Name,Dual SP Control,False,6279
300,ZoneControl:Thermostat,Thermal Zone: Space 102 - Plus Thermostat,1,Name,Thermal Zone: Space 102 - Plus Thermostat,False,6282
300,ZoneControl:Thermostat,Thermal Zone: Space 102 - Plus Thermostat,2,Zone or ZoneList Name,Thermal Zone: Space 102 - Plus,False,6283
300,ZoneControl:Thermostat,Thermal Zone: Space 102 - Plus Thermostat,3,Control Type Schedule Name,HVACTemplate-Always 4,False,6284
300,ZoneControl:Thermostat,Thermal Zone: Space 102 - Plus Thermostat,4,Control 1 Object Type,ThermostatSetpoint:DualSetpoint,False,6285
300,ZoneControl:Thermostat,Thermal Zone: Space 102 - Plus Thermostat,5,Control 1 Name,Dual SP Control,False,6286
301,ZoneControl:Thermostat,Thermal Zone: Space 105 LAB A Thermostat,1,Name,Thermal Zone: Space 105 LAB A Thermostat,False,6289
301,ZoneControl:Thermostat,Thermal Zone: Space 105 LAB A Thermostat,2,Zone or ZoneList Name,Thermal Zone: Space 105 LAB A,False,6290
301,ZoneControl:Thermostat,Thermal Zone: Space 105 LAB A Thermostat,3,Control Type Schedule Name,HVACTemplate-Always 4,False,6291
301,ZoneControl:Thermostat,Thermal Zone: Space 105 LAB A Thermostat,4,Control 1 Object Type,ThermostatSetpoint:DualSetpoint,False,6292
301,ZoneControl:Thermostat,Thermal Zone: Space 105 LAB A Thermostat,5,Control 1 Name,Dual SP Control,False,6293
302,ThermostatSetpoint:DualSetpoint,Dual SP Control,1,Name,Dual SP Control,False,6299
302,ThermostatSetpoint:DualSetpoint,Dual SP Control,2,Heating Setpoint Temperature Schedule Name,HTGSETP_SCH_NO_OPTIMUM,False,6300
302,ThermostatSetpoint:DualSetpoint,Dual SP Control,3,Cooling Setpoint Temperature Schedule Name,CLGSETP_SCH_NO_OPTIMUM,False,6301
303,AirTerminal:SingleDuct:VAV:Reheat,Thermal Zone: Space 103 LAB B VAV Reheat,1,Name,Thermal Zone: Space 103 LAB B VAV Reheat,False,6307
303,AirTerminal:SingleDuct:VAV:Reheat,Thermal Zone: Space 103 LAB B VAV Reheat,2,Availability Schedule Name,,True,6308
303,AirTerminal:SingleDuct:VAV:Reheat,Thermal Zone: Space 103 LAB B VAV Reheat,3,Damper Air Outlet Node Name,Thermal Zone: Space 103 LAB B Damper Outlet,False,6309
303,AirTerminal:SingleDuct:VAV:Reheat,Thermal Zone: Space 103 LAB B VAV Reheat,4,Air Inlet Node Name,Thermal Zone: Space 103 LAB B Zone Equip Inlet,False,6310
303,AirTerminal:SingleDuct:VAV:Reheat,Thermal Zone: Space 103 LAB B VAV Reheat,5,Maximum Air Flow Rate {m3/s},autosize,False,6311
303,AirTerminal:SingleDuct:VAV:Reheat,Thermal Zone: Space 103 LAB B VAV Reheat,6,Zone Minimum Air Flow Input Method,Constant,False,6312
303,AirTerminal:SingleDuct:VAV:Reheat,Thermal Zone: Space 103 LAB B VAV Reheat,7,Constant Minimum Air Flow Fraction,autosize,False,6313
303,AirTerminal:SingleDuct:VAV:Reheat,Thermal Zone: Space 103 LAB B VAV Reheat,8,Fixed Minimum Air Flow Rate {m3/s},,True,6314
303,AirTerminal:SingleDuct:VAV:Reheat,Thermal Zone: Space 103 LAB B VAV Reheat,9,Minimum Air Flow Fraction Schedule Name,,True,6315
303,AirTerminal:SingleDuct:VAV:Reheat,Thermal Zone: Space 103 LAB B VAV Reheat,10,Reheat Coil Object Type,Coil:Heating:Electric,False,6316
303,AirTerminal:SingleDuct:VAV:Reheat,Thermal Zone: Space 103 LAB B VAV Reheat,11,Reheat Coil Name,Thermal Zone: Space 103 LAB B Reheat Coil,False,6317
303,AirTerminal:SingleDuct:VAV:Reheat,Thermal Zone: Space 103 LAB B VAV Reheat,12,Maximum Hot Water or Steam Flow Rate {m3/s},,True,6318
303,AirTerminal:SingleDuct:VAV:Reheat,Thermal Zone: Space 103 LAB B VAV Reheat,13,Minimum Hot Water or Steam Flow Rate {m3/s},,True,6319
303,AirTerminal:SingleDuct:VAV:Reheat,Thermal Zone: Space 103 LAB B VAV Reheat,14,Air Outlet Node Name,Thermal Zone: Space 103 LAB B Supply Inlet,False,6320
303,AirTerminal:SingleDuct:VAV:Reheat,Thermal Zone: Space 103 LAB B VAV Reheat,15,Convergence Tolerance,0.001,False,6321
303,AirTerminal:SingleDuct:VAV:Reheat,Thermal Zone: Space 103 LAB B VAV Reheat,16,Damper Heating Action,Reverse,False,6322
303,AirTerminal:SingleDuct:VAV:Reheat,Thermal Zone: Space 103 LAB B VAV Reheat,17,Maximum Flow per Zone Floor Area During Reheat {m3/s-m2},autocalculate,False,6323
303,AirTerminal:SingleDuct:VAV:Reheat,Thermal Zone: Space 103 LAB B VAV Reheat,18,Maximum Flow Fraction During Reheat,,True,6324
303,AirTerminal:SingleDuct:VAV:Reheat,Thermal Zone: Space 103 LAB B VAV Reheat,19,Maximum Reheat Air Temperature {C},,True,6325
303,AirTerminal:SingleDuct:VAV:Reheat,Thermal Zone: Space 103 LAB B VAV Reheat,20,Design Specification Outdoor Air Object Name,SZ DSOA Thermal Zone: Space 103 LAB B,False,6326
304,AirTerminal:SingleDuct:VAV:Reheat,Thermal Zone: Space 102 - Plus VAV Reheat,1,Name,Thermal Zone: Space 102 - Plus VAV Reheat,False,6329
304,AirTerminal:SingleDuct:VAV:Reheat,Thermal Zone: Space 102 - Plus VAV Reheat,2,Availability Schedule Name,,True,6330
304,AirTerminal:SingleDuct:VAV:Reheat,Thermal Zone: Space 102 - Plus VAV Reheat,3,Damper Air Outlet Node Name,Thermal Zone: Space 102 - Plus Damper Outlet,False,6331
304,AirTerminal:SingleDuct:VAV:Reheat,Thermal Zone: Space 102 - Plus VAV Reheat,4,Air Inlet Node Name,Thermal Zone: Space 102 - Plus Zone Equip Inlet,False,6332
304,AirTerminal:SingleDuct:VAV:Reheat,Thermal Zone: Space 102 - Plus VAV Reheat,5,Maximum Air Flow Rate {m3/s},autosize,False,6333
304,AirTerminal:SingleDuct:VAV:Reheat,Thermal Zone: Space 102 - Plus VAV Reheat,6,Zone Minimum Air Flow Input Method,Constant,False,6334
304,AirTerminal:SingleDuct:VAV:Reheat,Thermal Zone: Space 102 - Plus VAV Reheat,7,Constant Minimum Air Flow Fraction,autosize,False,6335
304,AirTerminal:SingleDuct:VAV:Reheat,Thermal Zone: Space 102 - Plus VAV Reheat,8,Fixed Minimum Air Flow Rate {m3/s},,True,6336
304,AirTerminal:SingleDuct:VAV:Reheat,Thermal Zone: Space 102 - Plus VAV Reheat,9,Minimum Air Flow Fraction Schedule Name,,True,6337
304,AirTerminal:SingleDuct:VAV:Reheat,Thermal Zone: Space 102 - Plus VAV Reheat,10,Reheat Coil Object Type,Coil:Heating:Electric,False,6338
304,AirTerminal:SingleDuct:VAV:Reheat,Thermal Zone: Space 102 - Plus VAV Reheat,11,Reheat Coil Name,Thermal Zone: Space 102 - Plus Reheat Coil,False,6339
304,AirTerminal:SingleDuct:VAV:Reheat,Thermal Zone: Space 102 - Plus VAV Reheat,12,Maximum Hot Water or Steam Flow Rate {m3/s},,True,6340
304,AirTerminal:SingleDuct:VAV:Reheat,Thermal Zone: Space 102 - Plus VAV Reheat,13,Minimum Hot Water or Steam Flow Rate {m3/s},,True,6341
304,AirTerminal:SingleDuct:VAV:Reheat,Thermal Zone: Space 102 - Plus VAV Reheat,14,Air Outlet Node Name,Thermal Zone: Space 102 - Plus Supply Inlet,False,6342
304,AirTerminal:SingleDuct:VAV:Reheat,Thermal Zone: Space 102 - Plus VAV Reheat,15,Convergence Tolerance,0.001,False,6343
304,AirTerminal:SingleDuct:VAV:Reheat,Thermal Zone: Space 102 - Plus VAV Reheat,16,Damper Heating Action,Reverse,False,6344
304,AirTerminal:SingleDuct:VAV:Reheat,Thermal Zone: Space 102 - Plus VAV Reheat,17,Maximum Flow per Zone Floor Area During Reheat {m3/s-m2},autocalculate,False,6345
304,AirTerminal:SingleDuct:VAV:Reheat,Thermal Zone: Space 102 - Plus VAV Reheat,18,Maximum Flow Fraction During Reheat,,True,6346
304,AirTerminal:SingleDuct:VAV:Reheat,Thermal Zone: Space 102 - Plus VAV Reheat,19,Maximum Reheat Air Temperature {C},,True,6347
304,AirTerminal:SingleDuct:VAV:Reheat,Thermal Zone: Space 102 - Plus VAV Reheat,20,Design Specification Outdoor Air Object Name,SZ DSOA Thermal Zone: Space 102 - Plus,False,6348
305,AirTerminal:SingleDuct:VAV:Reheat,Thermal Zone: Space 105 LAB A VAV Reheat,1,Name,Thermal Zone: Space 105 LAB A VAV Reheat,False,6351
305,AirTerminal:SingleDuct:VAV:Reheat,Thermal Zone: Space 105 LAB A VAV Reheat,2,Availability Schedule Name,,True,6352
305,AirTerminal:SingleDuct:VAV:Reheat,Thermal Zone: Space 105 LAB A VAV Reheat,3,Damper Air Outlet Node Name,Thermal Zone: Space 105 LAB A Damper Outlet,False,6353
305,AirTerminal:SingleDuct:VAV:Reheat,Thermal Zone: Space 105 LAB A VAV Reheat,4,Air Inlet Node Name,Thermal Zone: Space 105 LAB A Zone Equip Inlet,False,6354
305,AirTerminal:SingleDuct:VAV:Reheat,Thermal Zone: Space 105 LAB A VAV Reheat,5,Maximum Air Flow Rate {m3/s},autosize,False,6355
305,AirTerminal:SingleDuct:VAV:Reheat,Thermal Zone: Space 105 LAB A VAV Reheat,6,Zone Minimum Air Flow Input Method,Constant,False,6356
305,AirTerminal:SingleDuct:VAV:Reheat,Thermal Zone: Space 105 LAB A VAV Reheat,7,Constant Minimum Air Flow Fraction,autosize,False,6357
305,AirTerminal:SingleDuct:VAV:Reheat,Thermal Zone: Space 105 LAB A VAV Reheat,8,Fixed Minimum Air Flow Rate {m3/s},,True,6358
305,AirTerminal:SingleDuct:VAV:Reheat,Thermal Zone: Space 105 LAB A VAV Reheat,9,Minimum Air Flow Fraction Schedule Name,,True,6359
305,AirTerminal:SingleDuct:VAV:Reheat,Thermal Zone: Space 105 LAB A VAV Reheat,10,Reheat Coil Object Type,Coil:Heating:Electric,False,6360
305,AirTerminal:SingleDuct:VAV:Reheat,Thermal Zone: Space 105 LAB A VAV Reheat,11,Reheat Coil Name,Thermal Zone: Space 105 LAB A Reheat Coil,False,6361
305,AirTerminal:SingleDuct:VAV:Reheat,Thermal Zone: Space 105 LAB A VAV Reheat,12,Maximum Hot Water or Steam Flow Rate {m3/s},,True,6362
305,AirTerminal:SingleDuct:VAV:Reheat,Thermal Zone: Space 105 LAB A VAV Reheat,13,Minimum Hot Water or Steam Flow Rate {m3/s},,True,6363
305,AirTerminal:SingleDuct:VAV:Reheat,Thermal Zone: Space 105 LAB A VAV Reheat,14,Air Outlet Node Name,Thermal Zone: Space 105 LAB A Supply Inlet,False,6364
305,AirTerminal:SingleDuct:VAV:Reheat,Thermal Zone: Space 105 LAB A VAV Reheat,15,Convergence Tolerance,0.001,False,6365
305,AirTerminal:SingleDuct:VAV:Reheat,Thermal Zone: Space 105 LAB A VAV Reheat,16,Damper Heating Action,Reverse,False,6366
305,AirTerminal:SingleDuct:VAV:Reheat,Thermal Zone: Space 105 LAB A VAV Reheat,17,Maximum Flow per Zone Floor Area During Reheat {m3/s-m2},autocalculate,False,6367
305,AirTerminal:SingleDuct:VAV:Reheat,Thermal Zone: Space 105 LAB A VAV Reheat,18,Maximum Flow Fraction During Reheat,,True,6368
305,AirTerminal:SingleDuct:VAV:Reheat,Thermal Zone: Space 105 LAB A VAV Reheat,19,Maximum Reheat Air Temperature {C},,True,6369
305,AirTerminal:SingleDuct:VAV:Reheat,Thermal Zone: Space 105 LAB A VAV Reheat,20,Design Specification Outdoor Air Object Name,SZ DSOA Thermal Zone: Space 105 LAB A,False,6370
306,ZoneHVAC:AirDistributionUnit,Thermal Zone: Space 103 LAB B ATU,1,Name,Thermal Zone: Space 103 LAB B ATU,False,6376
306,ZoneHVAC:AirDistributionUnit,Thermal Zone: Space 103 LAB B ATU,2,Air Distribution Unit Outlet Node Name,Thermal Zone: Space 103 LAB B Supply Inlet,False,6377
306,ZoneHVAC:AirDistributionUnit,Thermal Zone: Space 103 LAB B ATU,3,Air Terminal Object Type,AirTerminal:SingleDuct:VAV:Reheat,False,6378
306,ZoneHVAC:AirDistributionUnit,Thermal Zone: Space 103 LAB B ATU,4,Air Terminal Name,Thermal Zone: Space 103 LAB B VAV Reheat,False,6379
307,ZoneHVAC:AirDistributionUnit,Thermal Zone: Space 102 - Plus ATU,1,Name,Thermal Zone: Space 102 - Plus ATU,False,6382
307,ZoneHVAC:AirDistributionUnit,Thermal Zone: Space 102 - Plus ATU,2,Air Distribution Unit Outlet Node Name,Thermal Zone: Space 102 - Plus Supply Inlet,False,6383
307,ZoneHVAC:AirDistributionUnit,Thermal Zone: Space 102 - Plus ATU,3,Air Terminal Object Type,AirTerminal:SingleDuct:VAV:Reheat,False,6384
307,ZoneHVAC:AirDistributionUnit,Thermal Zone: Space 102 - Plus ATU,4,Air Terminal Name,Thermal Zone: Space 102 - Plus VAV Reheat,False,6385
308,ZoneHVAC:AirDistributionUnit,Thermal Zone: Space 105 LAB A ATU,1,Name,Thermal Zone: Space 105 LAB A ATU,False,6388
308,ZoneHVAC:AirDistributionUnit,Thermal Zone: Space 105 LAB A ATU,2,Air Distribution Unit Outlet Node Name,Thermal Zone: Space 105 LAB A Supply Inlet,False,6389
308,ZoneHVAC:AirDistributionUnit,Thermal Zone: Space 105 LAB A ATU,3,Air Terminal Object Type,AirTerminal:SingleDuct:VAV:Reheat,False,6390
308,ZoneHVAC:AirDistributionUnit,Thermal Zone: Space 105 LAB A ATU,4,Air Terminal Name,Thermal Zone: Space 105 LAB A VAV Reheat,False,6391
309,ZoneHVAC:EquipmentList,Thermal Zone: Space 103 LAB B Equipment,1,Name,Thermal Zone: Space 103 LAB B Equipment,False,6397
309,ZoneHVAC:EquipmentList,Thermal Zone: Space 103 LAB B Equipment,2,Load Distribution Scheme,SequentialLoad,False,6398
309,ZoneHVAC:EquipmentList,Thermal Zone: Space 103 LAB B Equipment,3,Zone Equipment 1 Object Type,ZoneHVAC:AirDistributionUnit,False,6399
309,ZoneHVAC:EquipmentList,Thermal Zone: Space 103 LAB B Equipment,4,Zone Equipment 1 Name,Thermal Zone: Space 103 LAB B ATU,False,6400
309,ZoneHVAC:EquipmentList,Thermal Zone: Space 103 LAB B Equipment,5,Zone Equipment 1 Cooling Sequence,1,False,6401
309,ZoneHVAC:EquipmentList,Thermal Zone: Space 103 LAB B Equipment,6,Zone Equipment 1 Heating or No-Load Sequence,1,False,6402
309,ZoneHVAC:EquipmentList,Thermal Zone: Space 103 LAB B Equipment,7,Zone Equipment 1 Sequential Cooling Fraction Schedule Name,,True,6403
309,ZoneHVAC:EquipmentList,Thermal Zone: Space 103 LAB B Equipment,8,Zone Equipment 1 Sequential Heating Fraction Schedule Name,,True,6404
310,ZoneHVAC:EquipmentList,Thermal Zone: Space 102 - Plus Equipment,1,Name,Thermal Zone: Space 102 - Plus Equipment,False,6407
310,ZoneHVAC:EquipmentList,Thermal Zone: Space 102 - Plus Equipment,2,Load Distribution Scheme,SequentialLoad,False,6408
310,ZoneHVAC:EquipmentList,Thermal Zone: Space 102 - Plus Equipment,3,Zone Equipment 1 Object Type,ZoneHVAC:AirDistributionUnit,False,6409
310,ZoneHVAC:EquipmentList,Thermal Zone: Space 102 - Plus Equipment,4,Zone Equipment 1 Name,Thermal Zone: Space 102 - Plus ATU,False,6410
310,ZoneHVAC:EquipmentList,Thermal Zone: Space 102 - Plus Equipment,5,Zone Equipment 1 Cooling Sequence,1,False,6411
310,ZoneHVAC:EquipmentList,Thermal Zone: Space 102 - Plus Equipment,6,Zone Equipment 1 Heating or No-Load Sequence,1,False,6412
310,ZoneHVAC:EquipmentList,Thermal Zone: Space 102 - Plus Equipment,7,Zone Equipment 1 Sequential Cooling Fraction Schedule Name,,True,6413
310,ZoneHVAC:EquipmentList,Thermal Zone: Space 102 - Plus Equipment,8,Zone Equipment 1 Sequential Heating Fraction Schedule Name,,True,6414
311,ZoneHVAC:EquipmentList,Thermal Zone: Space 105 LAB A Equipment,1,Name,Thermal Zone: Space 105 LAB A Equipment,False,6417
311,ZoneHVAC:EquipmentList,Thermal Zone: Space 105 LAB A Equipment,2,Load Distribution Scheme,SequentialLoad,False,6418
311,ZoneHVAC:EquipmentList,Thermal Zone: Space 105 LAB A Equipment,3,Zone Equipment 1 Object Type,ZoneHVAC:AirDistributionUnit,False,6419
311,ZoneHVAC:EquipmentList,Thermal Zone: Space 105 LAB A Equipment,4,Zone Equipment 1 Name,Thermal Zone: Space 105 LAB A ATU,False,6420
311,ZoneHVAC:EquipmentList,Thermal Zone: Space 105 LAB A Equipment,5,Zone Equipment 1 Cooling Sequence,1,False,6421
311,ZoneHVAC:EquipmentList,Thermal Zone: Space 105 LAB A Equipment,6,Zone Equipment 1 Heating or No-Load Sequence,1,False,6422
311,ZoneHVAC:EquipmentList,Thermal Zone: Space 105 LAB A Equipment,7,Zone Equipment 1 Sequential Cooling Fraction Schedule Name,,True,6423
311,ZoneHVAC:EquipmentList,Thermal Zone: Space 105 LAB A Equipment,8,Zone Equipment 1 Sequential Heating Fraction Schedule Name,,True,6424
312,ZoneHVAC:EquipmentConnections,Thermal Zone: Space 103 LAB B,1,Zone Name,Thermal Zone: Space 103 LAB B,False,6430
312,ZoneHVAC:EquipmentConnections,Thermal Zone: Space 103 LAB B,2,Zone Conditioning Equipment List Name,Thermal Zone: Space 103 LAB B Equipment,False,6431
312,ZoneHVAC:EquipmentConnections,Thermal Zone: Space 103 LAB B,3,Zone Air Inlet Node or NodeList Name,Thermal Zone: Space 103 LAB B Supply Inlet,False,6432
312,ZoneHVAC:EquipmentConnections,Thermal Zone: Space 103 LAB B,4,Zone Air Exhaust Node or NodeList Name,,True,6433
312,ZoneHVAC:EquipmentConnections,Thermal Zone: Space 103 LAB B,5,Zone Air Node Name,Thermal Zone: Space 103 LAB B Zone Air Node,False,6434
312,ZoneHVAC:EquipmentConnections,Thermal Zone: Space 103 LAB B,6,Zone Return Air Node or NodeList Name,Thermal Zone: Space 103 LAB B Return Outlet,False,6435
313,ZoneHVAC:EquipmentConnections,Thermal Zone: Space 102 - Plus,1,Zone Name,Thermal Zone: Space 102 - Plus,False,6438
313,ZoneHVAC:EquipmentConnections,Thermal Zone: Space 102 - Plus,2,Zone Conditioning Equipment List Name,Thermal Zone: Space 102 - Plus Equipment,False,6439
313,ZoneHVAC:EquipmentConnections,Thermal Zone: Space 102 - Plus,3,Zone Air Inlet Node or NodeList Name,Thermal Zone: Space 102 - Plus Supply Inlet,False,6440
313,ZoneHVAC:EquipmentConnections,Thermal Zone: Space 102 - Plus,4,Zone Air Exhaust Node or NodeList Name,,True,6441
313,ZoneHVAC:EquipmentConnections,Thermal Zone: Space 102 - Plus,5,Zone Air Node Name,Thermal Zone: Space 102 - Plus Zone Air Node,False,6442
313,ZoneHVAC:EquipmentConnections,Thermal Zone: Space 102 - Plus,6,Zone Return Air Node or NodeList Name,Thermal Zone: Space 102 - Plus Return Outlet,False,6443
314,ZoneHVAC:EquipmentConnections,Thermal Zone: Space 105 LAB A,1,Zone Name,Thermal Zone: Space 105 LAB A,False,6446
314,ZoneHVAC:EquipmentConnections,Thermal Zone: Space 105 LAB A,2,Zone Conditioning Equipment List Name,Thermal Zone: Space 105 LAB A Equipment,False,6447
314,ZoneHVAC:EquipmentConnections,Thermal Zone: Space 105 LAB A,3,Zone Air Inlet Node or NodeList Name,Thermal Zone: Space 105 LAB A Supply Inlet,False,6448
314,ZoneHVAC:EquipmentConnections,Thermal Zone: Space 105 LAB A,4,Zone Air Exhaust Node or NodeList Name,,True,6449
314,ZoneHVAC:EquipmentConnections,Thermal Zone: Space 105 LAB A,5,Zone Air Node Name,Thermal Zone: Space 105 LAB A Zone Air Node,False,6450
314,ZoneHVAC:EquipmentConnections,Thermal Zone: Space 105 LAB A,6,Zone Return Air Node or NodeList Name,Thermal Zone: Space 105 LAB A Return Outlet,False,6451
315,Fan:VariableVolume,DXVAV Sys 1 Return Fan,1,Name,DXVAV Sys 1 Return Fan,False,6457
315,Fan:VariableVolume,DXVAV Sys 1 Return Fan,2,Availability Schedule Name,AvailSched_1,False,6458
315,Fan:VariableVolume,DXVAV Sys 1 Return Fan,3,Fan Total Efficiency,0.3,False,6459
315,Fan:VariableVolume,DXVAV Sys 1 Return Fan,4,Pressure Rise {Pa},1389.42,False,6460
315,Fan:VariableVolume,DXVAV Sys 1 Return Fan,5,Maximum Flow Rate {m3/s},autosize,False,6461
315,Fan:VariableVolume,DXVAV Sys 1 Return Fan,6,Fan Power Minimum Flow Rate Input Method,Fraction,False,6462
315,Fan:VariableVolume,DXVAV Sys 1 Return Fan,7,Fan Power Minimum Flow Fraction,0.4,False,6463
315,Fan:VariableVolume,DXVAV Sys 1 Return Fan,8,Fan Power Minimum Air Flow Rate {m3/s},,True,6464
315,Fan:VariableVolume,DXVAV Sys 1 Return Fan,9,Motor Efficiency,0.85,False,6465
315,Fan:VariableVolume,DXVAV Sys 1 Return Fan,10,Motor In Airstream Fraction,1,False,6466
315,Fan:VariableVolume,DXVAV Sys 1 Return Fan,11,Fan Power Coefficient 1,0.0408,False,6467
315,Fan:VariableVolume,DXVAV Sys 1 Return Fan,12,Fan Power Coefficient 2,0.088,False,6468
315,Fan:VariableVolume,DXVAV Sys 1 Return Fan,13,Fan Power Coefficient 3,-.0729,False,6469
315,Fan:VariableVolume,DXVAV Sys 1 Return Fan,14,Fan Power Coefficient 4,0.9437,False,6470
315,Fan:VariableVolume,DXVAV Sys 1 Return Fan,15,Fan Power Coefficient 5,0,False,6471
315,Fan:VariableVolume,DXVAV Sys 1 Return Fan,16,Air Inlet Node Name,DXVAV Sys 1 Air Loop Inlet,False,6472
315,Fan:VariableVolume,DXVAV Sys 1 Return Fan,17,Air Outlet Node Name,DXVAV Sys 1 Return Fan Outlet,False,6473
316,Fan:VariableVolume,DXVAV Sys 1 Supply Fan,1,Name,DXVAV Sys 1 Supply Fan,False,6476
316,Fan:VariableVolume,DXVAV Sys 1 Supply Fan,2,Availability Schedule Name,AvailSched_1,False,6477
316,Fan:VariableVolume,DXVAV Sys 1 Supply Fan,3,Fan Total Efficiency,0.43,False,6478
316,Fan:VariableVolume,DXVAV Sys 1 Supply Fan,4,Pressure Rise {Pa},1389.42,False,6479
316,Fan:VariableVolume,DXVAV Sys 1 Supply Fan,5,Maximum Flow Rate {m3/s},autosize,False,6480
316,Fan:VariableVolume,DXVAV Sys 1 Supply Fan,6,Fan Power Minimum Flow Rate Input Method,Fraction,False,6481
316,Fan:VariableVolume,DXVAV Sys 1 Supply Fan,7,Fan Power Minimum Flow Fraction,0.4,False,6482
316,Fan:VariableVolume,DXVAV Sys 1 Supply Fan,8,Fan Power Minimum Air Flow Rate {m3/s},,True,6483
316,Fan:VariableVolume,DXVAV Sys 1 Supply Fan,9,Motor Efficiency,0.815,False,6484
316,Fan:VariableVolume,DXVAV Sys 1 Supply Fan,10,Motor In Airstream Fraction,1,False,6485
316,Fan:VariableVolume,DXVAV Sys 1 Supply Fan,11,Fan Power Coefficient 1,0.0408,False,6486
316,Fan:VariableVolume,DXVAV Sys 1 Supply Fan,12,Fan Power Coefficient 2,0.088,False,6487
316,Fan:VariableVolume,DXVAV Sys 1 Supply Fan,13,Fan Power Coefficient 3,-.0729,False,6488
316,Fan:VariableVolume,DXVAV Sys 1 Supply Fan,14,Fan Power Coefficient 4,0.9437,False,6489
316,Fan:VariableVolume,DXVAV Sys 1 Supply Fan,15,Fan Power Coefficient 5,0,False,6490
316,Fan:VariableVolume,DXVAV Sys 1 Supply Fan,16,Air Inlet Node Name,DXVAV Sys 1 Heating Coil Outlet,False,6491
316,Fan:VariableVolume,DXVAV Sys 1 Supply Fan,17,Air Outlet Node Name,DXVAV Sys 1 Supply Fan Outlet,False,6492
317,Coil:Cooling:DX:TwoSpeed,DXVAV Sys 1 Cooling Coil,1,Name,DXVAV Sys 1 Cooling Coil,False,6498
317,Coil:Cooling:DX:TwoSpeed,DXVAV Sys 1 Cooling Coil,2,Availability Schedule Name,,True,6499
317,Coil:Cooling:DX:TwoSpeed,DXVAV Sys 1 Cooling Coil,3,High Speed Gross Rated Total Cooling Capacity {W},autosize,False,6500
317,Coil:Cooling:DX:TwoSpeed,DXVAV Sys 1 Cooling Coil,4,High Speed Rated Sensible Heat Ratio,autosize,False,6501
317,Coil:Cooling:DX:TwoSpeed,DXVAV Sys 1 Cooling Coil,5,High Speed Gross Rated Cooling COP {W/W},3.28,False,6502
317,Coil:Cooling:DX:TwoSpeed,DXVAV Sys 1 Cooling Coil,6,High Speed Rated Air Flow Rate {m3/s},autosize,False,6503
317,Coil:Cooling:DX:TwoSpeed,DXVAV Sys 1 Cooling Coil,7,Unit Internal Static Air Pressure {Pa},,True,6504
317,Coil:Cooling:DX:TwoSpeed,DXVAV Sys 1 Cooling Coil,8,Air Inlet Node Name,DXVAV Sys 1 Mixed Air Outlet,False,6505
317,Coil:Cooling:DX:TwoSpeed,DXVAV Sys 1 Cooling Coil,9,Air Outlet Node Name,DXVAV Sys 1 Cooling Coil Outlet,False,6506
317,Coil:Cooling:DX:TwoSpeed,DXVAV Sys 1 Cooling Coil,10,Total Cooling Capacity Function of Temperature Curve Name,DXVAV Sys 1 DX Coil Cap-FT,False,6507
317,Coil:Cooling:DX:TwoSpeed,DXVAV Sys 1 Cooling Coil,11,Total Cooling Capacity Function of Flow Fraction Curve Name,DXVAV Sys 1 DX Coil Cap-FF,False,6508
317,Coil:Cooling:DX:TwoSpeed,DXVAV Sys 1 Cooling Coil,12,Energy Input Ratio Function of Temperature Curve Name,DXVAV Sys 1 DX Coil EIR-FT,False,6509
317,Coil:Cooling:DX:TwoSpeed,DXVAV Sys 1 Cooling Coil,13,Energy Input Ratio Function of Flow Fraction Curve Name,DXVAV Sys 1 DX Coil EIR-FF,False,6510
317,Coil:Cooling:DX:TwoSpeed,DXVAV Sys 1 Cooling Coil,14,Part Load Fraction Correlation Curve Name,DXVAV Sys 1 DX Coil PLF,False,6511
317,Coil:Cooling:DX:TwoSpeed,DXVAV Sys 1 Cooling Coil,15,Low Speed Gross Rated Total Cooling Capacity {W},autosize,False,6512
317,Coil:Cooling:DX:TwoSpeed,DXVAV Sys 1 Cooling Coil,16,Low Speed Gross Rated Sensible Heat Ratio,autosize,False,6513
317,Coil:Cooling:DX:TwoSpeed,DXVAV Sys 1 Cooling Coil,17,Low Speed Gross Rated Cooling COP {W/W},3.28,False,6514
317,Coil:Cooling:DX:TwoSpeed,DXVAV Sys 1 Cooling Coil,18,Low Speed Rated Air Flow Rate {m3/s},autosize,False,6515
317,Coil:Cooling:DX:TwoSpeed,DXVAV Sys 1 Cooling Coil,19,Low Speed Total Cooling Capacity Function of Temperature Curve Name,DXVAV Sys 1 DX Coil Low Cap-FT,False,6516
317,Coil:Cooling:DX:TwoSpeed,DXVAV Sys 1 Cooling Coil,20,Low Speed Energy Input Ratio Function of Temperature Curve Name,DXVAV Sys 1 DX Coil Low EIR-FT,False,6517
317,Coil:Cooling:DX:TwoSpeed,DXVAV Sys 1 Cooling Coil,21,Condenser Air Inlet Node Name,,True,6518
317,Coil:Cooling:DX:TwoSpeed,DXVAV Sys 1 Cooling Coil,22,Condenser Type,AirCooled,False,6519
317,Coil:Cooling:DX:TwoSpeed,DXVAV Sys 1 Cooling Coil,23,Minimum Outdoor Dry-Bulb Temperature for Compressor Operation {C},-25,False,6520
317,Coil:Cooling:DX:TwoSpeed,DXVAV Sys 1 Cooling Coil,24,High Speed Evaporative Condenser Effectiveness {dimensionless},,True,6521
317,Coil:Cooling:DX:TwoSpeed,DXVAV Sys 1 Cooling Coil,25,High Speed Evaporative Condenser Air Flow Rate {m3/s},,True,6522
317,Coil:Cooling:DX:TwoSpeed,DXVAV Sys 1 Cooling Coil,26,High Speed Evaporative Condenser Pump Rated Power Consumption {W},,True,6523
317,Coil:Cooling:DX:TwoSpeed,DXVAV Sys 1 Cooling Coil,27,Low Speed Evaporative Condenser Effectiveness {dimensionless},,True,6524
317,Coil:Cooling:DX:TwoSpeed,DXVAV Sys 1 Cooling Coil,28,Low Speed Evaporative Condenser Air Flow Rate {m3/s},,True,6525
317,Coil:Cooling:DX:TwoSpeed,DXVAV Sys 1 Cooling Coil,29,Low Speed Evaporative Condenser Pump Rated Power Consumption {W},,True,6526
317,Coil:Cooling:DX:TwoSpeed,DXVAV Sys 1 Cooling Coil,30,Supply Water Storage Tank Name,,True,6527
317,Coil:Cooling:DX:TwoSpeed,DXVAV Sys 1 Cooling Coil,31,Condensate Collection Water Storage Tank Name,,True,6528
317,Coil:Cooling:DX:TwoSpeed,DXVAV Sys 1 Cooling Coil,32,Basin Heater Capacity {W/K},,True,6529
317,Coil:Cooling:DX:TwoSpeed,DXVAV Sys 1 Cooling Coil,33,Basin Heater Setpoint Temperature {C},2,False,6530
318,Coil:Heating:Electric,Thermal Zone: Space 103 LAB B Reheat Coil,1,Name,Thermal Zone: Space 103 LAB B Reheat Coil,False,6536
318,Coil:Heating:Electric,Thermal Zone: Space 103 LAB B Reheat Coil,2,Availability Schedule Name,AvailSched_1,False,6537
318,Coil:Heating:Electric,Thermal Zone: Space 103 LAB B Reheat Coil,3,Efficiency,1,False,6538
318,Coil:Heating:Electric,Thermal Zone: Space 103 LAB B Reheat Coil,4,Nominal Capacity {W},autosize,False,6539
318,Coil:Heating:Electric,Thermal Zone: Space 103 LAB B Reheat Coil,5,Air Inlet Node Name,Thermal Zone: Space 103 LAB B Damper Outlet,False,6540
318,Coil:Heating:Electric,Thermal Zone: Space 103 LAB B Reheat Coil,6,Air Outlet Node Name,Thermal Zone: Space 103 LAB B Supply Inlet,False,6541
319,Coil:Heating:Electric,Thermal Zone: Space 102 - Plus Reheat Coil,1,Name,Thermal Zone: Space 102 - Plus Reheat Coil,False,6544
319,Coil:Heating:Electric,Thermal Zone: Space 102 - Plus Reheat Coil,2,Availability Schedule Name,AvailSched_1,False,6545
319,Coil:Heating:Electric,Thermal Zone: Space 102 - Plus Reheat Coil,3,Efficiency,1,False,6546
319,Coil:Heating:Electric,Thermal Zone: Space 102 - Plus Reheat Coil,4,Nominal Capacity {W},autosize,False,6547
319,Coil:Heating:Electric,Thermal Zone: Space 102 - Plus Reheat Coil,5,Air Inlet Node Name,Thermal Zone: Space 102 - Plus Damper Outlet,False,6548
319,Coil:Heating:Electric,Thermal Zone: Space 102 - Plus Reheat Coil,6,Air Outlet Node Name,Thermal Zone: Space 102 - Plus Supply Inlet,False,6549
320,Coil:Heating:Electric,Thermal Zone: Space 105 LAB A Reheat Coil,1,Name,Thermal Zone: Space 105 LAB A Reheat Coil,False,6552
320,Coil:Heating:Electric,Thermal Zone: Space 105 LAB A Reheat Coil,2,Availability Schedule Name,AvailSched_1,False,6553
320,Coil:Heating:Electric,Thermal Zone: Space 105 LAB A Reheat Coil,3,Efficiency,1,False,6554
320,Coil:Heating:Electric,Thermal Zone: Space 105 LAB A Reheat Coil,4,Nominal Capacity {W},autosize,False,6555
320,Coil:Heating:Electric,Thermal Zone: Space 105 LAB A Reheat Coil,5,Air Inlet Node Name,Thermal Zone: Space 105 LAB A Damper Outlet,False,6556
320,Coil:Heating:Electric,Thermal Zone: Space 105 LAB A Reheat Coil,6,Air Outlet Node Name,Thermal Zone: Space 105 LAB A Supply Inlet,False,6557
321,Coil:Heating:Electric,DXVAV Sys 1 Heating Coil,1,Name,DXVAV Sys 1 Heating Coil,False,6560
321,Coil:Heating:Electric,DXVAV Sys 1 Heating Coil,2,Availability Schedule Name,AvailSched_1,False,6561
321,Coil:Heating:Electric,DXVAV Sys 1 Heating Coil,3,Efficiency,1,False,6562
321,Coil:Heating:Electric,DXVAV Sys 1 Heating Coil,4,Nominal Capacity {W},15000,False,6563
321,Coil:Heating:Electric,DXVAV Sys 1 Heating Coil,5,Air Inlet Node Name,DXVAV Sys 1 Cooling Coil Outlet,False,6564
321,Coil:Heating:Electric,DXVAV Sys 1 Heating Coil,6,Air Outlet Node Name,DXVAV Sys 1 Heating Coil Outlet,False,6565
321,Coil:Heating:Electric,DXVAV Sys 1 Heating Coil,7,Temperature Setpoint Node Name,DXVAV Sys 1 Heating Coil Outlet,False,6566
322,CoilSystem:Cooling:DX,DXVAV Sys 1 System,1,Name,DXVAV Sys 1 System,False,6572
322,CoilSystem:Cooling:DX,DXVAV Sys 1 System,2,Availability Schedule Name,,True,6573
322,CoilSystem:Cooling:DX,DXVAV Sys 1 System,3,DX Cooling Coil System Inlet Node Name,DXVAV Sys 1 Mixed Air Outlet,False,6574
322,CoilSystem:Cooling:DX,DXVAV Sys 1 System,4,DX Cooling Coil System Outlet Node Name,DXVAV Sys 1 Cooling Coil Outlet,False,6575
322,CoilSystem:Cooling:DX,DXVAV Sys 1 System,5,DX Cooling Coil System Sensor Node Name,DXVAV Sys 1 Cooling Coil Outlet,False,6576
322,CoilSystem:Cooling:DX,DXVAV Sys 1 System,6,Cooling Coil Object Type,Coil:Cooling:DX:TwoSpeed,False,6577
322,CoilSystem:Cooling:DX,DXVAV Sys 1 System,7,Cooling Coil Name,DXVAV Sys 1 Cooling Coil,False,6578
322,CoilSystem:Cooling:DX,DXVAV Sys 1 System,8,Dehumidification Control Type,None,False,6579
322,CoilSystem:Cooling:DX,DXVAV Sys 1 System,9,Run on Sensible Load,Yes,False,6580
322,CoilSystem:Cooling:DX,DXVAV Sys 1 System,10,Run on Latent Load,No,False,6581
323,Controller:OutdoorAir,DXVAV Sys 1 OA Controller,1,Name,DXVAV Sys 1 OA Controller,False,6587
323,Controller:OutdoorAir,DXVAV Sys 1 OA Controller,2,Relief Air Outlet Node Name,DXVAV Sys 1 Relief Air Outlet,False,6588
323,Controller:OutdoorAir,DXVAV Sys 1 OA Controller,3,Return Air Node Name,DXVAV Sys 1 Return Fan Outlet,False,6589
323,Controller:OutdoorAir,DXVAV Sys 1 OA Controller,4,Mixed Air Node Name,DXVAV Sys 1 Mixed Air Outlet,False,6590
323,Controller:OutdoorAir,DXVAV Sys 1 OA Controller,5,Actuator Node Name,DXVAV Sys 1 Outside Air Inlet,False,6591
323,Controller:OutdoorAir,DXVAV Sys 1 OA Controller,6,Minimum Outdoor Air Flow Rate {m3/s},0.0,False,6592
323,Controller:OutdoorAir,DXVAV Sys 1 OA Controller,7,Maximum Outdoor Air Flow Rate {m3/s},autosize,False,6593
323,Controller:OutdoorAir,DXVAV Sys 1 OA Controller,8,Economizer Control Type,FixedDryBulb,False,6594
323,Controller:OutdoorAir,DXVAV Sys 1 OA Controller,9,Economizer Control Action Type,ModulateFlow,False,6595
323,Controller:OutdoorAir,DXVAV Sys 1 OA Controller,10,Economizer Maximum Limit Dry-Bulb Temperature {C},12.7778,False,6596
323,Controller:OutdoorAir,DXVAV Sys 1 OA Controller,11,Economizer Maximum Limit Enthalpy {J/kg},,True,6597
323,Controller:OutdoorAir,DXVAV Sys 1 OA Controller,12,Economizer Maximum Limit Dewpoint Temperature {C},,True,6598
323,Controller:OutdoorAir,DXVAV Sys 1 OA Controller,13,Electronic Enthalpy Limit Curve Name,,True,6599
323,Controller:OutdoorAir,DXVAV Sys 1 OA Controller,14,Economizer Minimum Limit Dry-Bulb Temperature {C},4,False,6600
323,Controller:OutdoorAir,DXVAV Sys 1 OA Controller,15,Lockout Type,NoLockout,False,6601
323,Controller:OutdoorAir,DXVAV Sys 1 OA Controller,16,Minimum Limit Type,FixedMinimum,False,6602
323,Controller:OutdoorAir,DXVAV Sys 1 OA Controller,17,Minimum Outdoor Air Schedule Name,Min OA Sched,False,6603
323,Controller:OutdoorAir,DXVAV Sys 1 OA Controller,18,Minimum Fraction of Outdoor Air Schedule Name,,True,6604
323,Controller:OutdoorAir,DXVAV Sys 1 OA Controller,19,Maximum Fraction of Outdoor Air Schedule Name,,True,6605
323,Controller:OutdoorAir,DXVAV Sys 1 OA Controller,20,Mechanical Ventilation Controller Name,HIBO Multizone Ventilation Controller,False,6606
324,Controller:MechanicalVentilation,HIBO Multizone Ventilation Controller,1,Name,HIBO Multizone Ventilation Controller,False,6612
324,Controller:MechanicalVentilation,HIBO Multizone Ventilation Controller,2,Availability Schedule Name,Min OA Sched,False,6613
324,Controller:MechanicalVentilation,HIBO Multizone Ventilation Controller,3,Demand Controlled Ventilation,No,False,6614
324,Controller:MechanicalVentilation,HIBO Multizone Ventilation Controller,4,System Outdoor Air Method,Standard62.1VentilationRateProcedure,False,6615
324,Controller:MechanicalVentilation,HIBO Multizone Ventilation Controller,5,Zone Maximum Outdoor Air Fraction {dimensionless},1.0,False,6616
324,Controller:MechanicalVentilation,HIBO Multizone Ventilation Controller,6,Zone or ZoneList 1 Name,Thermal Zone: Space 103 LAB B,False,6617
324,Controller:MechanicalVentilation,HIBO Multizone Ventilation Controller,7,Design Specification Outdoor Air Object Name 1,SZ DSOA Thermal Zone: Space 103 LAB B,False,6618
324,Controller:MechanicalVentilation,HIBO Multizone Ventilation Controller,8,Design Specification Zone Air Distribution Object Name 1,SZ DSZAD Thermal Zone: Space 103 LAB B,False,6619
324,Controller:MechanicalVentilation,HIBO Multizone Ventilation Controller,9,Zone or ZoneList 2 Name,Thermal Zone: Space 102 - Plus,False,6620
324,Controller:MechanicalVentilation,HIBO Multizone Ventilation Controller,10,Design Specification Outdoor Air Object Name 2,SZ DSOA Thermal Zone: Space 102 - Plus,False,6621
324,Controller:MechanicalVentilation,HIBO Multizone Ventilation Controller,11,Design Specification Zone Air Distribution Object Name 2,SZ DSZAD Thermal Zone: Space 102 - Plus,False,6622
324,Controller:MechanicalVentilation,HIBO Multizone Ventilation Controller,12,Zone or ZoneList 3 Name,Thermal Zone: Space 105 LAB A,False,6623
324,Controller:MechanicalVentilation,HIBO Multizone Ventilation Controller,13,Design Specification Outdoor Air Object Name 3,SZ DSOA Thermal Zone: Space 105 LAB A,False,6624
324,Controller:MechanicalVentilation,HIBO Multizone Ventilation Controller,14,Design Specification Zone Air Distribution Object Name 3,SZ DSZAD Thermal Zone: Space 105 LAB A,False,6625
325,AirLoopHVAC:ControllerList,DXVAV Sys 1 OA System Controllers,1,Name,DXVAV Sys 1 OA System Controllers,False,6631
325,AirLoopHVAC:ControllerList,DXVAV Sys 1 OA System Controllers,2,Controller 1 Object Type,Controller:OutdoorAir,False,6632
325,AirLoopHVAC:ControllerList,DXVAV Sys 1 OA System Controllers,3,Controller 1 Name,DXVAV Sys 1 OA Controller,False,6633
326,AirLoopHVAC,DXVAV Sys 1,1,Name,DXVAV Sys 1,False,6639
326,AirLoopHVAC,DXVAV Sys 1,2,Controller List Name,,True,6640
326,AirLoopHVAC,DXVAV Sys 1,3,Availability Manager List Name,DXVAV Sys 1 Availability Managers,False,6641
326,AirLoopHVAC,DXVAV Sys 1,4,Design Supply Air Flow Rate {m3/s},autosize,False,6642
326,AirLoopHVAC,DXVAV Sys 1,5,Branch List Name,DXVAV Sys 1 Branches,False,6643
326,AirLoopHVAC,DXVAV Sys 1,6,Connector List Name,,True,6644
326,AirLoopHVAC,DXVAV Sys 1,7,Supply Side Inlet Node Name,DXVAV Sys 1 Air Loop Inlet,False,6645
326,AirLoopHVAC,DXVAV Sys 1,8,Demand Side Outlet Node Name,DXVAV Sys 1 Return Air Outlet,False,6646
326,AirLoopHVAC,DXVAV Sys 1,9,Demand Side Inlet Node Names,DXVAV Sys 1 Supply Path Inlet,False,6647
326,AirLoopHVAC,DXVAV Sys 1,10,Supply Side Outlet Node Names,DXVAV Sys 1 Supply Fan Outlet,False,6648
327,AirLoopHVAC:OutdoorAirSystem:EquipmentList,DXVAV Sys 1 OA System Equipment,1,Name,DXVAV Sys 1 OA System Equipment,False,6654
327,AirLoopHVAC:OutdoorAirSystem:EquipmentList,DXVAV Sys 1 OA System Equipment,2,Component 1 Object Type,OutdoorAir:Mixer,False,6655
327,AirLoopHVAC:OutdoorAirSystem:EquipmentList,DXVAV Sys 1 OA System Equipment,3,Component 1 Name,DXVAV Sys 1 OA Mixing Box,False,6656
328,AirLoopHVAC:OutdoorAirSystem,DXVAV Sys 1 OA System,1,Name,DXVAV Sys 1 OA System,False,6662
328,AirLoopHVAC:OutdoorAirSystem,DXVAV Sys 1 OA System,2,Controller List Name,DXVAV Sys 1 OA System Controllers,False,6663
328,AirLoopHVAC:OutdoorAirSystem,DXVAV Sys 1 OA System,3,Outdoor Air Equipment List Name,DXVAV Sys 1 OA System Equipment,False,6664
329,OutdoorAir:Mixer,DXVAV Sys 1 OA Mixing Box,1,Name,DXVAV Sys 1 OA Mixing Box,False,6670
329,OutdoorAir:Mixer,DXVAV Sys 1 OA Mixing Box,2,Mixed Air Node Name,DXVAV Sys 1 Mixed Air Outlet,False,6671
329,OutdoorAir:Mixer,DXVAV Sys 1 OA Mixing Box,3,Outdoor Air Stream Node Name,DXVAV Sys 1 Outside Air Inlet,False,6672
329,OutdoorAir:Mixer,DXVAV Sys 1 OA Mixing Box,4,Relief Air Stream Node Name,DXVAV Sys 1 Relief Air Outlet,False,6673
329,OutdoorAir:Mixer,DXVAV Sys 1 OA Mixing Box,5,Return Air Stream Node Name,DXVAV Sys 1 Return Fan Outlet,False,6674
330,AirLoopHVAC:ZoneSplitter,DXVAV Sys 1 Zone Splitter,1,Name,DXVAV Sys 1 Zone Splitter,False,6680
330,AirLoopHVAC:ZoneSplitter,DXVAV Sys 1 Zone Splitter,2,Inlet Node Name,DXVAV Sys 1 Supply Path Inlet,False,6681
330,AirLoopHVAC:ZoneSplitter,DXVAV Sys 1 Zone Splitter,3,Outlet 1 Node Name,Thermal Zone: Space 103 LAB B Zone Equip Inlet,False,6682
330,AirLoopHVAC:ZoneSplitter,DXVAV Sys 1 Zone Splitter,4,Outlet 2 Node Name,Thermal Zone: Space 102 - Plus Zone Equip Inlet,False,6683
330,AirLoopHVAC:ZoneSplitter,DXVAV Sys 1 Zone Splitter,5,Outlet 3 Node Name,Thermal Zone: Space 105 LAB A Zone Equip Inlet,False,6684
331,AirLoopHVAC:SupplyPath,DXVAV Sys 1 Supply Path,1,Name,DXVAV Sys 1 Supply Path,False,6690
331,AirLoopHVAC:SupplyPath,DXVAV Sys 1 Supply Path,2,Supply Air Path Inlet Node Name,DXVAV Sys 1 Supply Path Inlet,False,6691
331,AirLoopHVAC:SupplyPath,DXVAV Sys 1 Supply Path,3,Component 1 Object Type,AirLoopHVAC:ZoneSplitter,False,6692
331,AirLoopHVAC:SupplyPath,DXVAV Sys 1 Supply Path,4,Component 1 Name,DXVAV Sys 1 Zone Splitter,False,6693
332,AirLoopHVAC:ReturnPlenum,DXVAV Sys 1 Return Plenum,1,Name,DXVAV Sys 1 Return Plenum,False,6699
332,AirLoopHVAC:ReturnPlenum,DXVAV Sys 1 Return Plenum,2,Zone Name,Thermal Zone: Plenum,False,6700
332,AirLoopHVAC:ReturnPlenum,DXVAV Sys 1 Return Plenum,3,Zone Node Name,Thermal Zone: Plenum Zone Air Node,False,6701
332,AirLoopHVAC:ReturnPlenum,DXVAV Sys 1 Return Plenum,4,Outlet Node Name,DXVAV Sys 1 Return Air Outlet,False,6702
332,AirLoopHVAC:ReturnPlenum,DXVAV Sys 1 Return Plenum,5,Induced Air Outlet Node or NodeList Name,,True,6703
332,AirLoopHVAC:ReturnPlenum,DXVAV Sys 1 Return Plenum,6,Inlet 1 Node Name,Thermal Zone: Space 103 LAB B Return Outlet,False,6704
332,AirLoopHVAC:ReturnPlenum,DXVAV Sys 1 Return Plenum,7,Inlet 2 Node Name,Thermal Zone: Space 102 - Plus Return Outlet,False,6705
332,AirLoopHVAC:ReturnPlenum,DXVAV Sys 1 Return Plenum,8,Inlet 3 Node Name,Thermal Zone: Space 105 LAB A Return Outlet,False,6706
333,AirLoopHVAC:ReturnPath,DXVAV Sys 1 Return Path,1,Name,DXVAV Sys 1 Return Path,False,6712
333,AirLoopHVAC:ReturnPath,DXVAV Sys 1 Return Path,2,Return Air Path Outlet Node Name,DXVAV Sys 1 Return Air Outlet,False,6713
333,AirLoopHVAC:ReturnPath,DXVAV Sys 1 Return Path,3,Component 1 Object Type,AirLoopHVAC:ReturnPlenum,False,6714
333,AirLoopHVAC:ReturnPath,DXVAV Sys 1 Return Path,4,Component 1 Name,DXVAV Sys 1 Return Plenum,False,6715
334,Branch,DXVAV Sys 1 Main Branch,1,Name,DXVAV Sys 1 Main Branch,False,6721
334,Branch,DXVAV Sys 1 Main Branch,2,Pressure Drop Curve Name,,True,6722
334,Branch,DXVAV Sys 1 Main Branch,3,Component 1 Object Type,Fan:VariableVolume,False,6723
334,Branch,DXVAV Sys 1 Main Branch,4,Component 1 Name,DXVAV Sys 1 Return Fan,False,6724
334,Branch,DXVAV Sys 1 Main Branch,5,Component 1 Inlet Node Name,DXVAV Sys 1 Air Loop Inlet,False,6725
334,Branch,DXVAV Sys 1 Main Branch,6,Component 1 Outlet Node Name,DXVAV Sys 1 Return Fan Outlet,False,6726
334,Branch,DXVAV Sys 1 Main Branch,7,Component 2 Object Type,AirLoopHVAC:OutdoorAirSystem,False,6727
334,Branch,DXVAV Sys 1 Main Branch,8,Component 2 Name,DXVAV Sys 1 OA System,False,6728
334,Branch,DXVAV Sys 1 Main Branch,9,Component 2 Inlet Node Name,DXVAV Sys 1 Return Fan Outlet,False,6729
334,Branch,DXVAV Sys 1 Main Branch,10,Component 2 Outlet Node Name,DXVAV Sys 1 Mixed Air Outlet,False,6730
334,Branch,DXVAV Sys 1 Main Branch,11,Component 3 Object Type,CoilSystem:Cooling:DX,False,6731
334,Branch,DXVAV Sys 1 Main Branch,12,Component 3 Name,DXVAV Sys 1 System,False,6732
334,Branch,DXVAV Sys 1 Main Branch,13,Component 3 Inlet Node Name,DXVAV Sys 1 Mixed Air Outlet,False,6733
334,Branch,DXVAV Sys 1 Main Branch,14,Component 3 Outlet Node Name,DXVAV Sys 1 Cooling Coil Outlet,False,6734
334,Branch,DXVAV Sys 1 Main Branch,15,Component 4 Object Type,Coil:Heating:Electric,False,6735
334,Branch,DXVAV Sys 1 Main Branch,16,Component 4 Name,DXVAV Sys 1 Heating Coil,False,6736
334,Branch,DXVAV Sys 1 Main Branch,17,Component 4 Inlet Node Name,DXVAV Sys 1 Cooling Coil Outlet,False,6737
334,Branch,DXVAV Sys 1 Main Branch,18,Component 4 Outlet Node Name,DXVAV Sys 1 Heating Coil Outlet,False,6738
334,Branch,DXVAV Sys 1 Main Branch,19,Component 5 Object Type,Fan:VariableVolume,False,6739
334,Branch,DXVAV Sys 1 Main Branch,20,Component 5 Name,DXVAV Sys 1 Supply Fan,False,6740
334,Branch,DXVAV Sys 1 Main Branch,21,Component 5 Inlet Node Name,DXVAV Sys 1 Heating Coil Outlet,False,6741
334,Branch,DXVAV Sys 1 Main Branch,22,Component 5 Outlet Node Name,DXVAV Sys 1 Supply Fan Outlet,False,6742
335,BranchList,DXVAV Sys 1 Branches,1,Name,DXVAV Sys 1 Branches,False,6748
335,BranchList,DXVAV Sys 1 Branches,2,Branch 1 Name,DXVAV Sys 1 Main Branch,False,6749
336,NodeList,DXVAV Sys 1 Mixed Air Nodes,1,Name,DXVAV Sys 1 Mixed Air Nodes,False,6755
336,NodeList,DXVAV Sys 1 Mixed Air Nodes,2,Node 1 Name,DXVAV Sys 1 Cooling Coil Outlet,False,6756
336,NodeList,DXVAV Sys 1 Mixed Air Nodes,3,Node 2 Name,DXVAV Sys 1 Mixed Air Outlet,False,6757
337,NodeList,DXVAV Sys 1 SAT Setpoint Nodes,1,Name,DXVAV Sys 1 SAT Setpoint Nodes,False,6760
337,NodeList,DXVAV Sys 1 SAT Setpoint Nodes,2,Node 1 Name,DXVAV Sys 1 Supply Path Inlet,False,6761
337,NodeList,DXVAV Sys 1 SAT Setpoint Nodes,3,Node 2 Name,DXVAV Sys 1 Supply Fan Outlet,False,6762
338,OutdoorAir:Node,DXVAV Sys 1 Outside Air Inlet,1,Name,DXVAV Sys 1 Outside Air Inlet,False,6768
339,AvailabilityManager:NightCycle,DXVAV Sys 1 Availability,1,Name,DXVAV Sys 1 Availability,False,6774
339,AvailabilityManager:NightCycle,DXVAV Sys 1 Availability,2,Applicability Schedule Name,HVACTemplate-Always 1,False,6775
339,AvailabilityManager:NightCycle,DXVAV Sys 1 Availability,3,Fan Schedule Name,AvailSched_1,False,6776
339,AvailabilityManager:NightCycle,DXVAV Sys 1 Availability,4,Control Type,StayOff,False,6777
339,AvailabilityManager:NightCycle,DXVAV Sys 1 Availability,5,Thermostat Tolerance {deltaC},1,False,6778
339,AvailabilityManager:NightCycle,DXVAV Sys 1 Availability,6,Cycling Run Time Control Type,FixedRunTime,False,6779
339,AvailabilityManager:NightCycle,DXVAV Sys 1 Availability,7,Cycling Run Time {s},1800,False,6780
340,AvailabilityManagerAssignmentList,DXVAV Sys 1 Availability Managers,1,Name,DXVAV Sys 1 Availability Managers,False,6786
340,AvailabilityManagerAssignmentList,DXVAV Sys 1 Availability Managers,2,Availability Manager 1 Object Type,AvailabilityManager:NightCycle,False,6787
340,AvailabilityManagerAssignmentList,DXVAV Sys 1 Availability Managers,3,Availability Manager 1 Name,DXVAV Sys 1 Availability,False,6788
341,SetpointManager:MixedAir,DXVAV Sys 1 Cooling Coil Air Temp Manager,1,Name,DXVAV Sys 1 Cooling Coil Air Temp Manager,False,6794
341,SetpointManager:MixedAir,DXVAV Sys 1 Cooling Coil Air Temp Manager,2,Control Variable,Temperature,False,6795
341,SetpointManager:MixedAir,DXVAV Sys 1 Cooling Coil Air Temp Manager,3,Reference Setpoint Node Name,DXVAV Sys 1 Supply Fan Outlet,False,6796
341,SetpointManager:MixedAir,DXVAV Sys 1 Cooling Coil Air Temp Manager,4,Fan Inlet Node Name,DXVAV Sys 1 Heating Coil Outlet,False,6797
341,SetpointManager:MixedAir,DXVAV Sys 1 Cooling Coil Air Temp Manager,5,Fan Outlet Node Name,DXVAV Sys 1 Supply Fan Outlet,False,6798
341,SetpointManager:MixedAir,DXVAV Sys 1 Cooling Coil Air Temp Manager,6,Setpoint Node or NodeList Name,DXVAV Sys 1 Mixed Air Nodes,False,6799
342,SetpointManager:MixedAir,DXVAV Sys 1 Heating Coil Air Temp Manager,1,Name,DXVAV Sys 1 Heating Coil Air Temp Manager,False,6802
342,SetpointManager:MixedAir,DXVAV Sys 1 Heating Coil Air Temp Manager,2,Control Variable,Temperature,False,6803
342,SetpointManager:MixedAir,DXVAV Sys 1 Heating Coil Air Temp Manager,3,Reference Setpoint Node Name,DXVAV Sys 1 Supply Path Inlet,False,6804
342,SetpointManager:MixedAir,DXVAV Sys 1 Heating Coil Air Temp Manager,4,Fan Inlet Node Name,DXVAV Sys 1 Heating Coil Outlet,False,6805
342,SetpointManager:MixedAir,DXVAV Sys 1 Heating Coil Air Temp Manager,5,Fan Outlet Node Name,DXVAV Sys 1 Supply Fan Outlet,False,6806
342,SetpointManager:MixedAir,DXVAV Sys 1 Heating Coil Air Temp Manager,6,Setpoint Node or NodeList Name,DXVAV Sys 1 Heating Coil Outlet,False,6807
343,SetpointManager:Warmest,DXVAV Sys 1 SAT Reset Manager,1,Name,DXVAV Sys 1 SAT Reset Manager,False,6813
343,SetpointManager:Warmest,DXVAV Sys 1 SAT Reset Manager,2,Control Variable,Temperature,False,6814
343,SetpointManager:Warmest,DXVAV Sys 1 SAT Reset Manager,3,HVAC Air Loop Name,DXVAV Sys 1,False,6815
343,SetpointManager:Warmest,DXVAV Sys 1 SAT Reset Manager,4,Minimum Setpoint Temperature {C},12,False,6816
343,SetpointManager:Warmest,DXVAV Sys 1 SAT Reset Manager,5,Maximum Setpoint Temperature {C},17.7,False,6817
343,SetpointManager:Warmest,DXVAV Sys 1 SAT Reset Manager,6,Strategy,MaximumTemperature,False,6818
343,SetpointManager:Warmest,DXVAV Sys 1 SAT Reset Manager,7,Setpoint Node or NodeList Name,DXVAV Sys 1 SAT Setpoint Nodes,False,6819
344,Curve:Quadratic,DXVAV Sys 1 DX Coil PLF,1,Name,DXVAV Sys 1 DX Coil PLF,False,6825
344,Curve:Quadratic,DXVAV Sys 1 DX Coil PLF,2,Coefficient1 Constant,0.85,False,6826
344,Curve:Quadratic,DXVAV Sys 1 DX Coil PLF,3,Coefficient2 x,0.15,False,6827
344,Curve:Quadratic,DXVAV Sys 1 DX Coil PLF,4,Coefficient3 x**2,0,False,6828
344,Curve:Quadratic,DXVAV Sys 1 DX Coil PLF,5,Minimum Value of x,0,False,6829
344,Curve:Quadratic,DXVAV Sys 1 DX Coil PLF,6,Maximum Value of x,1,False,6830
345,Curve:Cubic,DXVAV Sys 1 DX Coil Cap-FF,1,Name,DXVAV Sys 1 DX Coil Cap-FF,False,6836
345,Curve:Cubic,DXVAV Sys 1 DX Coil Cap-FF,2,Coefficient1 Constant,0.47278589,False,6837
345,Curve:Cubic,DXVAV Sys 1 DX Coil Cap-FF,3,Coefficient2 x,1.2433415,False,6838
345,Curve:Cubic,DXVAV Sys 1 DX Coil Cap-FF,4,Coefficient3 x**2,-1.0387055,False,6839
345,Curve:Cubic,DXVAV Sys 1 DX Coil Cap-FF,5,Coefficient4 x**3,0.32257813,False,6840
345,Curve:Cubic,DXVAV Sys 1 DX Coil Cap-FF,6,Minimum Value of x,0.5,False,6841
345,Curve:Cubic,DXVAV Sys 1 DX Coil Cap-FF,7,Maximum Value of x,1.5,False,6842
345,Curve:Cubic,DXVAV Sys 1 DX Coil Cap-FF,8,Minimum Curve Output,,True,6843
345,Curve:Cubic,DXVAV Sys 1 DX Coil Cap-FF,9,Maximum Curve Output,,True,6844
345,Curve:Cubic,DXVAV Sys 1 DX Coil Cap-FF,10,Input Unit Type for X,Dimensionless,False,6845
345,Curve:Cubic,DXVAV Sys 1 DX Coil Cap-FF,11,Output Unit Type,Dimensionless,False,6846
346,Curve:Cubic,DXVAV Sys 1 DX Coil EIR-FF,1,Name,DXVAV Sys 1 DX Coil EIR-FF,False,6849
346,Curve:Cubic,DXVAV Sys 1 DX Coil EIR-FF,2,Coefficient1 Constant,1.0079484,False,6850
346,Curve:Cubic,DXVAV Sys 1 DX Coil EIR-FF,3,Coefficient2 x,0.34544129,False,6851
346,Curve:Cubic,DXVAV Sys 1 DX Coil EIR-FF,4,Coefficient3 x**2,-.6922891,False,6852
346,Curve:Cubic,DXVAV Sys 1 DX Coil EIR-FF,5,Coefficient4 x**3,0.33889943,False,6853
346,Curve:Cubic,DXVAV Sys 1 DX Coil EIR-FF,6,Minimum Value of x,0.5,False,6854
346,Curve:Cubic,DXVAV Sys 1 DX Coil EIR-FF,7,Maximum Value of x,1.5,False,6855
346,Curve:Cubic,DXVAV Sys 1 DX Coil EIR-FF,8,Minimum Curve Output,,True,6856
346,Curve:Cubic,DXVAV Sys 1 DX Coil EIR-FF,9,Maximum Curve Output,,True,6857
346,Curve:Cubic,DXVAV Sys 1 DX Coil EIR-FF,10,Input Unit Type for X,Dimensionless,False,6858
346,Curve:Cubic,DXVAV Sys 1 DX Coil EIR-FF,11,Output Unit Type,Dimensionless,False,6859
347,Curve:Biquadratic,DXVAV Sys 1 DX Coil Cap-FT,1,Name,DXVAV Sys 1 DX Coil Cap-FT,False,6865
347,Curve:Biquadratic,DXVAV Sys 1 DX Coil Cap-FT,2,Coefficient1 Constant,0.476428,False,6866
347,Curve:Biquadratic,DXVAV Sys 1 DX Coil Cap-FT,3,Coefficient2 x,0.0401147,False,6867
347,Curve:Biquadratic,DXVAV Sys 1 DX Coil Cap-FT,4,Coefficient3 x**2,0.000226411,False,6868
347,Curve:Biquadratic,DXVAV Sys 1 DX Coil Cap-FT,5,Coefficient4 y,-.000827136,False,6869
347,Curve:Biquadratic,DXVAV Sys 1 DX Coil Cap-FT,6,Coefficient5 y**2,-.0000073224,False,6870
347,Curve:Biquadratic,DXVAV Sys 1 DX Coil Cap-FT,7,Coefficient6 x*y,-.000446278,False,6871
347,Curve:Biquadratic,DXVAV Sys 1 DX Coil Cap-FT,8,Minimum Value of x,12.77778,False,6872
347,Curve:Biquadratic,DXVAV Sys 1 DX Coil Cap-FT,9,Maximum Value of x,23.88889,False,6873
347,Curve:Biquadratic,DXVAV Sys 1 DX Coil Cap-FT,10,Minimum Value of y,23.88889,False,6874
347,Curve:Biquadratic,DXVAV Sys 1 DX Coil Cap-FT,11,Maximum Value of y,46.11111,False,6875
347,Curve:Biquadratic,DXVAV Sys 1 DX Coil Cap-FT,12,Minimum Curve Output,,True,6876
347,Curve:Biquadratic,DXVAV Sys 1 DX Coil Cap-FT,13,Maximum Curve Output,,True,6877
347,Curve:Biquadratic,DXVAV Sys 1 DX Coil Cap-FT,14,Input Unit Type for X,Dimensionless,False,6878
347,Curve:Biquadratic,DXVAV Sys 1 DX Coil Cap-FT,15,Input Unit Type for Y,Dimensionless,False,6879
347,Curve:Biquadratic,DXVAV Sys 1 DX Coil Cap-FT,16,Output Unit Type,Dimensionless,False,6880
348,Curve:Biquadratic,DXVAV Sys 1 DX Coil EIR-FT,1,Name,DXVAV Sys 1 DX Coil EIR-FT,False,6883
348,Curve:Biquadratic,DXVAV Sys 1 DX Coil EIR-FT,2,Coefficient1 Constant,0.632475,False,6884
348,Curve:Biquadratic,DXVAV Sys 1 DX Coil EIR-FT,3,Coefficient2 x,-.0121321,False,6885
348,Curve:Biquadratic,DXVAV Sys 1 DX Coil EIR-FT,4,Coefficient3 x**2,0.000507773,False,6886
348,Curve:Biquadratic,DXVAV Sys 1 DX Coil EIR-FT,5,Coefficient4 y,0.0155377,False,6887
348,Curve:Biquadratic,DXVAV Sys 1 DX Coil EIR-FT,6,Coefficient5 y**2,0.00027284,False,6888
348,Curve:Biquadratic,DXVAV Sys 1 DX Coil EIR-FT,7,Coefficient6 x*y,-.000679201,False,6889
348,Curve:Biquadratic,DXVAV Sys 1 DX Coil EIR-FT,8,Minimum Value of x,12.77778,False,6890
348,Curve:Biquadratic,DXVAV Sys 1 DX Coil EIR-FT,9,Maximum Value of x,23.88889,False,6891
348,Curve:Biquadratic,DXVAV Sys 1 DX Coil EIR-FT,10,Minimum Value of y,23.88889,False,6892
348,Curve:Biquadratic,DXVAV Sys 1 DX Coil EIR-FT,11,Maximum Value of y,46.11111,False,6893
348,Curve:Biquadratic,DXVAV Sys 1 DX Coil EIR-FT,12,Minimum Curve Output,,True,6894
348,Curve:Biquadratic,DXVAV Sys 1 DX Coil EIR-FT,13,Maximum Curve Output,,True,6895
348,Curve:Biquadratic,DXVAV Sys 1 DX Coil EIR-FT,14,Input Unit Type for X,Dimensionless,False,6896
348,Curve:Biquadratic,DXVAV Sys 1 DX Coil EIR-FT,15,Input Unit Type for Y,Dimensionless,False,6897
348,Curve:Biquadratic,DXVAV Sys 1 DX Coil EIR-FT,16,Output Unit Type,Dimensionless,False,6898
349,Curve:Biquadratic,DXVAV Sys 1 DX Coil Low Cap-FT,1,Name,DXVAV Sys 1 DX Coil Low Cap-FT,False,6901
349,Curve:Biquadratic,DXVAV Sys 1 DX Coil Low Cap-FT,2,Coefficient1 Constant,0.476428,False,6902
349,Curve:Biquadratic,DXVAV Sys 1 DX Coil Low Cap-FT,3,Coefficient2 x,0.0401147,False,6903
349,Curve:Biquadratic,DXVAV Sys 1 DX Coil Low Cap-FT,4,Coefficient3 x**2,0.000226411,False,6904
349,Curve:Biquadratic,DXVAV Sys 1 DX Coil Low Cap-FT,5,Coefficient4 y,-.000827136,False,6905
349,Curve:Biquadratic,DXVAV Sys 1 DX Coil Low Cap-FT,6,Coefficient5 y**2,-.0000073224,False,6906
349,Curve:Biquadratic,DXVAV Sys 1 DX Coil Low Cap-FT,7,Coefficient6 x*y,-.000446278,False,6907
349,Curve:Biquadratic,DXVAV Sys 1 DX Coil Low Cap-FT,8,Minimum Value of x,12.77778,False,6908
349,Curve:Biquadratic,DXVAV Sys 1 DX Coil Low Cap-FT,9,Maximum Value of x,23.88889,False,6909
349,Curve:Biquadratic,DXVAV Sys 1 DX Coil Low Cap-FT,10,Minimum Value of y,23.88889,False,6910
349,Curve:Biquadratic,DXVAV Sys 1 DX Coil Low Cap-FT,11,Maximum Value of y,46.11111,False,6911
349,Curve:Biquadratic,DXVAV Sys 1 DX Coil Low Cap-FT,12,Minimum Curve Output,,True,6912
349,Curve:Biquadratic,DXVAV Sys 1 DX Coil Low Cap-FT,13,Maximum Curve Output,,True,6913
349,Curve:Biquadratic,DXVAV Sys 1 DX Coil Low Cap-FT,14,Input Unit Type for X,Dimensionless,False,6914
349,Curve:Biquadratic,DXVAV Sys 1 DX Coil Low Cap-FT,15,Input Unit Type for Y,Dimensionless,False,6915
349,Curve:Biquadratic,DXVAV Sys 1 DX Coil Low Cap-FT,16,Output Unit Type,Dimensionless,False,6916
350,Curve:Biquadratic,DXVAV Sys 1 DX Coil Low EIR-FT,1,Name,DXVAV Sys 1 DX Coil Low EIR-FT,False,6919
350,Curve:Biquadratic,DXVAV Sys 1 DX Coil Low EIR-FT,2,Coefficient1 Constant,0.774645,False,6920
350,Curve:Biquadratic,DXVAV Sys 1 DX Coil Low EIR-FT,3,Coefficient2 x,-.0343731,False,6921
350,Curve:Biquadratic,DXVAV Sys 1 DX Coil Low EIR-FT,4,Coefficient3 x**2,0.000783173,False,6922
350,Curve:Biquadratic,DXVAV Sys 1 DX Coil Low EIR-FT,5,Coefficient4 y,0.0146596,False,6923
350,Curve:Biquadratic,DXVAV Sys 1 DX Coil Low EIR-FT,6,Coefficient5 y**2,0.000488851,False,6924
350,Curve:Biquadratic,DXVAV Sys 1 DX Coil Low EIR-FT,7,Coefficient6 x*y,-.000752036,False,6925
350,Curve:Biquadratic,DXVAV Sys 1 DX Coil Low EIR-FT,8,Minimum Value of x,12.77778,False,6926
350,Curve:Biquadratic,DXVAV Sys 1 DX Coil Low EIR-FT,9,Maximum Value of x,23.88889,False,6927
350,Curve:Biquadratic,DXVAV Sys 1 DX Coil Low EIR-FT,10,Minimum Value of y,23.88889,False,6928
350,Curve:Biquadratic,DXVAV Sys 1 DX Coil Low EIR-FT,11,Maximum Value of y,46.11111,False,6929
350,Curve:Biquadratic,DXVAV Sys 1 DX Coil Low EIR-FT,12,Minimum Curve Output,,True,6930
350,Curve:Biquadratic,DXVAV Sys 1 DX Coil Low EIR-FT,13,Maximum Curve Output,,True,6931
350,Curve:Biquadratic,DXVAV Sys 1 DX Coil Low EIR-FT,14,Input Unit Type for X,Dimensionless,False,6932
350,Curve:Biquadratic,DXVAV Sys 1 DX Coil Low EIR-FT,15,Input Unit Type for Y,Dimensionless,False,6933
350,Curve:Biquadratic,DXVAV Sys 1 DX Coil Low EIR-FT,16,Output Unit Type,Dimensionless,False,6934
351,Curve:RectangularHyperbola2,BatteryChargeCurve,1,Name,BatteryChargeCurve,False,6940
351,Curve:RectangularHyperbola2,BatteryChargeCurve,2,Coefficient1 C1,-.2765,False,6941
351,Curve:RectangularHyperbola2,BatteryChargeCurve,3,Coefficient2 C2,-93.27,False,6942
351,Curve:RectangularHyperbola2,BatteryChargeCurve,4,Coefficient3 C3,0.0068,False,6943
351,Curve:RectangularHyperbola2,BatteryChargeCurve,5,Minimum Value of x,0,False,6944
351,Curve:RectangularHyperbola2,BatteryChargeCurve,6,Maximum Value of x,1,False,6945
351,Curve:RectangularHyperbola2,BatteryChargeCurve,7,Minimum Curve Output,-100,False,6946
351,Curve:RectangularHyperbola2,BatteryChargeCurve,8,Maximum Curve Output,100,False,6947
352,Curve:RectangularHyperbola2,BatteryDischargeCurve,1,Name,BatteryDischargeCurve,False,6950
352,Curve:RectangularHyperbola2,BatteryDischargeCurve,2,Coefficient1 C1,0.0899,False,6951
352,Curve:RectangularHyperbola2,BatteryDischargeCurve,3,Coefficient2 C2,-98.24,False,6952
352,Curve:RectangularHyperbola2,BatteryDischargeCurve,4,Coefficient3 C3,-.0082,False,6953
352,Curve:RectangularHyperbola2,BatteryDischargeCurve,5,Minimum Value of x,0,False,6954
352,Curve:RectangularHyperbola2,BatteryDischargeCurve,6,Maximum Value of x,1,False,6955
352,Curve:RectangularHyperbola2,BatteryDischargeCurve,7,Minimum Curve Output,-100,False,6956
352,Curve:RectangularHyperbola2,BatteryDischargeCurve,8,Maximum Curve Output,100,False,6957
353,Curve:DoubleExponentialDecay,old_BatteryCycleCurve,1,Name,old_BatteryCycleCurve,False,6963
353,Curve:DoubleExponentialDecay,old_BatteryCycleCurve,2,Coefficient1 C1,1380,False,6964
353,Curve:DoubleExponentialDecay,old_BatteryCycleCurve,3,Coefficient2 C2,6834,False,6965
353,Curve:DoubleExponentialDecay,old_BatteryCycleCurve,4,Coefficient3 C3,-8.75,False,6966
353,Curve:DoubleExponentialDecay,old_BatteryCycleCurve,5,Coefficient4 C4,6747,False,6967
353,Curve:DoubleExponentialDecay,old_BatteryCycleCurve,6,Coefficient5 C5,-6.22,False,6968
353,Curve:DoubleExponentialDecay,old_BatteryCycleCurve,7,Minimum Value of x,0,False,6969
353,Curve:DoubleExponentialDecay,old_BatteryCycleCurve,8,Maximum Value of x,1,False,6970
354,Curve:DoubleExponentialDecay,new_BatteryCycleCurve,1,Name,new_BatteryCycleCurve,False,6973
354,Curve:DoubleExponentialDecay,new_BatteryCycleCurve,2,Coefficient1 C1,1380,False,6974
354,Curve:DoubleExponentialDecay,new_BatteryCycleCurve,3,Coefficient2 C2,34170,False,6975
354,Curve:DoubleExponentialDecay,new_BatteryCycleCurve,4,Coefficient3 C3,-1.75,False,6976
354,Curve:DoubleExponentialDecay,new_BatteryCycleCurve,5,Coefficient4 C4,33735,False,6977
354,Curve:DoubleExponentialDecay,new_BatteryCycleCurve,6,Coefficient5 C5,-1.244,False,6978
354,Curve:DoubleExponentialDecay,new_BatteryCycleCurve,7,Minimum Value of x,0,False,6979
354,Curve:DoubleExponentialDecay,new_BatteryCycleCurve,8,Maximum Value of x,1,False,6980
355,Output:VariableDictionary,regular,1,Key Field,regular,False,6986
356,Output:Surfaces:List,Lines,1,Report Type,Lines,False,6992
357,Output:Surfaces:Drawing,DXF,1,Report Type,DXF,False,6998
358,Output:Schedules,Timestep,1,Key Field,Timestep,False,7004
359,Output:Constructions,Constructions,1,Details Type 1,Constructions,False,7010
359,Output:Constructions,Constructions,2,Details Type 2,Materials,False,7011
360,Output:EnergyManagementSystem,Verbose,1,Actuator Availability Dictionary Reporting,Verbose,False,7017
360,Output:EnergyManagementSystem,Verbose,2,Internal Variable Availability Dictionary Reporting,Verbose,False,7018
360,Output:EnergyManagementSystem,Verbose,3,EMS Runtime Language Debug Output Level,ErrorsOnly,False,7019
361,Output:Table:SummaryReports,AllSummary,1,Report 1 Name,AllSummary,False,7025
362,OutputControl:Table:Style,HTML,1,Column Separator,HTML,False,7031
363,Output:Variable,*,1,Key Value,*,False,7037
363,Output:Variable,*,2,Variable Name,Zone Air Temperature,False,7038
363,Output:Variable,*,3,Reporting Frequency,Timestep,False,7039
364,Output:Variable,*,1,Key Value,*,False,7042
364,Output:Variable,*,2,Variable Name,Site Outdoor Air Relative Humidity,False,7043
364,Output:Variable,*,3,Reporting Frequency,Timestep,False,7044
365,Output:Variable,Whole Building,1,Key Value,Whole Building,False,7047
365,Output:Variable,Whole Building,2,Variable Name,Facility Total Electricity Demand Rate,False,7048
365,Output:Variable,Whole Building,3,Reporting Frequency,Timestep,False,7049
366,Output:Variable,*,1,Key Value,*,False,7052
366,Output:Variable,*,2,Variable Name,Site Outdoor Air Drybulb Temperature,False,7053
366,Output:Variable,*,3,Reporting Frequency,Timestep,False,7054
367,Output:Variable,*,1,Key Value,*,False,7057
367,Output:Variable,*,2,Variable Name,Zone Air Relative Humidity,False,7058
367,Output:Variable,*,3,Reporting Frequency,Timestep,False,7059
368,Output:Variable,*,1,Key Value,*,False,7062
368,Output:Variable,*,2,Variable Name,System Node Temperature,False,7063
368,Output:Variable,*,3,Reporting Frequency,Timestep,False,7064
369,Output:Variable,*,1,Key Value,*,False,7067
369,Output:Variable,*,2,Variable Name,System Node Setpoint Temperature,False,7068
369,Output:Variable,*,3,Reporting Frequency,Timestep,False,7069
370,Output:Variable,*,1,Key Value,*,False,7072
370,Output:Variable,*,2,Variable Name,System Node Temperature,False,7073
370,Output:Variable,*,3,Reporting Frequency,Timestep,False,7074
371,Output:Variable,*,1,Key Value,*,False,7077
371,Output:Variable,*,2,Variable Name,System Node Setpoint Temperature,False,7078
371,Output:Variable,*,3,Reporting Frequency,Timestep,False,7079
372,Output:Variable,*,1,Key Value,*,False,7082
372,Output:Variable,*,2,Variable Name,Site Direct Solar Radiation Rate per Area,False,7083
372,Output:Variable,*,3,Reporting Frequency,Timestep,False,7084
373,Output:Variable,*,1,Key Value,*,False,7087
373,Output:Variable,*,2,Variable Name,Facility Net Purchased Electricity Rate,False,7088
373,Output:Variable,*,3,Reporting Frequency,Timestep,False,7089
374,Output:Variable,DXVAV Sys 1 Cooling Coil,1,Key Value,DXVAV Sys 1 Cooling Coil,False,7092
374,Output:Variable,DXVAV Sys 1 Cooling Coil,2,Variable Name,Cooling Coil Total Cooling Rate,False,7093
374,Output:Variable,DXVAV Sys 1 Cooling Coil,3,Reporting Frequency,TimeStep,False,7094
375,Output:Variable,DXVAV Sys 1 Cooling Coil,1,Key Value,DXVAV Sys 1 Cooling Coil,False,7097
375,Output:Variable,DXVAV Sys 1 Cooling Coil,2,Variable Name,Cooling Coil Electricity Rate,False,7098
375,Output:Variable,DXVAV Sys 1 Cooling Coil,3,Reporting Frequency,TimeStep,False,7099
376,Output:Variable,DXVAV Sys 1 Heating Coil,1,Key Value,DXVAV Sys 1 Heating Coil,False,7102
376,Output:Variable,DXVAV Sys 1 Heating Coil,2,Variable Name,Heating Coil Heating Rate,False,7103
376,Output:Variable,DXVAV Sys 1 Heating Coil,3,Reporting Frequency,TimeStep,False,7104
377,Output:Variable,DXVAV Sys 1 Heating Coil,1,Key Value,DXVAV Sys 1 Heating Coil,False,7107
377,Output:Variable,DXVAV Sys 1 Heating Coil,2,Variable Name,Heating Coil Electricity Rate,False,7108
377,Output:Variable,DXVAV Sys 1 Heating Coil,3,Reporting Frequency,TimeStep,False,7109
378,Output:Variable,Thermal Zone: Space 103 LAB B Reheat Coil,1,Key Value,Thermal Zone: Space 103 LAB B Reheat Coil,False,7112
378,Output:Variable,Thermal Zone: Space 103 LAB B Reheat Coil,2,Variable Name,Heating Coil Heating Rate,False,7113
378,Output:Variable,Thermal Zone: Space 103 LAB B Reheat Coil,3,Reporting Frequency,TimeStep,False,7114
379,Output:Variable,Thermal Zone: Space 102 - Plus Reheat Coil,1,Key Value,Thermal Zone: Space 102 - Plus Reheat Coil,False,7117
379,Output:Variable,Thermal Zone: Space 102 - Plus Reheat Coil,2,Variable Name,Heating Coil Heating Rate,False,7118
379,Output:Variable,Thermal Zone: Space 102 - Plus Reheat Coil,3,Reporting Frequency,TimeStep,False,7119
380,Output:Variable,Thermal Zone: Space 105 LAB A Reheat Coil,1,Key Value,Thermal Zone: Space 105 LAB A Reheat Coil,False,7122
380,Output:Variable,Thermal Zone: Space 105 LAB A Reheat Coil,2,Variable Name,Heating Coil Heating Rate,False,7123
380,Output:Variable,Thermal Zone: Space 105 LAB A Reheat Coil,3,Reporting Frequency,TimeStep,False,7124
381,Output:Variable,DXVAV Sys 1 Supply Fan,1,Key Value,DXVAV Sys 1 Supply Fan,False,7127
381,Output:Variable,DXVAV Sys 1 Supply Fan,2,Variable Name,Fan Electricity Rate,False,7128
381,Output:Variable,DXVAV Sys 1 Supply Fan,3,Reporting Frequency,TimeStep,False,7129
382,Output:Variable,DXVAV Sys 1 Supply Fan,1,Key Value,DXVAV Sys 1 Supply Fan,False,7132
382,Output:Variable,DXVAV Sys 1 Supply Fan,2,Variable Name,Fan Air Mass Flow Rate,False,7133
382,Output:Variable,DXVAV Sys 1 Supply Fan,3,Reporting Frequency,TimeStep,False,7134
383,Output:Variable,DXVAV Sys 1 Return Fan,1,Key Value,DXVAV Sys 1 Return Fan,False,7137
383,Output:Variable,DXVAV Sys 1 Return Fan,2,Variable Name,Fan Electricity Rate,False,7138
383,Output:Variable,DXVAV Sys 1 Return Fan,3,Reporting Frequency,TimeStep,False,7139
384,Output:Variable,DXVAV Sys 1 Mixed Air Outlet,1,Key Value,DXVAV Sys 1 Mixed Air Outlet,False,7142
384,Output:Variable,DXVAV Sys 1 Mixed Air Outlet,2,Variable Name,System Node Temperature,False,7143
384,Output:Variable,DXVAV Sys 1 Mixed Air Outlet,3,Reporting Frequency,TimeStep,False,7144
385,Output:Variable,DXVAV Sys 1 Cooling Coil Outlet,1,Key Value,DXVAV Sys 1 Cooling Coil Outlet,False,7147
385,Output:Variable,DXVAV Sys 1 Cooling Coil Outlet,2,Variable Name,System Node Temperature,False,7148
385,Output:Variable,DXVAV Sys 1 Cooling Coil Outlet,3,Reporting Frequency,TimeStep,False,7149
386,Output:Variable,DXVAV Sys 1 Heating Coil Outlet,1,Key Value,DXVAV Sys 1 Heating Coil Outlet,False,7152
386,Output:Variable,DXVAV Sys 1 Heating Coil Outlet,2,Variable Name,System Node Temperature,False,7153
386,Output:Variable,DXVAV Sys 1 Heating Coil Outlet,3,Reporting Frequency,TimeStep,False,7154
387,Output:Variable,DXVAV Sys 1 Supply Fan Outlet,1,Key Value,DXVAV Sys 1 Supply Fan Outlet,False,7157
387,Output:Variable,DXVAV Sys 1 Supply Fan Outlet,2,Variable Name,System Node Temperature,False,7158
387,Output:Variable,DXVAV Sys 1 Supply Fan Outlet,3,Reporting Frequency,TimeStep,False,7159
388,Output:Variable,Thermal Zone: Space 103 LAB B Zone Equip Inlet,1,Key Value,Thermal Zone: Space 103 LAB B Zone Equip Inlet,False,7162
388,Output:Variable,Thermal Zone: Space 103 LAB B Zone Equip Inlet,2,Variable Name,System Node Temperature,False,7163
388,Output:Variable,Thermal Zone: Space 103 LAB B Zone Equip Inlet,3,Reporting Frequency,TimeStep,False,7164
389,Output:Variable,Thermal Zone: Space 102 - Plus Zone Equip Inlet,1,Key Value,Thermal Zone: Space 102 - Plus Zone Equip Inlet,False,7167
389,Output:Variable,Thermal Zone: Space 102 - Plus Zone Equip Inlet,2,Variable Name,System Node Temperature,False,7168
389,Output:Variable,Thermal Zone: Space 102 - Plus Zone Equip Inlet,3,Reporting Frequency,TimeStep,False,7169
390,Output:Variable,Thermal Zone: Space 105 LAB A Zone Equip Inlet,1,Key Value,Thermal Zone: Space 105 LAB A Zone Equip Inlet,False,7172
390,Output:Variable,Thermal Zone: Space 105 LAB A Zone Equip Inlet,2,Variable Name,System Node Temperature,False,7173
390,Output:Variable,Thermal Zone: Space 105 LAB A Zone Equip Inlet,3,Reporting Frequency,TimeStep,False,7174
391,Output:Variable,DXVAV Sys 1,1,Key Value,DXVAV Sys 1,False,7177
391,Output:Variable,DXVAV Sys 1,2,Variable Name,Air System Outdoor Air Economizer Status,False,7178
391,Output:Variable,DXVAV Sys 1,3,Reporting Frequency,TimeStep,False,7179
392,Output:Variable,DXVAV Sys 1,1,Key Value,DXVAV Sys 1,False,7182
392,Output:Variable,DXVAV Sys 1,2,Variable Name,Air System Outdoor Air Flow Fraction,False,7183
392,Output:Variable,DXVAV Sys 1,3,Reporting Frequency,TimeStep,False,7184
393,Output:Variable,DXVAV Sys 1 Cooling Coil,1,Key Value,DXVAV Sys 1 Cooling Coil,False,7187
393,Output:Variable,DXVAV Sys 1 Cooling Coil,2,Variable Name,Cooling Coil Sensible Cooling Rate,False,7188
393,Output:Variable,DXVAV Sys 1 Cooling Coil,3,Reporting Frequency,TimeStep,False,7189
394,Output:Variable,DXVAV Sys 1 Cooling Coil,1,Key Value,DXVAV Sys 1 Cooling Coil,False,7192
394,Output:Variable,DXVAV Sys 1 Cooling Coil,2,Variable Name,Cooling Coil Latent Cooling Rate,False,7193
394,Output:Variable,DXVAV Sys 1 Cooling Coil,3,Reporting Frequency,TimeStep,False,7194
395,Output:Variable,DXVAV Sys 1 Cooling Coil,1,Key Value,DXVAV Sys 1 Cooling Coil,False,7197
395,Output:Variable,DXVAV Sys 1 Cooling Coil,2,Variable Name,Cooling Coil Runtime Fraction,False,7198
395,Output:Variable,DXVAV Sys 1 Cooling Coil,3,Reporting Frequency,TimeStep,False,7199
396,Output:Variable,DXVAV Sys 1 Mixed Air Outlet,1,Key Value,DXVAV Sys 1 Mixed Air Outlet,False,7202
396,Output:Variable,DXVAV Sys 1 Mixed Air Outlet,2,Variable Name,System Node Mass Flow Rate,False,7203
396,Output:Variable,DXVAV Sys 1 Mixed Air Outlet,3,Reporting Frequency,TimeStep,False,7204
397,Output:Variable,DXVAV Sys 1 Supply Fan Outlet,1,Key Value,DXVAV Sys 1 Supply Fan Outlet,False,7207
397,Output:Variable,DXVAV Sys 1 Supply Fan Outlet,2,Variable Name,System Node Mass Flow Rate,False,7208
397,Output:Variable,DXVAV Sys 1 Supply Fan Outlet,3,Reporting Frequency,TimeStep,False,7209
398,Output:Variable,DXVAV Sys 1 Mixed Air Outlet,1,Key Value,DXVAV Sys 1 Mixed Air Outlet,False,7212
398,Output:Variable,DXVAV Sys 1 Mixed Air Outlet,2,Variable Name,System Node Humidity Ratio,False,7213
398,Output:Variable,DXVAV Sys 1 Mixed Air Outlet,3,Reporting Frequency,TimeStep,False,7214
399,Output:Variable,DXVAV Sys 1 Supply Fan Outlet,1,Key Value,DXVAV Sys 1 Supply Fan Outlet,False,7217
399,Output:Variable,DXVAV Sys 1 Supply Fan Outlet,2,Variable Name,System Node Humidity Ratio,False,7218
399,Output:Variable,DXVAV Sys 1 Supply Fan Outlet,3,Reporting Frequency,TimeStep,False,7219
400,Output:Variable,DXVAV Sys 1 Supply Fan Outlet,1,Key Value,DXVAV Sys 1 Supply Fan Outlet,False,7222
400,Output:Variable,DXVAV Sys 1 Supply Fan Outlet,2,Variable Name,System Node Setpoint Temperature,False,7223
400,Output:Variable,DXVAV Sys 1 Supply Fan Outlet,3,Reporting Frequency,TimeStep,False,7224
401,Output:Variable,Thermal Zone: Space 103 LAB B,1,Key Value,Thermal Zone: Space 103 LAB B,False,7227
401,Output:Variable,Thermal Zone: Space 103 LAB B,2,Variable Name,Zone Thermostat Heating Setpoint Temperature,False,7228
401,Output:Variable,Thermal Zone: Space 103 LAB B,3,Reporting Frequency,TimeStep,False,7229
402,Output:Variable,Thermal Zone: Space 103 LAB B,1,Key Value,Thermal Zone: Space 103 LAB B,False,7232
402,Output:Variable,Thermal Zone: Space 103 LAB B,2,Variable Name,Zone Thermostat Cooling Setpoint Temperature,False,7233
402,Output:Variable,Thermal Zone: Space 103 LAB B,3,Reporting Frequency,TimeStep,False,7234
403,Output:Variable,Thermal Zone: Space 103 LAB B,1,Key Value,Thermal Zone: Space 103 LAB B,False,7237
403,Output:Variable,Thermal Zone: Space 103 LAB B,2,Variable Name,Zone Predicted Sensible Load to Heating Setpoint Heat Transfer Rate,False,7238
403,Output:Variable,Thermal Zone: Space 103 LAB B,3,Reporting Frequency,TimeStep,False,7239
404,Output:Variable,Thermal Zone: Space 103 LAB B,1,Key Value,Thermal Zone: Space 103 LAB B,False,7242
404,Output:Variable,Thermal Zone: Space 103 LAB B,2,Variable Name,Zone Predicted Sensible Load to Cooling Setpoint Heat Transfer Rate,False,7243
404,Output:Variable,Thermal Zone: Space 103 LAB B,3,Reporting Frequency,TimeStep,False,7244
405,Output:Variable,Thermal Zone: Space 103 LAB B VAV Reheat,1,Key Value,Thermal Zone: Space 103 LAB B VAV Reheat,False,7247
405,Output:Variable,Thermal Zone: Space 103 LAB B VAV Reheat,2,Variable Name,Zone Air Terminal VAV Damper Position,False,7248
405,Output:Variable,Thermal Zone: Space 103 LAB B VAV Reheat,3,Reporting Frequency,TimeStep,False,7249
406,Output:Variable,Thermal Zone: Space 102 - Plus,1,Key Value,Thermal Zone: Space 102 - Plus,False,7252
406,Output:Variable,Thermal Zone: Space 102 - Plus,2,Variable Name,Zone Thermostat Heating Setpoint Temperature,False,7253
406,Output:Variable,Thermal Zone: Space 102 - Plus,3,Reporting Frequency,TimeStep,False,7254
407,Output:Variable,Thermal Zone: Space 102 - Plus,1,Key Value,Thermal Zone: Space 102 - Plus,False,7257
407,Output:Variable,Thermal Zone: Space 102 - Plus,2,Variable Name,Zone Thermostat Cooling Setpoint Temperature,False,7258
407,Output:Variable,Thermal Zone: Space 102 - Plus,3,Reporting Frequency,TimeStep,False,7259
408,Output:Variable,Thermal Zone: Space 102 - Plus,1,Key Value,Thermal Zone: Space 102 - Plus,False,7262
408,Output:Variable,Thermal Zone: Space 102 - Plus,2,Variable Name,Zone Predicted Sensible Load to Heating Setpoint Heat Transfer Rate,False,7263
408,Output:Variable,Thermal Zone: Space 102 - Plus,3,Reporting Frequency,TimeStep,False,7264
409,Output:Variable,Thermal Zone: Space 102 - Plus,1,Key Value,Thermal Zone: Space 102 - Plus,False,7267
409,Output:Variable,Thermal Zone: Space 102 - Plus,2,Variable Name,Zone Predicted Sensible Load to Cooling Setpoint Heat Transfer Rate,False,7268
409,Output:Variable,Thermal Zone: Space 102 - Plus,3,Reporting Frequency,TimeStep,False,7269
410,Output:Variable,Thermal Zone: Space 102 - Plus VAV Reheat,1,Key Value,Thermal Zone: Space 102 - Plus VAV Reheat,False,7272
410,Output:Variable,Thermal Zone: Space 102 - Plus VAV Reheat,2,Variable Name,Zone Air Terminal VAV Damper Position,False,7273
410,Output:Variable,Thermal Zone: Space 102 - Plus VAV Reheat,3,Reporting Frequency,TimeStep,False,7274
411,Output:Variable,Thermal Zone: Space 105 LAB A,1,Key Value,Thermal Zone: Space 105 LAB A,False,7277
411,Output:Variable,Thermal Zone: Space 105 LAB A,2,Variable Name,Zone Thermostat Heating Setpoint Temperature,False,7278
411,Output:Variable,Thermal Zone: Space 105 LAB A,3,Reporting Frequency,TimeStep,False,7279
412,Output:Variable,Thermal Zone: Space 105 LAB A,1,Key Value,Thermal Zone: Space 105 LAB A,False,7282
412,Output:Variable,Thermal Zone: Space 105 LAB A,2,Variable Name,Zone Thermostat Cooling Setpoint Temperature,False,7283
412,Output:Variable,Thermal Zone: Space 105 LAB A,3,Reporting Frequency,TimeStep,False,7284
413,Output:Variable,Thermal Zone: Space 105 LAB A,1,Key Value,Thermal Zone: Space 105 LAB A,False,7287
413,Output:Variable,Thermal Zone: Space 105 LAB A,2,Variable Name,Zone Predicted Sensible Load to Heating Setpoint Heat Transfer Rate,False,7288
413,Output:Variable,Thermal Zone: Space 105 LAB A,3,Reporting Frequency,TimeStep,False,7289
414,Output:Variable,Thermal Zone: Space 105 LAB A,1,Key Value,Thermal Zone: Space 105 LAB A,False,7292
414,Output:Variable,Thermal Zone: Space 105 LAB A,2,Variable Name,Zone Predicted Sensible Load to Cooling Setpoint Heat Transfer Rate,False,7293
414,Output:Variable,Thermal Zone: Space 105 LAB A,3,Reporting Frequency,TimeStep,False,7294
415,Output:Variable,Thermal Zone: Space 105 LAB A VAV Reheat,1,Key Value,Thermal Zone: Space 105 LAB A VAV Reheat,False,7297
415,Output:Variable,Thermal Zone: Space 105 LAB A VAV Reheat,2,Variable Name,Zone Air Terminal VAV Damper Position,False,7298
415,Output:Variable,Thermal Zone: Space 105 LAB A VAV Reheat,3,Reporting Frequency,TimeStep,False,7299
416,Output:Variable,*,1,Key Value,*,False,7302
416,Output:Variable,*,2,Variable Name,Site Day Type Index,False,7303
416,Output:Variable,*,3,Reporting Frequency,Timestep,False,7304
417,Output:Variable,*,1,Key Value,*,False,7307
417,Output:Variable,*,2,Variable Name,Zone Windows Total Transmitted Solar Radiation Rate,False,7308
417,Output:Variable,*,3,Reporting Frequency,Timestep,False,7309
418,Output:Variable,*,1,Key Value,*,False,7312
418,Output:Variable,*,2,Variable Name,Zone Exterior Windows Total Transmitted Beam Solar Radiation Rate,False,7313
418,Output:Variable,*,3,Reporting Frequency,Timestep,False,7314
419,Output:Variable,*,1,Key Value,*,False,7317
419,Output:Variable,*,2,Variable Name,Zone Exterior Windows Total Transmitted Diffuse Solar Radiation Rate,False,7318
419,Output:Variable,*,3,Reporting Frequency,Timestep,False,7319
420,Output:Variable,*,1,Key Value,*,False,7322
420,Output:Variable,*,2,Variable Name,Zone Total Internal Convective Heating Rate,False,7323
420,Output:Variable,*,3,Reporting Frequency,Timestep,False,7324
421,Output:Variable,*,1,Key Value,*,False,7327
421,Output:Variable,*,2,Variable Name,Zone Total Internal Radiant Heating Rate,False,7328
421,Output:Variable,*,3,Reporting Frequency,Timestep,False,7329
422,Output:Variable,*,1,Key Value,*,False,7332
422,Output:Variable,*,2,Variable Name,Zone Total Internal Visible Radiation Heating Rate,False,7333
422,Output:Variable,*,3,Reporting Frequency,Timestep,False,7334
423,Output:Variable,*,1,Key Value,*,False,7337
423,Output:Variable,*,2,Variable Name,Zone Total Internal Latent Gain Rate,False,7338
423,Output:Variable,*,3,Reporting Frequency,Timestep,False,7339
424,Output:Variable,*,1,Key Value,*,False,7342
424,Output:Variable,*,2,Variable Name,Zone Total Internal Total Heating Rate,False,7343
424,Output:Variable,*,3,Reporting Frequency,Timestep,False,7344
425,Output:Variable,*,1,Key Value,*,False,7347
425,Output:Variable,*,2,Variable Name,Zone People Occupant Count,False,7348
425,Output:Variable,*,3,Reporting Frequency,Timestep,False,7349
426,Output:Variable,*,1,Key Value,*,False,7352
426,Output:Variable,*,2,Variable Name,Zone People Convective Heating Rate,False,7353
426,Output:Variable,*,3,Reporting Frequency,Timestep,False,7354
427,Output:Variable,*,1,Key Value,*,False,7357
427,Output:Variable,*,2,Variable Name,Zone People Radiant Heating Rate,False,7358
427,Output:Variable,*,3,Reporting Frequency,Timestep,False,7359
428,Output:Variable,*,1,Key Value,*,False,7362
428,Output:Variable,*,2,Variable Name,Zone People Sensible Heating Rate,False,7363
428,Output:Variable,*,3,Reporting Frequency,Timestep,False,7364
429,Output:Variable,*,1,Key Value,*,False,7367
429,Output:Variable,*,2,Variable Name,Zone People Latent Gain Rate,False,7368
429,Output:Variable,*,3,Reporting Frequency,Timestep,False,7369
430,Output:Variable,*,1,Key Value,*,False,7372
430,Output:Variable,*,2,Variable Name,Zone People Total Heating Rate,False,7373
430,Output:Variable,*,3,Reporting Frequency,Timestep,False,7374
431,Output:Variable,*,1,Key Value,*,False,7377
431,Output:Variable,*,2,Variable Name,Zone Electric Equipment Radiant Heating Rate,False,7378
431,Output:Variable,*,3,Reporting Frequency,Timestep,False,7379
432,Output:Variable,*,1,Key Value,*,False,7382
432,Output:Variable,*,2,Variable Name,Zone Electric Equipment Convective Heating Rate,False,7383
432,Output:Variable,*,3,Reporting Frequency,Timestep,False,7384
433,Output:Variable,*,1,Key Value,*,False,7387
433,Output:Variable,*,2,Variable Name,Zone Electric Equipment Latent Gain Rate,False,7388
433,Output:Variable,*,3,Reporting Frequency,Timestep,False,7389
434,Output:Variable,*,1,Key Value,*,False,7392
434,Output:Variable,*,2,Variable Name,Zone Electric Equipment Lost Heat Rate,False,7393
434,Output:Variable,*,3,Reporting Frequency,Timestep,False,7394
435,Output:Variable,*,1,Key Value,*,False,7397
435,Output:Variable,*,2,Variable Name,Zone Electric Equipment Total Heating Rate,False,7398
435,Output:Variable,*,3,Reporting Frequency,Timestep,False,7399
436,Output:Variable,*,1,Key Value,*,False,7402
436,Output:Variable,*,2,Variable Name,Zone Infiltration Sensible Heat Gain Energy,False,7403
436,Output:Variable,*,3,Reporting Frequency,Timestep,False,7404
437,Output:Variable,*,1,Key Value,*,False,7407
437,Output:Variable,*,2,Variable Name,Zone Infiltration Sensible Heat Loss Energy,False,7408
437,Output:Variable,*,3,Reporting Frequency,Timestep,False,7409
438,Output:Variable,*,1,Key Value,*,False,7412
438,Output:Variable,*,2,Variable Name,Zone Infiltration Latent Heat Gain Energy,False,7413
438,Output:Variable,*,3,Reporting Frequency,Timestep,False,7414
439,Output:Variable,*,1,Key Value,*,False,7417
439,Output:Variable,*,2,Variable Name,Zone Infiltration Latent Heat Loss Energy,False,7418
439,Output:Variable,*,3,Reporting Frequency,Timestep,False,7419
440,Output:Variable,*,1,Key Value,*,False,7422
440,Output:Variable,*,2,Variable Name,Zone Infiltration Total Heat Gain Energy,False,7423
440,Output:Variable,*,3,Reporting Frequency,Timestep,False,7424
441,Output:Variable,*,1,Key Value,*,False,7427
441,Output:Variable,*,2,Variable Name,Zone Infiltration Total Heat Loss Energy,False,7428
441,Output:Variable,*,3,Reporting Frequency,Timestep,False,7429
442,Output:Variable,*,1,Key Value,*,False,7432
442,Output:Variable,*,2,Variable Name,Zone Infiltration Mass Flow Rate,False,7433
442,Output:Variable,*,3,Reporting Frequency,Timestep,False,7434
443,Output:Variable,*,1,Key Value,*,False,7437
443,Output:Variable,*,2,Variable Name,Zone Infiltration Current Density Volume Flow Rate,False,7438
443,Output:Variable,*,3,Reporting Frequency,Timestep,False,7439
444,Output:Variable,*,1,Key Value,*,False,7442
444,Output:Variable,*,2,Variable Name,Zone Infiltration Air Change Rate,False,7443
444,Output:Variable,*,3,Reporting Frequency,Timestep,False,7444
445,Output:Variable,*,1,Key Value,*,False,7447
445,Output:Variable,*,2,Variable Name,HVAC System Solver Iteration Count,False,7448
445,Output:Variable,*,3,Reporting Frequency,Timestep,False,7449
446,Output:Variable,*,1,Key Value,*,False,7452
446,Output:Variable,*,2,Variable Name,Air System Solver Iteration Count,False,7453
446,Output:Variable,*,3,Reporting Frequency,Timestep,False,7454
447,Output:Variable,DXVAV Sys 1,1,Key Value,DXVAV Sys 1,False,7457
447,Output:Variable,DXVAV Sys 1,2,Variable Name,Air System Outdoor Air Mass Flow Rate,False,7458
447,Output:Variable,DXVAV Sys 1,3,Reporting Frequency,Timestep,False,7459
448,Output:Variable,DXVAV Sys 1,1,Key Value,DXVAV Sys 1,False,7462
448,Output:Variable,DXVAV Sys 1,2,Variable Name,Air System Mixed Air Mass Flow Rate,False,7463
448,Output:Variable,DXVAV Sys 1,3,Reporting Frequency,Timestep,False,7464
449,Output:Variable,DXVAV Sys 1,1,Key Value,DXVAV Sys 1,False,7467
449,Output:Variable,DXVAV Sys 1,2,Variable Name,Air System Outdoor Air Minimum Flow Fraction,False,7468
449,Output:Variable,DXVAV Sys 1,3,Reporting Frequency,Timestep,False,7469
450,Output:Variable,*,1,Key Value,*,False,7472
450,Output:Variable,*,2,Variable Name,Zone Air Terminal Outdoor Air Volume Flow Rate,False,7473
450,Output:Variable,*,3,Reporting Frequency,Timestep,False,7474
451,Output:Variable,*,1,Key Value,*,False,7477
451,Output:Variable,*,2,Variable Name,Zone Air Terminal Minimum Air Flow Fraction,False,7478
451,Output:Variable,*,3,Reporting Frequency,Timestep,False,7479
452,Output:Variable,Min OA Sched,1,Key Value,Min OA Sched,False,7482
452,Output:Variable,Min OA Sched,2,Variable Name,Schedule Value,False,7483
452,Output:Variable,Min OA Sched,3,Reporting Frequency,Timestep,False,7484
453,Output:Variable,Thermal Zone: Space 103 LAB B Supply Inlet,1,Key Value,Thermal Zone: Space 103 LAB B Supply Inlet,False,7487
453,Output:Variable,Thermal Zone: Space 103 LAB B Supply Inlet,2,Variable Name,System Node Mass Flow Rate,False,7488
453,Output:Variable,Thermal Zone: Space 103 LAB B Supply Inlet,3,Reporting Frequency,Timestep,False,7489
454,Output:Variable,Thermal Zone: Space 102 - Plus Supply Inlet,1,Key Value,Thermal Zone: Space 102 - Plus Supply Inlet,False,7492
454,Output:Variable,Thermal Zone: Space 102 - Plus Supply Inlet,2,Variable Name,System Node Mass Flow Rate,False,7493
454,Output:Variable,Thermal Zone: Space 102 - Plus Supply Inlet,3,Reporting Frequency,Timestep,False,7494
455,Output:Variable,Thermal Zone: Space 105 LAB A Supply Inlet,1,Key Value,Thermal Zone: Space 105 LAB A Supply Inlet,False,7497
455,Output:Variable,Thermal Zone: Space 105 LAB A Supply Inlet,2,Variable Name,System Node Mass Flow Rate,False,7498
455,Output:Variable,Thermal Zone: Space 105 LAB A Supply Inlet,3,Reporting Frequency,Timestep,False,7499
456,Output:Variable,*,1,Key Value,*,False,7502
456,Output:Variable,*,2,Variable Name,Zone Heating Setpoint Not Met Time,False,7503
456,Output:Variable,*,3,Reporting Frequency,Timestep,False,7504
457,Output:Variable,*,1,Key Value,*,False,7507
457,Output:Variable,*,2,Variable Name,Zone Cooling Setpoint Not Met Time,False,7508
457,Output:Variable,*,3,Reporting Frequency,Timestep,False,7509
458,Output:Variable,*,1,Key Value,*,False,7512
458,Output:Variable,*,2,Variable Name,Zone Heating Setpoint Not Met While Occupied Time,False,7513
458,Output:Variable,*,3,Reporting Frequency,Timestep,False,7514
459,Output:Variable,*,1,Key Value,*,False,7517
459,Output:Variable,*,2,Variable Name,Zone Cooling Setpoint Not Met While Occupied Time,False,7518
459,Output:Variable,*,3,Reporting Frequency,Timestep,False,7519
460,Output:Variable,DXVAV Sys 1,1,Key Value,DXVAV Sys 1,False,7522
460,Output:Variable,DXVAV Sys 1,2,Variable Name,Air System Outdoor Air Mechanical Ventilation Requested Mass Flow Rate,False,7523
460,Output:Variable,DXVAV Sys 1,3,Reporting Frequency,Timestep,False,7524
461,Output:Variable,Thermal Zone: Space 103 LAB B Supply Inlet,1,Key Value,Thermal Zone: Space 103 LAB B Supply Inlet,False,7527
461,Output:Variable,Thermal Zone: Space 103 LAB B Supply Inlet,2,Variable Name,System Node Standard Density Volume Flow Rate,False,7528
461,Output:Variable,Thermal Zone: Space 103 LAB B Supply Inlet,3,Reporting Frequency,Timestep,False,7529
462,Output:Variable,Thermal Zone: Space 102 - Plus Supply Inlet,1,Key Value,Thermal Zone: Space 102 - Plus Supply Inlet,False,7532
462,Output:Variable,Thermal Zone: Space 102 - Plus Supply Inlet,2,Variable Name,System Node Standard Density Volume Flow Rate,False,7533
462,Output:Variable,Thermal Zone: Space 102 - Plus Supply Inlet,3,Reporting Frequency,Timestep,False,7534
463,Output:Variable,Thermal Zone: Space 105 LAB A Supply Inlet,1,Key Value,Thermal Zone: Space 105 LAB A Supply Inlet,False,7537
463,Output:Variable,Thermal Zone: Space 105 LAB A Supply Inlet,2,Variable Name,System Node Standard Density Volume Flow Rate,False,7538
463,Output:Variable,Thermal Zone: Space 105 LAB A Supply Inlet,3,Reporting Frequency,Timestep,False,7539
464,Output:Variable,DXVAV Sys 1 Supply Fan Outlet,1,Key Value,DXVAV Sys 1 Supply Fan Outlet,False,7542
464,Output:Variable,DXVAV Sys 1 Supply Fan Outlet,2,Variable Name,System Node Standard Density Volume Flow Rate,False,7543
464,Output:Variable,DXVAV Sys 1 Supply Fan Outlet,3,Reporting Frequency,Timestep,False,7544
465,Output:Variable,*,1,Key Value,*,False,7547
465,Output:Variable,*,2,Variable Name,Site Ground Temperature,False,7548
465,Output:Variable,*,3,Reporting Frequency,Timestep,False,7549
466,Output:Variable,Surface 1,1,Key Value,Surface 1,False,7552
466,Output:Variable,Surface 1,2,Variable Name,Surface Inside Face Temperature,False,7553
466,Output:Variable,Surface 1,3,Reporting Frequency,Timestep,False,7554
467,Output:Variable,Surface 1,1,Key Value,Surface 1,False,7557
467,Output:Variable,Surface 1,2,Variable Name,Surface Outside Face Temperature,False,7558
467,Output:Variable,Surface 1,3,Reporting Frequency,Timestep,False,7559
468,Output:Variable,Surface 1,1,Key Value,Surface 1,False,7562
468,Output:Variable,Surface 1,2,Variable Name,Surface Inside Face Conduction Heat Transfer Rate,False,7563
468,Output:Variable,Surface 1,3,Reporting Frequency,Timestep,False,7564
469,Output:Variable,Surface 1,1,Key Value,Surface 1,False,7567
469,Output:Variable,Surface 1,2,Variable Name,Surface Inside Face Convection Heat Gain Rate,False,7568
469,Output:Variable,Surface 1,3,Reporting Frequency,Timestep,False,7569
470,Output:Variable,Surface 9,1,Key Value,Surface 9,False,7572
470,Output:Variable,Surface 9,2,Variable Name,Surface Inside Face Temperature,False,7573
470,Output:Variable,Surface 9,3,Reporting Frequency,Timestep,False,7574
471,Output:Variable,Surface 9,1,Key Value,Surface 9,False,7577
471,Output:Variable,Surface 9,2,Variable Name,Surface Outside Face Temperature,False,7578
471,Output:Variable,Surface 9,3,Reporting Frequency,Timestep,False,7579
472,Output:Variable,Surface 9,1,Key Value,Surface 9,False,7582
472,Output:Variable,Surface 9,2,Variable Name,Surface Inside Face Conduction Heat Transfer Rate,False,7583
472,Output:Variable,Surface 9,3,Reporting Frequency,Timestep,False,7584
473,Output:Variable,Surface 9,1,Key Value,Surface 9,False,7587
473,Output:Variable,Surface 9,2,Variable Name,Surface Inside Face Convection Heat Gain Rate,False,7588
473,Output:Variable,Surface 9,3,Reporting Frequency,Timestep,False,7589
474,Output:Variable,Surface 15,1,Key Value,Surface 15,False,7592
474,Output:Variable,Surface 15,2,Variable Name,Surface Inside Face Temperature,False,7593
474,Output:Variable,Surface 15,3,Reporting Frequency,Timestep,False,7594
475,Output:Variable,Surface 15,1,Key Value,Surface 15,False,7597
475,Output:Variable,Surface 15,2,Variable Name,Surface Outside Face Temperature,False,7598
475,Output:Variable,Surface 15,3,Reporting Frequency,Timestep,False,7599
476,Output:Variable,Surface 15,1,Key Value,Surface 15,False,7602
476,Output:Variable,Surface 15,2,Variable Name,Surface Inside Face Conduction Heat Transfer Rate,False,7603
476,Output:Variable,Surface 15,3,Reporting Frequency,Timestep,False,7604
477,Output:Variable,Surface 15,1,Key Value,Surface 15,False,7607
477,Output:Variable,Surface 15,2,Variable Name,Surface Inside Face Convection Heat Gain Rate,False,7608
477,Output:Variable,Surface 15,3,Reporting Frequency,Timestep,False,7609
478,Output:Variable,Surface 23,1,Key Value,Surface 23,False,7612
478,Output:Variable,Surface 23,2,Variable Name,Surface Inside Face Temperature,False,7613
478,Output:Variable,Surface 23,3,Reporting Frequency,Timestep,False,7614
479,Output:Variable,Surface 23,1,Key Value,Surface 23,False,7617
479,Output:Variable,Surface 23,2,Variable Name,Surface Outside Face Temperature,False,7618
479,Output:Variable,Surface 23,3,Reporting Frequency,Timestep,False,7619
480,Output:Variable,Surface 23,1,Key Value,Surface 23,False,7622
480,Output:Variable,Surface 23,2,Variable Name,Surface Inside Face Conduction Heat Transfer Rate,False,7623
480,Output:Variable,Surface 23,3,Reporting Frequency,Timestep,False,7624
481,Output:Variable,Surface 23,1,Key Value,Surface 23,False,7627
481,Output:Variable,Surface 23,2,Variable Name,Surface Inside Face Convection Heat Gain Rate,False,7628
481,Output:Variable,Surface 23,3,Reporting Frequency,Timestep,False,7629
482,Output:Variable,Surface 33,1,Key Value,Surface 33,False,7632
482,Output:Variable,Surface 33,2,Variable Name,Surface Inside Face Temperature,False,7633
482,Output:Variable,Surface 33,3,Reporting Frequency,Timestep,False,7634
483,Output:Variable,Surface 33,1,Key Value,Surface 33,False,7637
483,Output:Variable,Surface 33,2,Variable Name,Surface Outside Face Temperature,False,7638
483,Output:Variable,Surface 33,3,Reporting Frequency,Timestep,False,7639
484,Output:Variable,Surface 33,1,Key Value,Surface 33,False,7642
484,Output:Variable,Surface 33,2,Variable Name,Surface Inside Face Conduction Heat Transfer Rate,False,7643
484,Output:Variable,Surface 33,3,Reporting Frequency,Timestep,False,7644
485,Output:Variable,Surface 33,1,Key Value,Surface 33,False,7647
485,Output:Variable,Surface 33,2,Variable Name,Surface Inside Face Convection Heat Gain Rate,False,7648
485,Output:Variable,Surface 33,3,Reporting Frequency,Timestep,False,7649
486,Output:Variable,Surface 40,1,Key Value,Surface 40,False,7652
486,Output:Variable,Surface 40,2,Variable Name,Surface Inside Face Temperature,False,7653
486,Output:Variable,Surface 40,3,Reporting Frequency,Timestep,False,7654
487,Output:Variable,Surface 40,1,Key Value,Surface 40,False,7657
487,Output:Variable,Surface 40,2,Variable Name,Surface Outside Face Temperature,False,7658
487,Output:Variable,Surface 40,3,Reporting Frequency,Timestep,False,7659
488,Output:Variable,Surface 40,1,Key Value,Surface 40,False,7662
488,Output:Variable,Surface 40,2,Variable Name,Surface Inside Face Conduction Heat Transfer Rate,False,7663
488,Output:Variable,Surface 40,3,Reporting Frequency,Timestep,False,7664
489,Output:Variable,Surface 40,1,Key Value,Surface 40,False,7667
489,Output:Variable,Surface 40,2,Variable Name,Surface Inside Face Convection Heat Gain Rate,False,7668
489,Output:Variable,Surface 40,3,Reporting Frequency,Timestep,False,7669
490,Output:Meter:MeterFileOnly,Electricity:Facility,1,Key Name,Electricity:Facility,False,7675
490,Output:Meter:MeterFileOnly,Electricity:Facility,2,Reporting Frequency,Hourly,False,7676
491,Output:Meter:MeterFileOnly,Electricity:Building,1,Key Name,Electricity:Building,False,7679
491,Output:Meter:MeterFileOnly,Electricity:Building,2,Reporting Frequency,Hourly,False,7680
492,Output:Meter:MeterFileOnly,InteriorLights:Electricity,1,Key Name,InteriorLights:Electricity,False,7683
492,Output:Meter:MeterFileOnly,InteriorLights:Electricity,2,Reporting Frequency,Hourly,False,7684
493,Output:Meter:MeterFileOnly,Electricity:HVAC,1,Key Name,Electricity:HVAC,False,7687
493,Output:Meter:MeterFileOnly,Electricity:HVAC,2,Reporting Frequency,Hourly,False,7688
494,Output:Meter:MeterFileOnly,Electricity:Facility,1,Key Name,Electricity:Facility,False,7691
494,Output:Meter:MeterFileOnly,Electricity:Facility,2,Reporting Frequency,runperiod,False,7692
495,Output:Meter:MeterFileOnly,Electricity:Building,1,Key Name,Electricity:Building,False,7695
495,Output:Meter:MeterFileOnly,Electricity:Building,2,Reporting Frequency,runperiod,False,7696
496,Output:Meter:MeterFileOnly,InteriorLights:Electricity,1,Key Name,InteriorLights:Electricity,False,7699
496,Output:Meter:MeterFileOnly,InteriorLights:Electricity,2,Reporting Frequency,runperiod,False,7700
497,Output:Meter:MeterFileOnly,Electricity:HVAC,1,Key Name,Electricity:HVAC,False,7703
497,Output:Meter:MeterFileOnly,Electricity:HVAC,2,Reporting Frequency,runperiod,False,7704
498,Output:Meter:MeterFileOnly,Heating:Electricity,1,Key Name,Heating:Electricity,False,7707
498,Output:Meter:MeterFileOnly,Heating:Electricity,2,Reporting Frequency,Hourly,False,7708
499,Output:Meter:MeterFileOnly,Cooling:Electricity,1,Key Name,Cooling:Electricity,False,7711
499,Output:Meter:MeterFileOnly,Cooling:Electricity,2,Reporting Frequency,Hourly,False,7712
500,Output:Meter:MeterFileOnly,Electricity:Zone:THERMAL ZONE: SPACE 103 LAB B,1,Key Name,Electricity:Zone:THERMAL ZONE: SPACE 103 LAB B,False,7715
500,Output:Meter:MeterFileOnly,Electricity:Zone:THERMAL ZONE: SPACE 103 LAB B,2,Reporting Frequency,Hourly,False,7716
501,Output:Meter:MeterFileOnly,Electricity:Zone:THERMAL ZONE: SPACE 102 - PLUS,1,Key Name,Electricity:Zone:THERMAL ZONE: SPACE 102 - PLUS,False,7719
501,Output:Meter:MeterFileOnly,Electricity:Zone:THERMAL ZONE: SPACE 102 - PLUS,2,Reporting Frequency,Hourly,False,7720
502,Output:Meter:MeterFileOnly,Electricity:Zone:THERMAL ZONE: SPACE 105 LAB A,1,Key Name,Electricity:Zone:THERMAL ZONE: SPACE 105 LAB A,False,7723
502,Output:Meter:MeterFileOnly,Electricity:Zone:THERMAL ZONE: SPACE 105 LAB A,2,Reporting Frequency,Hourly,False,7724
503,Output:Meter:MeterFileOnly,ElectricityNet:Facility,1,Key Name,ElectricityNet:Facility,False,7727
503,Output:Meter:MeterFileOnly,ElectricityNet:Facility,2,Reporting Frequency,Hourly,False,7728
504,Output:SQLite,SimpleAndTabular,1,Option Type,SimpleAndTabular,False,7734
505,Output:Diagnostics,DisplayExtraWarnings,1,Key 1,DisplayExtraWarnings,False,7740
505,Output:Diagnostics,DisplayExtraWarnings,2,Key 2,DisplayAdvancedReportVariables,False,7741
