class,material_or_assembly,field_number,field,value,idf_line,evidence_scope,declared_sources_and_scope
Material,HIBO Metal Wall Panel 24ga Eq,1,Name,HIBO Metal Wall Panel 24ga Eq,686,Declared IDF provenance; not a new product verification,"Scope: Keep .00061 m in this audit. The drawing/gauge-to-thickness basis should be retained from the geometry record; not supplied by F08. | Scope: Generic metal-sheet proxy; actual steel grade/coating not verified. | Source: EnergyPlus v22.2.0 ASHRAE_2005_HOF_Materials.idf; F08 Metal surface, lines 131-137; same full physical tuple, reference thickness .0008 m | URL: https://github.com/NatLabRockies/EnergyPlus/blob/v22.2.0/datasets/ASHRAE_2005_HOF_Materials.idf | Source: User supplied latest HIBO_Task1_Standard_Ground(1).idf | Source: NREL/NatLabRockies OpenStudio Prototype Buildings material library; F08 Metal surface, lines 14590-14603 | URL: https://github.com/NatLabRockies/OpenStudio-Prototype-Buildings/blob/be99118c3f52f439aa4e0e0a32829101e833f731/create_DOE_prototype_building/resources/OpenStudio_Standards_materials.json"
Material,HIBO Metal Wall Panel 24ga Eq,2,Roughness,Smooth,687,Declared IDF provenance; not a new product verification,"Scope: Keep .00061 m in this audit. The drawing/gauge-to-thickness basis should be retained from the geometry record; not supplied by F08. | Scope: Generic metal-sheet proxy; actual steel grade/coating not verified. | Source: EnergyPlus v22.2.0 ASHRAE_2005_HOF_Materials.idf; F08 Metal surface, lines 131-137; same full physical tuple, reference thickness .0008 m | URL: https://github.com/NatLabRockies/EnergyPlus/blob/v22.2.0/datasets/ASHRAE_2005_HOF_Materials.idf | Source: User supplied latest HIBO_Task1_Standard_Ground(1).idf | Source: NREL/NatLabRockies OpenStudio Prototype Buildings material library; F08 Metal surface, lines 14590-14603 | URL: https://github.com/NatLabRockies/OpenStudio-Prototype-Buildings/blob/be99118c3f52f439aa4e0e0a32829101e833f731/create_DOE_prototype_building/resources/OpenStudio_Standards_materials.json"
Material,HIBO Metal Wall Panel 24ga Eq,3,Thickness {m},0.00061,688,Declared IDF provenance; not a new product verification,"Scope: Keep .00061 m in this audit. The drawing/gauge-to-thickness basis should be retained from the geometry record; not supplied by F08. | Scope: Generic metal-sheet proxy; actual steel grade/coating not verified. | Source: EnergyPlus v22.2.0 ASHRAE_2005_HOF_Materials.idf; F08 Metal surface, lines 131-137; same full physical tuple, reference thickness .0008 m | URL: https://github.com/NatLabRockies/EnergyPlus/blob/v22.2.0/datasets/ASHRAE_2005_HOF_Materials.idf | Source: User supplied latest HIBO_Task1_Standard_Ground(1).idf | Source: NREL/NatLabRockies OpenStudio Prototype Buildings material library; F08 Metal surface, lines 14590-14603 | URL: https://github.com/NatLabRockies/OpenStudio-Prototype-Buildings/blob/be99118c3f52f439aa4e0e0a32829101e833f731/create_DOE_prototype_building/resources/OpenStudio_Standards_materials.json"
Material,HIBO Metal Wall Panel 24ga Eq,4,Conductivity {W/m-K},45.28,689,Declared IDF provenance; not a new product verification,"Scope: Keep .00061 m in this audit. The drawing/gauge-to-thickness basis should be retained from the geometry record; not supplied by F08. | Scope: Generic metal-sheet proxy; actual steel grade/coating not verified. | Source: EnergyPlus v22.2.0 ASHRAE_2005_HOF_Materials.idf; F08 Metal surface, lines 131-137; same full physical tuple, reference thickness .0008 m | URL: https://github.com/NatLabRockies/EnergyPlus/blob/v22.2.0/datasets/ASHRAE_2005_HOF_Materials.idf | Source: User supplied latest HIBO_Task1_Standard_Ground(1).idf | Source: NREL/NatLabRockies OpenStudio Prototype Buildings material library; F08 Metal surface, lines 14590-14603 | URL: https://github.com/NatLabRockies/OpenStudio-Prototype-Buildings/blob/be99118c3f52f439aa4e0e0a32829101e833f731/create_DOE_prototype_building/resources/OpenStudio_Standards_materials.json"
Material,HIBO Metal Wall Panel 24ga Eq,5,Density {kg/m3},7824,690,Declared IDF provenance; not a new product verification,"Scope: Keep .00061 m in this audit. The drawing/gauge-to-thickness basis should be retained from the geometry record; not supplied by F08. | Scope: Generic metal-sheet proxy; actual steel grade/coating not verified. | Source: EnergyPlus v22.2.0 ASHRAE_2005_HOF_Materials.idf; F08 Metal surface, lines 131-137; same full physical tuple, reference thickness .0008 m | URL: https://github.com/NatLabRockies/EnergyPlus/blob/v22.2.0/datasets/ASHRAE_2005_HOF_Materials.idf | Source: User supplied latest HIBO_Task1_Standard_Ground(1).idf | Source: NREL/NatLabRockies OpenStudio Prototype Buildings material library; F08 Metal surface, lines 14590-14603 | URL: https://github.com/NatLabRockies/OpenStudio-Prototype-Buildings/blob/be99118c3f52f439aa4e0e0a32829101e833f731/create_DOE_prototype_building/resources/OpenStudio_Standards_materials.json"
Material,HIBO Metal Wall Panel 24ga Eq,6,Specific Heat {J/kg-K},500,691,Declared IDF provenance; not a new product verification,"Scope: Keep .00061 m in this audit. The drawing/gauge-to-thickness basis should be retained from the geometry record; not supplied by F08. | Scope: Generic metal-sheet proxy; actual steel grade/coating not verified. | Source: EnergyPlus v22.2.0 ASHRAE_2005_HOF_Materials.idf; F08 Metal surface, lines 131-137; same full physical tuple, reference thickness .0008 m | URL: https://github.com/NatLabRockies/EnergyPlus/blob/v22.2.0/datasets/ASHRAE_2005_HOF_Materials.idf | Source: User supplied latest HIBO_Task1_Standard_Ground(1).idf | Source: NREL/NatLabRockies OpenStudio Prototype Buildings material library; F08 Metal surface, lines 14590-14603 | URL: https://github.com/NatLabRockies/OpenStudio-Prototype-Buildings/blob/be99118c3f52f439aa4e0e0a32829101e833f731/create_DOE_prototype_building/resources/OpenStudio_Standards_materials.json"
Material,HIBO Metal Wall Panel 24ga Eq,7,Thermal Absorptance,0.9,692,Declared IDF provenance; not a new product verification,"Scope: Keep .00061 m in this audit. The drawing/gauge-to-thickness basis should be retained from the geometry record; not supplied by F08. | Scope: Generic metal-sheet proxy; actual steel grade/coating not verified. | Source: EnergyPlus v22.2.0 ASHRAE_2005_HOF_Materials.idf; F08 Metal surface, lines 131-137; same full physical tuple, reference thickness .0008 m | URL: https://github.com/NatLabRockies/EnergyPlus/blob/v22.2.0/datasets/ASHRAE_2005_HOF_Materials.idf | Source: User supplied latest HIBO_Task1_Standard_Ground(1).idf | Source: NREL/NatLabRockies OpenStudio Prototype Buildings material library; F08 Metal surface, lines 14590-14603 | URL: https://github.com/NatLabRockies/OpenStudio-Prototype-Buildings/blob/be99118c3f52f439aa4e0e0a32829101e833f731/create_DOE_prototype_building/resources/OpenStudio_Standards_materials.json"
Material,HIBO Metal Wall Panel 24ga Eq,8,Solar Absorptance,0.7,693,Declared IDF provenance; not a new product verification,"Scope: Keep .00061 m in this audit. The drawing/gauge-to-thickness basis should be retained from the geometry record; not supplied by F08. | Scope: Generic metal-sheet proxy; actual steel grade/coating not verified. | Source: EnergyPlus v22.2.0 ASHRAE_2005_HOF_Materials.idf; F08 Metal surface, lines 131-137; same full physical tuple, reference thickness .0008 m | URL: https://github.com/NatLabRockies/EnergyPlus/blob/v22.2.0/datasets/ASHRAE_2005_HOF_Materials.idf | Source: User supplied latest HIBO_Task1_Standard_Ground(1).idf | Source: NREL/NatLabRockies OpenStudio Prototype Buildings material library; F08 Metal surface, lines 14590-14603 | URL: https://github.com/NatLabRockies/OpenStudio-Prototype-Buildings/blob/be99118c3f52f439aa4e0e0a32829101e833f731/create_DOE_prototype_building/resources/OpenStudio_Standards_materials.json"
Material,HIBO Metal Wall Panel 24ga Eq,9,Visible Absorptance,0.7,694,Declared IDF provenance; not a new product verification,"Scope: Keep .00061 m in this audit. The drawing/gauge-to-thickness basis should be retained from the geometry record; not supplied by F08. | Scope: Generic metal-sheet proxy; actual steel grade/coating not verified. | Source: EnergyPlus v22.2.0 ASHRAE_2005_HOF_Materials.idf; F08 Metal surface, lines 131-137; same full physical tuple, reference thickness .0008 m | URL: https://github.com/NatLabRockies/EnergyPlus/blob/v22.2.0/datasets/ASHRAE_2005_HOF_Materials.idf | Source: User supplied latest HIBO_Task1_Standard_Ground(1).idf | Source: NREL/NatLabRockies OpenStudio Prototype Buildings material library; F08 Metal surface, lines 14590-14603 | URL: https://github.com/NatLabRockies/OpenStudio-Prototype-Buildings/blob/be99118c3f52f439aa4e0e0a32829101e833f731/create_DOE_prototype_building/resources/OpenStudio_Standards_materials.json"
Material,HIBO Burnished CMU Veneer 4in Eq,1,Name,HIBO Burnished CMU Veneer 4in Eq,719,Declared IDF provenance; not a new product verification,"Scope: Retain gross layer thickness .0921 m (approximately 3-5/8 in). This is an equivalent hollow masonry layer, not solid concrete. | Scope: 105-pcf concrete is the selected reference material category, not a verified HIBO unit density. Net concrete density is approximately 1681.94 kg/m3, while the energy-model gross/effective density is 832.319 kg/m3. | Scope: The reference R includes mortar and void effects; film resistances are removed so EnergyPlus can calculate its own surface convection/radiation. | Scope: Steady-state R and areal heat capacity are preserved for the selected reference assembly. Homogeneous k/rho/cp cannot reproduce every multidimensional hollow-block response. | Scope: Burnishing, color, coating, actual web geometry, and actual aggregate are not established by these references. Optical defaults remain a declared convention. | Scope: The Echelon manufacturer specification does not give a density class or numeric optical properties. The105-pcf CMHA reference category is a declared choice, not a product value. | Source: EnergyPlus v22.2.0 ASHRAE_2005_HOF_Materials.idf; M05 200mm concrete block, lines 363-369; category only | URL: https://github.com/NatLabRockies/EnergyPlus/blob/v22.2.0/datasets/ASHRAE_2005_HOF_Materials.idf | Source: User supplied latest HIBO_Task1_Standard_Ground(1).idf | Source: CMHA TEK 06-02C, R-Values and U-Factors of Single Wythe Concrete Masonry Walls + User supplied latest HIBO_Task1_Standard_Ground(1).idf; k=t/[(1.93-0.68-0.17)*0.17611018368230585] | URL: https://www.cmha.org/resource/tek-06-02c/ | Source: CMHA TEK 06-16A, Heat Capacity (HC) Values for Concrete Masonry Walls + User supplied latest HIBO_Task1_Standard_Ground(1).idf; rho_eff=[3.3*20441.748028008555]/[880*0.0921] | URL: https://www.cmha.org/resource/tek-06-16a/ | Source: CMHA TEK 06-16A, Heat Capacity (HC) Values for Concrete Masonry Walls; Calculating Heat Capacity: representative concrete cp=880 J/(kg K) | Source: EnergyPlus v22.2.0 Input Output Reference, Material optical defaults; Material default optical fields | URL: https://github.com/NatLabRockies/EnergyPlus/blob/v22.2.0/doc/input-output-reference/src/overview/group-surface-construction-elements.tex#L87-L97"
Material,HIBO Burnished CMU Veneer 4in Eq,2,Roughness,MediumRough,720,Declared IDF provenance; not a new product verification,"Scope: Retain gross layer thickness .0921 m (approximately 3-5/8 in). This is an equivalent hollow masonry layer, not solid concrete. | Scope: 105-pcf concrete is the selected reference material category, not a verified HIBO unit density. Net concrete density is approximately 1681.94 kg/m3, while the energy-model gross/effective density is 832.319 kg/m3. | Scope: The reference R includes mortar and void effects; film resistances are removed so EnergyPlus can calculate its own surface convection/radiation. | Scope: Steady-state R and areal heat capacity are preserved for the selected reference assembly. Homogeneous k/rho/cp cannot reproduce every multidimensional hollow-block response. | Scope: Burnishing, color, coating, actual web geometry, and actual aggregate are not established by these references. Optical defaults remain a declared convention. | Scope: The Echelon manufacturer specification does not give a density class or numeric optical properties. The105-pcf CMHA reference category is a declared choice, not a product value. | Source: EnergyPlus v22.2.0 ASHRAE_2005_HOF_Materials.idf; M05 200mm concrete block, lines 363-369; category only | URL: https://github.com/NatLabRockies/EnergyPlus/blob/v22.2.0/datasets/ASHRAE_2005_HOF_Materials.idf | Source: User supplied latest HIBO_Task1_Standard_Ground(1).idf | Source: CMHA TEK 06-02C, R-Values and U-Factors of Single Wythe Concrete Masonry Walls + User supplied latest HIBO_Task1_Standard_Ground(1).idf; k=t/[(1.93-0.68-0.17)*0.17611018368230585] | URL: https://www.cmha.org/resource/tek-06-02c/ | Source: CMHA TEK 06-16A, Heat Capacity (HC) Values for Concrete Masonry Walls + User supplied latest HIBO_Task1_Standard_Ground(1).idf; rho_eff=[3.3*20441.748028008555]/[880*0.0921] | URL: https://www.cmha.org/resource/tek-06-16a/ | Source: CMHA TEK 06-16A, Heat Capacity (HC) Values for Concrete Masonry Walls; Calculating Heat Capacity: representative concrete cp=880 J/(kg K) | Source: EnergyPlus v22.2.0 Input Output Reference, Material optical defaults; Material default optical fields | URL: https://github.com/NatLabRockies/EnergyPlus/blob/v22.2.0/doc/input-output-reference/src/overview/group-surface-construction-elements.tex#L87-L97"
Material,HIBO Burnished CMU Veneer 4in Eq,3,Thickness {m},0.0921,721,Declared IDF provenance; not a new product verification,"Scope: Retain gross layer thickness .0921 m (approximately 3-5/8 in). This is an equivalent hollow masonry layer, not solid concrete. | Scope: 105-pcf concrete is the selected reference material category, not a verified HIBO unit density. Net concrete density is approximately 1681.94 kg/m3, while the energy-model gross/effective density is 832.319 kg/m3. | Scope: The reference R includes mortar and void effects; film resistances are removed so EnergyPlus can calculate its own surface convection/radiation. | Scope: Steady-state R and areal heat capacity are preserved for the selected reference assembly. Homogeneous k/rho/cp cannot reproduce every multidimensional hollow-block response. | Scope: Burnishing, color, coating, actual web geometry, and actual aggregate are not established by these references. Optical defaults remain a declared convention. | Scope: The Echelon manufacturer specification does not give a density class or numeric optical properties. The105-pcf CMHA reference category is a declared choice, not a product value. | Source: EnergyPlus v22.2.0 ASHRAE_2005_HOF_Materials.idf; M05 200mm concrete block, lines 363-369; category only | URL: https://github.com/NatLabRockies/EnergyPlus/blob/v22.2.0/datasets/ASHRAE_2005_HOF_Materials.idf | Source: User supplied latest HIBO_Task1_Standard_Ground(1).idf | Source: CMHA TEK 06-02C, R-Values and U-Factors of Single Wythe Concrete Masonry Walls + User supplied latest HIBO_Task1_Standard_Ground(1).idf; k=t/[(1.93-0.68-0.17)*0.17611018368230585] | URL: https://www.cmha.org/resource/tek-06-02c/ | Source: CMHA TEK 06-16A, Heat Capacity (HC) Values for Concrete Masonry Walls + User supplied latest HIBO_Task1_Standard_Ground(1).idf; rho_eff=[3.3*20441.748028008555]/[880*0.0921] | URL: https://www.cmha.org/resource/tek-06-16a/ | Source: CMHA TEK 06-16A, Heat Capacity (HC) Values for Concrete Masonry Walls; Calculating Heat Capacity: representative concrete cp=880 J/(kg K) | Source: EnergyPlus v22.2.0 Input Output Reference, Material optical defaults; Material default optical fields | URL: https://github.com/NatLabRockies/EnergyPlus/blob/v22.2.0/doc/input-output-reference/src/overview/group-surface-construction-elements.tex#L87-L97"
Material,HIBO Burnished CMU Veneer 4in Eq,4,Conductivity {W/m-K},0.484229679367,722,Declared IDF provenance; not a new product verification,"Scope: Retain gross layer thickness .0921 m (approximately 3-5/8 in). This is an equivalent hollow masonry layer, not solid concrete. | Scope: 105-pcf concrete is the selected reference material category, not a verified HIBO unit density. Net concrete density is approximately 1681.94 kg/m3, while the energy-model gross/effective density is 832.319 kg/m3. | Scope: The reference R includes mortar and void effects; film resistances are removed so EnergyPlus can calculate its own surface convection/radiation. | Scope: Steady-state R and areal heat capacity are preserved for the selected reference assembly. Homogeneous k/rho/cp cannot reproduce every multidimensional hollow-block response. | Scope: Burnishing, color, coating, actual web geometry, and actual aggregate are not established by these references. Optical defaults remain a declared convention. | Scope: The Echelon manufacturer specification does not give a density class or numeric optical properties. The105-pcf CMHA reference category is a declared choice, not a product value. | Source: EnergyPlus v22.2.0 ASHRAE_2005_HOF_Materials.idf; M05 200mm concrete block, lines 363-369; category only | URL: https://github.com/NatLabRockies/EnergyPlus/blob/v22.2.0/datasets/ASHRAE_2005_HOF_Materials.idf | Source: User supplied latest HIBO_Task1_Standard_Ground(1).idf | Source: CMHA TEK 06-02C, R-Values and U-Factors of Single Wythe Concrete Masonry Walls + User supplied latest HIBO_Task1_Standard_Ground(1).idf; k=t/[(1.93-0.68-0.17)*0.17611018368230585] | URL: https://www.cmha.org/resource/tek-06-02c/ | Source: CMHA TEK 06-16A, Heat Capacity (HC) Values for Concrete Masonry Walls + User supplied latest HIBO_Task1_Standard_Ground(1).idf; rho_eff=[3.3*20441.748028008555]/[880*0.0921] | URL: https://www.cmha.org/resource/tek-06-16a/ | Source: CMHA TEK 06-16A, Heat Capacity (HC) Values for Concrete Masonry Walls; Calculating Heat Capacity: representative concrete cp=880 J/(kg K) | Source: EnergyPlus v22.2.0 Input Output Reference, Material optical defaults; Material default optical fields | URL: https://github.com/NatLabRockies/EnergyPlus/blob/v22.2.0/doc/input-output-reference/src/overview/group-surface-construction-elements.tex#L87-L97"
Material,HIBO Burnished CMU Veneer 4in Eq,5,Density {kg/m3},832.318730782,723,Declared IDF provenance; not a new product verification,"Scope: Retain gross layer thickness .0921 m (approximately 3-5/8 in). This is an equivalent hollow masonry layer, not solid concrete. | Scope: 105-pcf concrete is the selected reference material category, not a verified HIBO unit density. Net concrete density is approximately 1681.94 kg/m3, while the energy-model gross/effective density is 832.319 kg/m3. | Scope: The reference R includes mortar and void effects; film resistances are removed so EnergyPlus can calculate its own surface convection/radiation. | Scope: Steady-state R and areal heat capacity are preserved for the selected reference assembly. Homogeneous k/rho/cp cannot reproduce every multidimensional hollow-block response. | Scope: Burnishing, color, coating, actual web geometry, and actual aggregate are not established by these references. Optical defaults remain a declared convention. | Scope: The Echelon manufacturer specification does not give a density class or numeric optical properties. The105-pcf CMHA reference category is a declared choice, not a product value. | Source: EnergyPlus v22.2.0 ASHRAE_2005_HOF_Materials.idf; M05 200mm concrete block, lines 363-369; category only | URL: https://github.com/NatLabRockies/EnergyPlus/blob/v22.2.0/datasets/ASHRAE_2005_HOF_Materials.idf | Source: User supplied latest HIBO_Task1_Standard_Ground(1).idf | Source: CMHA TEK 06-02C, R-Values and U-Factors of Single Wythe Concrete Masonry Walls + User supplied latest HIBO_Task1_Standard_Ground(1).idf; k=t/[(1.93-0.68-0.17)*0.17611018368230585] | URL: https://www.cmha.org/resource/tek-06-02c/ | Source: CMHA TEK 06-16A, Heat Capacity (HC) Values for Concrete Masonry Walls + User supplied latest HIBO_Task1_Standard_Ground(1).idf; rho_eff=[3.3*20441.748028008555]/[880*0.0921] | URL: https://www.cmha.org/resource/tek-06-16a/ | Source: CMHA TEK 06-16A, Heat Capacity (HC) Values for Concrete Masonry Walls; Calculating Heat Capacity: representative concrete cp=880 J/(kg K) | Source: EnergyPlus v22.2.0 Input Output Reference, Material optical defaults; Material default optical fields | URL: https://github.com/NatLabRockies/EnergyPlus/blob/v22.2.0/doc/input-output-reference/src/overview/group-surface-construction-elements.tex#L87-L97"
Material,HIBO Burnished CMU Veneer 4in Eq,6,Specific Heat {J/kg-K},880,724,Declared IDF provenance; not a new product verification,"Scope: Retain gross layer thickness .0921 m (approximately 3-5/8 in). This is an equivalent hollow masonry layer, not solid concrete. | Scope: 105-pcf concrete is the selected reference material category, not a verified HIBO unit density. Net concrete density is approximately 1681.94 kg/m3, while the energy-model gross/effective density is 832.319 kg/m3. | Scope: The reference R includes mortar and void effects; film resistances are removed so EnergyPlus can calculate its own surface convection/radiation. | Scope: Steady-state R and areal heat capacity are preserved for the selected reference assembly. Homogeneous k/rho/cp cannot reproduce every multidimensional hollow-block response. | Scope: Burnishing, color, coating, actual web geometry, and actual aggregate are not established by these references. Optical defaults remain a declared convention. | Scope: The Echelon manufacturer specification does not give a density class or numeric optical properties. The105-pcf CMHA reference category is a declared choice, not a product value. | Source: EnergyPlus v22.2.0 ASHRAE_2005_HOF_Materials.idf; M05 200mm concrete block, lines 363-369; category only | URL: https://github.com/NatLabRockies/EnergyPlus/blob/v22.2.0/datasets/ASHRAE_2005_HOF_Materials.idf | Source: User supplied latest HIBO_Task1_Standard_Ground(1).idf | Source: CMHA TEK 06-02C, R-Values and U-Factors of Single Wythe Concrete Masonry Walls + User supplied latest HIBO_Task1_Standard_Ground(1).idf; k=t/[(1.93-0.68-0.17)*0.17611018368230585] | URL: https://www.cmha.org/resource/tek-06-02c/ | Source: CMHA TEK 06-16A, Heat Capacity (HC) Values for Concrete Masonry Walls + User supplied latest HIBO_Task1_Standard_Ground(1).idf; rho_eff=[3.3*20441.748028008555]/[880*0.0921] | URL: https://www.cmha.org/resource/tek-06-16a/ | Source: CMHA TEK 06-16A, Heat Capacity (HC) Values for Concrete Masonry Walls; Calculating Heat Capacity: representative concrete cp=880 J/(kg K) | Source: EnergyPlus v22.2.0 Input Output Reference, Material optical defaults; Material default optical fields | URL: https://github.com/NatLabRockies/EnergyPlus/blob/v22.2.0/doc/input-output-reference/src/overview/group-surface-construction-elements.tex#L87-L97"
Material,HIBO Burnished CMU Veneer 4in Eq,7,Thermal Absorptance,0.9,725,Declared IDF provenance; not a new product verification,"Scope: Retain gross layer thickness .0921 m (approximately 3-5/8 in). This is an equivalent hollow masonry layer, not solid concrete. | Scope: 105-pcf concrete is the selected reference material category, not a verified HIBO unit density. Net concrete density is approximately 1681.94 kg/m3, while the energy-model gross/effective density is 832.319 kg/m3. | Scope: The reference R includes mortar and void effects; film resistances are removed so EnergyPlus can calculate its own surface convection/radiation. | Scope: Steady-state R and areal heat capacity are preserved for the selected reference assembly. Homogeneous k/rho/cp cannot reproduce every multidimensional hollow-block response. | Scope: Burnishing, color, coating, actual web geometry, and actual aggregate are not established by these references. Optical defaults remain a declared convention. | Scope: The Echelon manufacturer specification does not give a density class or numeric optical properties. The105-pcf CMHA reference category is a declared choice, not a product value. | Source: EnergyPlus v22.2.0 ASHRAE_2005_HOF_Materials.idf; M05 200mm concrete block, lines 363-369; category only | URL: https://github.com/NatLabRockies/EnergyPlus/blob/v22.2.0/datasets/ASHRAE_2005_HOF_Materials.idf | Source: User supplied latest HIBO_Task1_Standard_Ground(1).idf | Source: CMHA TEK 06-02C, R-Values and U-Factors of Single Wythe Concrete Masonry Walls + User supplied latest HIBO_Task1_Standard_Ground(1).idf; k=t/[(1.93-0.68-0.17)*0.17611018368230585] | URL: https://www.cmha.org/resource/tek-06-02c/ | Source: CMHA TEK 06-16A, Heat Capacity (HC) Values for Concrete Masonry Walls + User supplied latest HIBO_Task1_Standard_Ground(1).idf; rho_eff=[3.3*20441.748028008555]/[880*0.0921] | URL: https://www.cmha.org/resource/tek-06-16a/ | Source: CMHA TEK 06-16A, Heat Capacity (HC) Values for Concrete Masonry Walls; Calculating Heat Capacity: representative concrete cp=880 J/(kg K) | Source: EnergyPlus v22.2.0 Input Output Reference, Material optical defaults; Material default optical fields | URL: https://github.com/NatLabRockies/EnergyPlus/blob/v22.2.0/doc/input-output-reference/src/overview/group-surface-construction-elements.tex#L87-L97"
Material,HIBO Burnished CMU Veneer 4in Eq,8,Solar Absorptance,0.7,726,Declared IDF provenance; not a new product verification,"Scope: Retain gross layer thickness .0921 m (approximately 3-5/8 in). This is an equivalent hollow masonry layer, not solid concrete. | Scope: 105-pcf concrete is the selected reference material category, not a verified HIBO unit density. Net concrete density is approximately 1681.94 kg/m3, while the energy-model gross/effective density is 832.319 kg/m3. | Scope: The reference R includes mortar and void effects; film resistances are removed so EnergyPlus can calculate its own surface convection/radiation. | Scope: Steady-state R and areal heat capacity are preserved for the selected reference assembly. Homogeneous k/rho/cp cannot reproduce every multidimensional hollow-block response. | Scope: Burnishing, color, coating, actual web geometry, and actual aggregate are not established by these references. Optical defaults remain a declared convention. | Scope: The Echelon manufacturer specification does not give a density class or numeric optical properties. The105-pcf CMHA reference category is a declared choice, not a product value. | Source: EnergyPlus v22.2.0 ASHRAE_2005_HOF_Materials.idf; M05 200mm concrete block, lines 363-369; category only | URL: https://github.com/NatLabRockies/EnergyPlus/blob/v22.2.0/datasets/ASHRAE_2005_HOF_Materials.idf | Source: User supplied latest HIBO_Task1_Standard_Ground(1).idf | Source: CMHA TEK 06-02C, R-Values and U-Factors of Single Wythe Concrete Masonry Walls + User supplied latest HIBO_Task1_Standard_Ground(1).idf; k=t/[(1.93-0.68-0.17)*0.17611018368230585] | URL: https://www.cmha.org/resource/tek-06-02c/ | Source: CMHA TEK 06-16A, Heat Capacity (HC) Values for Concrete Masonry Walls + User supplied latest HIBO_Task1_Standard_Ground(1).idf; rho_eff=[3.3*20441.748028008555]/[880*0.0921] | URL: https://www.cmha.org/resource/tek-06-16a/ | Source: CMHA TEK 06-16A, Heat Capacity (HC) Values for Concrete Masonry Walls; Calculating Heat Capacity: representative concrete cp=880 J/(kg K) | Source: EnergyPlus v22.2.0 Input Output Reference, Material optical defaults; Material default optical fields | URL: https://github.com/NatLabRockies/EnergyPlus/blob/v22.2.0/doc/input-output-reference/src/overview/group-surface-construction-elements.tex#L87-L97"
Material,HIBO Burnished CMU Veneer 4in Eq,9,Visible Absorptance,0.7,727,Declared IDF provenance; not a new product verification,"Scope: Retain gross layer thickness .0921 m (approximately 3-5/8 in). This is an equivalent hollow masonry layer, not solid concrete. | Scope: 105-pcf concrete is the selected reference material category, not a verified HIBO unit density. Net concrete density is approximately 1681.94 kg/m3, while the energy-model gross/effective density is 832.319 kg/m3. | Scope: The reference R includes mortar and void effects; film resistances are removed so EnergyPlus can calculate its own surface convection/radiation. | Scope: Steady-state R and areal heat capacity are preserved for the selected reference assembly. Homogeneous k/rho/cp cannot reproduce every multidimensional hollow-block response. | Scope: Burnishing, color, coating, actual web geometry, and actual aggregate are not established by these references. Optical defaults remain a declared convention. | Scope: The Echelon manufacturer specification does not give a density class or numeric optical properties. The105-pcf CMHA reference category is a declared choice, not a product value. | Source: EnergyPlus v22.2.0 ASHRAE_2005_HOF_Materials.idf; M05 200mm concrete block, lines 363-369; category only | URL: https://github.com/NatLabRockies/EnergyPlus/blob/v22.2.0/datasets/ASHRAE_2005_HOF_Materials.idf | Source: User supplied latest HIBO_Task1_Standard_Ground(1).idf | Source: CMHA TEK 06-02C, R-Values and U-Factors of Single Wythe Concrete Masonry Walls + User supplied latest HIBO_Task1_Standard_Ground(1).idf; k=t/[(1.93-0.68-0.17)*0.17611018368230585] | URL: https://www.cmha.org/resource/tek-06-02c/ | Source: CMHA TEK 06-16A, Heat Capacity (HC) Values for Concrete Masonry Walls + User supplied latest HIBO_Task1_Standard_Ground(1).idf; rho_eff=[3.3*20441.748028008555]/[880*0.0921] | URL: https://www.cmha.org/resource/tek-06-16a/ | Source: CMHA TEK 06-16A, Heat Capacity (HC) Values for Concrete Masonry Walls; Calculating Heat Capacity: representative concrete cp=880 J/(kg K) | Source: EnergyPlus v22.2.0 Input Output Reference, Material optical defaults; Material default optical fields | URL: https://github.com/NatLabRockies/EnergyPlus/blob/v22.2.0/doc/input-output-reference/src/overview/group-surface-construction-elements.tex#L87-L97"
Material,HIBO Thermax CI R7.5 Eq,1,Name,HIBO Thermax CI R7.5 Eq,746,Declared IDF provenance; not a new product verification,"Scope: Drawing thermal-resistance target is represented by an equivalent layer; density and specific heat are a generic faced-polyiso reference. | Source: Supplied HIBO_Task1_Standard_Ground(1).idf; HIBO Thermax CI R7.5 Eq | Source: DuPont THERMAX Sheathing, Specifications / Standard Sizes; HIBO A0.1 §072100; Equivalent thickness from drawing R7.5; not a listed board thickness | URL: https://www.dupont.com/products/thermax-sheathing.html | Source: HIBO A0.1 §072100 R7.5 plus equivalent thickness; Drawing R7.5; SI conversion1IPR=.17611m2K/W | Source: EnergyPlus v22.2.0 ASHRAE_2005_HOF_Materials.idf, Insulation: Cellular polyisocyanuratej (CFC-11 exp.) (gasimpermeable facers), lines865-871; Historical CFC-11 faced polyiso reference; density32, cp920; generic proxy for current foam | URL: https://github.com/NatLabRockies/EnergyPlus/blob/v22.2.0/datasets/ASHRAE_2005_HOF_Materials.idf | Source: EnergyPlus v22.2.0 Input Output Reference, Material defaults | URL: https://github.com/NatLabRockies/EnergyPlus/blob/v22.2.0/doc/input-output-reference/src/overview/group-surface-construction-elements.tex#L87-L97"
Material,HIBO Thermax CI R7.5 Eq,2,Roughness,MediumRough,747,Declared IDF provenance; not a new product verification,"Scope: Drawing thermal-resistance target is represented by an equivalent layer; density and specific heat are a generic faced-polyiso reference. | Source: Supplied HIBO_Task1_Standard_Ground(1).idf; HIBO Thermax CI R7.5 Eq | Source: DuPont THERMAX Sheathing, Specifications / Standard Sizes; HIBO A0.1 §072100; Equivalent thickness from drawing R7.5; not a listed board thickness | URL: https://www.dupont.com/products/thermax-sheathing.html | Source: HIBO A0.1 §072100 R7.5 plus equivalent thickness; Drawing R7.5; SI conversion1IPR=.17611m2K/W | Source: EnergyPlus v22.2.0 ASHRAE_2005_HOF_Materials.idf, Insulation: Cellular polyisocyanuratej (CFC-11 exp.) (gasimpermeable facers), lines865-871; Historical CFC-11 faced polyiso reference; density32, cp920; generic proxy for current foam | URL: https://github.com/NatLabRockies/EnergyPlus/blob/v22.2.0/datasets/ASHRAE_2005_HOF_Materials.idf | Source: EnergyPlus v22.2.0 Input Output Reference, Material defaults | URL: https://github.com/NatLabRockies/EnergyPlus/blob/v22.2.0/doc/input-output-reference/src/overview/group-surface-construction-elements.tex#L87-L97"
Material,HIBO Thermax CI R7.5 Eq,3,Thickness {m},0.0272,748,Declared IDF provenance; not a new product verification,"Scope: Drawing thermal-resistance target is represented by an equivalent layer; density and specific heat are a generic faced-polyiso reference. | Source: Supplied HIBO_Task1_Standard_Ground(1).idf; HIBO Thermax CI R7.5 Eq | Source: DuPont THERMAX Sheathing, Specifications / Standard Sizes; HIBO A0.1 §072100; Equivalent thickness from drawing R7.5; not a listed board thickness | URL: https://www.dupont.com/products/thermax-sheathing.html | Source: HIBO A0.1 §072100 R7.5 plus equivalent thickness; Drawing R7.5; SI conversion1IPR=.17611m2K/W | Source: EnergyPlus v22.2.0 ASHRAE_2005_HOF_Materials.idf, Insulation: Cellular polyisocyanuratej (CFC-11 exp.) (gasimpermeable facers), lines865-871; Historical CFC-11 faced polyiso reference; density32, cp920; generic proxy for current foam | URL: https://github.com/NatLabRockies/EnergyPlus/blob/v22.2.0/datasets/ASHRAE_2005_HOF_Materials.idf | Source: EnergyPlus v22.2.0 Input Output Reference, Material defaults | URL: https://github.com/NatLabRockies/EnergyPlus/blob/v22.2.0/doc/input-output-reference/src/overview/group-surface-construction-elements.tex#L87-L97"
Material,HIBO Thermax CI R7.5 Eq,4,Conductivity {W/m-K},0.0205931898624,749,Declared IDF provenance; not a new product verification,"Scope: Drawing thermal-resistance target is represented by an equivalent layer; density and specific heat are a generic faced-polyiso reference. | Source: Supplied HIBO_Task1_Standard_Ground(1).idf; HIBO Thermax CI R7.5 Eq | Source: DuPont THERMAX Sheathing, Specifications / Standard Sizes; HIBO A0.1 §072100; Equivalent thickness from drawing R7.5; not a listed board thickness | URL: https://www.dupont.com/products/thermax-sheathing.html | Source: HIBO A0.1 §072100 R7.5 plus equivalent thickness; Drawing R7.5; SI conversion1IPR=.17611m2K/W | Source: EnergyPlus v22.2.0 ASHRAE_2005_HOF_Materials.idf, Insulation: Cellular polyisocyanuratej (CFC-11 exp.) (gasimpermeable facers), lines865-871; Historical CFC-11 faced polyiso reference; density32, cp920; generic proxy for current foam | URL: https://github.com/NatLabRockies/EnergyPlus/blob/v22.2.0/datasets/ASHRAE_2005_HOF_Materials.idf | Source: EnergyPlus v22.2.0 Input Output Reference, Material defaults | URL: https://github.com/NatLabRockies/EnergyPlus/blob/v22.2.0/doc/input-output-reference/src/overview/group-surface-construction-elements.tex#L87-L97"
Material,HIBO Thermax CI R7.5 Eq,5,Density {kg/m3},32,750,Declared IDF provenance; not a new product verification,"Scope: Drawing thermal-resistance target is represented by an equivalent layer; density and specific heat are a generic faced-polyiso reference. | Source: Supplied HIBO_Task1_Standard_Ground(1).idf; HIBO Thermax CI R7.5 Eq | Source: DuPont THERMAX Sheathing, Specifications / Standard Sizes; HIBO A0.1 §072100; Equivalent thickness from drawing R7.5; not a listed board thickness | URL: https://www.dupont.com/products/thermax-sheathing.html | Source: HIBO A0.1 §072100 R7.5 plus equivalent thickness; Drawing R7.5; SI conversion1IPR=.17611m2K/W | Source: EnergyPlus v22.2.0 ASHRAE_2005_HOF_Materials.idf, Insulation: Cellular polyisocyanuratej (CFC-11 exp.) (gasimpermeable facers), lines865-871; Historical CFC-11 faced polyiso reference; density32, cp920; generic proxy for current foam | URL: https://github.com/NatLabRockies/EnergyPlus/blob/v22.2.0/datasets/ASHRAE_2005_HOF_Materials.idf | Source: EnergyPlus v22.2.0 Input Output Reference, Material defaults | URL: https://github.com/NatLabRockies/EnergyPlus/blob/v22.2.0/doc/input-output-reference/src/overview/group-surface-construction-elements.tex#L87-L97"
Material,HIBO Thermax CI R7.5 Eq,6,Specific Heat {J/kg-K},920,751,Declared IDF provenance; not a new product verification,"Scope: Drawing thermal-resistance target is represented by an equivalent layer; density and specific heat are a generic faced-polyiso reference. | Source: Supplied HIBO_Task1_Standard_Ground(1).idf; HIBO Thermax CI R7.5 Eq | Source: DuPont THERMAX Sheathing, Specifications / Standard Sizes; HIBO A0.1 §072100; Equivalent thickness from drawing R7.5; not a listed board thickness | URL: https://www.dupont.com/products/thermax-sheathing.html | Source: HIBO A0.1 §072100 R7.5 plus equivalent thickness; Drawing R7.5; SI conversion1IPR=.17611m2K/W | Source: EnergyPlus v22.2.0 ASHRAE_2005_HOF_Materials.idf, Insulation: Cellular polyisocyanuratej (CFC-11 exp.) (gasimpermeable facers), lines865-871; Historical CFC-11 faced polyiso reference; density32, cp920; generic proxy for current foam | URL: https://github.com/NatLabRockies/EnergyPlus/blob/v22.2.0/datasets/ASHRAE_2005_HOF_Materials.idf | Source: EnergyPlus v22.2.0 Input Output Reference, Material defaults | URL: https://github.com/NatLabRockies/EnergyPlus/blob/v22.2.0/doc/input-output-reference/src/overview/group-surface-construction-elements.tex#L87-L97"
Material,HIBO Thermax CI R7.5 Eq,7,Thermal Absorptance,0.9,752,Declared IDF provenance; not a new product verification,"Scope: Drawing thermal-resistance target is represented by an equivalent layer; density and specific heat are a generic faced-polyiso reference. | Source: Supplied HIBO_Task1_Standard_Ground(1).idf; HIBO Thermax CI R7.5 Eq | Source: DuPont THERMAX Sheathing, Specifications / Standard Sizes; HIBO A0.1 §072100; Equivalent thickness from drawing R7.5; not a listed board thickness | URL: https://www.dupont.com/products/thermax-sheathing.html | Source: HIBO A0.1 §072100 R7.5 plus equivalent thickness; Drawing R7.5; SI conversion1IPR=.17611m2K/W | Source: EnergyPlus v22.2.0 ASHRAE_2005_HOF_Materials.idf, Insulation: Cellular polyisocyanuratej (CFC-11 exp.) (gasimpermeable facers), lines865-871; Historical CFC-11 faced polyiso reference; density32, cp920; generic proxy for current foam | URL: https://github.com/NatLabRockies/EnergyPlus/blob/v22.2.0/datasets/ASHRAE_2005_HOF_Materials.idf | Source: EnergyPlus v22.2.0 Input Output Reference, Material defaults | URL: https://github.com/NatLabRockies/EnergyPlus/blob/v22.2.0/doc/input-output-reference/src/overview/group-surface-construction-elements.tex#L87-L97"
Material,HIBO Thermax CI R7.5 Eq,8,Solar Absorptance,0.7,753,Declared IDF provenance; not a new product verification,"Scope: Drawing thermal-resistance target is represented by an equivalent layer; density and specific heat are a generic faced-polyiso reference. | Source: Supplied HIBO_Task1_Standard_Ground(1).idf; HIBO Thermax CI R7.5 Eq | Source: DuPont THERMAX Sheathing, Specifications / Standard Sizes; HIBO A0.1 §072100; Equivalent thickness from drawing R7.5; not a listed board thickness | URL: https://www.dupont.com/products/thermax-sheathing.html | Source: HIBO A0.1 §072100 R7.5 plus equivalent thickness; Drawing R7.5; SI conversion1IPR=.17611m2K/W | Source: EnergyPlus v22.2.0 ASHRAE_2005_HOF_Materials.idf, Insulation: Cellular polyisocyanuratej (CFC-11 exp.) (gasimpermeable facers), lines865-871; Historical CFC-11 faced polyiso reference; density32, cp920; generic proxy for current foam | URL: https://github.com/NatLabRockies/EnergyPlus/blob/v22.2.0/datasets/ASHRAE_2005_HOF_Materials.idf | Source: EnergyPlus v22.2.0 Input Output Reference, Material defaults | URL: https://github.com/NatLabRockies/EnergyPlus/blob/v22.2.0/doc/input-output-reference/src/overview/group-surface-construction-elements.tex#L87-L97"
Material,HIBO Thermax CI R7.5 Eq,9,Visible Absorptance,0.7,754,Declared IDF provenance; not a new product verification,"Scope: Drawing thermal-resistance target is represented by an equivalent layer; density and specific heat are a generic faced-polyiso reference. | Source: Supplied HIBO_Task1_Standard_Ground(1).idf; HIBO Thermax CI R7.5 Eq | Source: DuPont THERMAX Sheathing, Specifications / Standard Sizes; HIBO A0.1 §072100; Equivalent thickness from drawing R7.5; not a listed board thickness | URL: https://www.dupont.com/products/thermax-sheathing.html | Source: HIBO A0.1 §072100 R7.5 plus equivalent thickness; Drawing R7.5; SI conversion1IPR=.17611m2K/W | Source: EnergyPlus v22.2.0 ASHRAE_2005_HOF_Materials.idf, Insulation: Cellular polyisocyanuratej (CFC-11 exp.) (gasimpermeable facers), lines865-871; Historical CFC-11 faced polyiso reference; density32, cp920; generic proxy for current foam | URL: https://github.com/NatLabRockies/EnergyPlus/blob/v22.2.0/datasets/ASHRAE_2005_HOF_Materials.idf | Source: EnergyPlus v22.2.0 Input Output Reference, Material defaults | URL: https://github.com/NatLabRockies/EnergyPlus/blob/v22.2.0/doc/input-output-reference/src/overview/group-surface-construction-elements.tex#L87-L97"
Material,HIBO Exterior Gypsum Sheathing 5-8in,1,Name,HIBO Exterior Gypsum Sheathing 5-8in,775,Declared IDF provenance; not a new product verification,"Scope: Retain 5/8 in=.015875 m drawing dimension; adapt reference material thickness. | Scope: Generic gypsum-board proxy. Exterior sheathing product/facing differs from generic interior gypsum and remains a stated proxy choice. | Source: EnergyPlus v22.2.0 ASHRAE_2005_HOF_Materials.idf; G01a 19mm gypsum board, lines 227-233 (G01 16mm, lines 219-225, has same k/rho/cp) | URL: https://github.com/NatLabRockies/EnergyPlus/blob/v22.2.0/datasets/ASHRAE_2005_HOF_Materials.idf | Source: UNO-HCIBO-Lab 95% Check Set, 24 Feb 2022, A1.1 / A1.2; 5/8 in gypsum | Source: NREL/NatLabRockies OpenStudio Prototype Buildings material library; G01a 19mm gypsum board, lines 16033-16046 | URL: https://github.com/NatLabRockies/OpenStudio-Prototype-Buildings/blob/be99118c3f52f439aa4e0e0a32829101e833f731/create_DOE_prototype_building/resources/OpenStudio_Standards_materials.json"
Material,HIBO Exterior Gypsum Sheathing 5-8in,2,Roughness,MediumSmooth,776,Declared IDF provenance; not a new product verification,"Scope: Retain 5/8 in=.015875 m drawing dimension; adapt reference material thickness. | Scope: Generic gypsum-board proxy. Exterior sheathing product/facing differs from generic interior gypsum and remains a stated proxy choice. | Source: EnergyPlus v22.2.0 ASHRAE_2005_HOF_Materials.idf; G01a 19mm gypsum board, lines 227-233 (G01 16mm, lines 219-225, has same k/rho/cp) | URL: https://github.com/NatLabRockies/EnergyPlus/blob/v22.2.0/datasets/ASHRAE_2005_HOF_Materials.idf | Source: UNO-HCIBO-Lab 95% Check Set, 24 Feb 2022, A1.1 / A1.2; 5/8 in gypsum | Source: NREL/NatLabRockies OpenStudio Prototype Buildings material library; G01a 19mm gypsum board, lines 16033-16046 | URL: https://github.com/NatLabRockies/OpenStudio-Prototype-Buildings/blob/be99118c3f52f439aa4e0e0a32829101e833f731/create_DOE_prototype_building/resources/OpenStudio_Standards_materials.json"
Material,HIBO Exterior Gypsum Sheathing 5-8in,3,Thickness {m},0.015875,777,Declared IDF provenance; not a new product verification,"Scope: Retain 5/8 in=.015875 m drawing dimension; adapt reference material thickness. | Scope: Generic gypsum-board proxy. Exterior sheathing product/facing differs from generic interior gypsum and remains a stated proxy choice. | Source: EnergyPlus v22.2.0 ASHRAE_2005_HOF_Materials.idf; G01a 19mm gypsum board, lines 227-233 (G01 16mm, lines 219-225, has same k/rho/cp) | URL: https://github.com/NatLabRockies/EnergyPlus/blob/v22.2.0/datasets/ASHRAE_2005_HOF_Materials.idf | Source: UNO-HCIBO-Lab 95% Check Set, 24 Feb 2022, A1.1 / A1.2; 5/8 in gypsum | Source: NREL/NatLabRockies OpenStudio Prototype Buildings material library; G01a 19mm gypsum board, lines 16033-16046 | URL: https://github.com/NatLabRockies/OpenStudio-Prototype-Buildings/blob/be99118c3f52f439aa4e0e0a32829101e833f731/create_DOE_prototype_building/resources/OpenStudio_Standards_materials.json"
Material,HIBO Exterior Gypsum Sheathing 5-8in,4,Conductivity {W/m-K},0.16,778,Declared IDF provenance; not a new product verification,"Scope: Retain 5/8 in=.015875 m drawing dimension; adapt reference material thickness. | Scope: Generic gypsum-board proxy. Exterior sheathing product/facing differs from generic interior gypsum and remains a stated proxy choice. | Source: EnergyPlus v22.2.0 ASHRAE_2005_HOF_Materials.idf; G01a 19mm gypsum board, lines 227-233 (G01 16mm, lines 219-225, has same k/rho/cp) | URL: https://github.com/NatLabRockies/EnergyPlus/blob/v22.2.0/datasets/ASHRAE_2005_HOF_Materials.idf | Source: UNO-HCIBO-Lab 95% Check Set, 24 Feb 2022, A1.1 / A1.2; 5/8 in gypsum | Source: NREL/NatLabRockies OpenStudio Prototype Buildings material library; G01a 19mm gypsum board, lines 16033-16046 | URL: https://github.com/NatLabRockies/OpenStudio-Prototype-Buildings/blob/be99118c3f52f439aa4e0e0a32829101e833f731/create_DOE_prototype_building/resources/OpenStudio_Standards_materials.json"
Material,HIBO Exterior Gypsum Sheathing 5-8in,5,Density {kg/m3},800,779,Declared IDF provenance; not a new product verification,"Scope: Retain 5/8 in=.015875 m drawing dimension; adapt reference material thickness. | Scope: Generic gypsum-board proxy. Exterior sheathing product/facing differs from generic interior gypsum and remains a stated proxy choice. | Source: EnergyPlus v22.2.0 ASHRAE_2005_HOF_Materials.idf; G01a 19mm gypsum board, lines 227-233 (G01 16mm, lines 219-225, has same k/rho/cp) | URL: https://github.com/NatLabRockies/EnergyPlus/blob/v22.2.0/datasets/ASHRAE_2005_HOF_Materials.idf | Source: UNO-HCIBO-Lab 95% Check Set, 24 Feb 2022, A1.1 / A1.2; 5/8 in gypsum | Source: NREL/NatLabRockies OpenStudio Prototype Buildings material library; G01a 19mm gypsum board, lines 16033-16046 | URL: https://github.com/NatLabRockies/OpenStudio-Prototype-Buildings/blob/be99118c3f52f439aa4e0e0a32829101e833f731/create_DOE_prototype_building/resources/OpenStudio_Standards_materials.json"
Material,HIBO Exterior Gypsum Sheathing 5-8in,6,Specific Heat {J/kg-K},1090,780,Declared IDF provenance; not a new product verification,"Scope: Retain 5/8 in=.015875 m drawing dimension; adapt reference material thickness. | Scope: Generic gypsum-board proxy. Exterior sheathing product/facing differs from generic interior gypsum and remains a stated proxy choice. | Source: EnergyPlus v22.2.0 ASHRAE_2005_HOF_Materials.idf; G01a 19mm gypsum board, lines 227-233 (G01 16mm, lines 219-225, has same k/rho/cp) | URL: https://github.com/NatLabRockies/EnergyPlus/blob/v22.2.0/datasets/ASHRAE_2005_HOF_Materials.idf | Source: UNO-HCIBO-Lab 95% Check Set, 24 Feb 2022, A1.1 / A1.2; 5/8 in gypsum | Source: NREL/NatLabRockies OpenStudio Prototype Buildings material library; G01a 19mm gypsum board, lines 16033-16046 | URL: https://github.com/NatLabRockies/OpenStudio-Prototype-Buildings/blob/be99118c3f52f439aa4e0e0a32829101e833f731/create_DOE_prototype_building/resources/OpenStudio_Standards_materials.json"
Material,HIBO Exterior Gypsum Sheathing 5-8in,7,Thermal Absorptance,0.9,781,Declared IDF provenance; not a new product verification,"Scope: Retain 5/8 in=.015875 m drawing dimension; adapt reference material thickness. | Scope: Generic gypsum-board proxy. Exterior sheathing product/facing differs from generic interior gypsum and remains a stated proxy choice. | Source: EnergyPlus v22.2.0 ASHRAE_2005_HOF_Materials.idf; G01a 19mm gypsum board, lines 227-233 (G01 16mm, lines 219-225, has same k/rho/cp) | URL: https://github.com/NatLabRockies/EnergyPlus/blob/v22.2.0/datasets/ASHRAE_2005_HOF_Materials.idf | Source: UNO-HCIBO-Lab 95% Check Set, 24 Feb 2022, A1.1 / A1.2; 5/8 in gypsum | Source: NREL/NatLabRockies OpenStudio Prototype Buildings material library; G01a 19mm gypsum board, lines 16033-16046 | URL: https://github.com/NatLabRockies/OpenStudio-Prototype-Buildings/blob/be99118c3f52f439aa4e0e0a32829101e833f731/create_DOE_prototype_building/resources/OpenStudio_Standards_materials.json"
Material,HIBO Exterior Gypsum Sheathing 5-8in,8,Solar Absorptance,0.4,782,Declared IDF provenance; not a new product verification,"Scope: Retain 5/8 in=.015875 m drawing dimension; adapt reference material thickness. | Scope: Generic gypsum-board proxy. Exterior sheathing product/facing differs from generic interior gypsum and remains a stated proxy choice. | Source: EnergyPlus v22.2.0 ASHRAE_2005_HOF_Materials.idf; G01a 19mm gypsum board, lines 227-233 (G01 16mm, lines 219-225, has same k/rho/cp) | URL: https://github.com/NatLabRockies/EnergyPlus/blob/v22.2.0/datasets/ASHRAE_2005_HOF_Materials.idf | Source: UNO-HCIBO-Lab 95% Check Set, 24 Feb 2022, A1.1 / A1.2; 5/8 in gypsum | Source: NREL/NatLabRockies OpenStudio Prototype Buildings material library; G01a 19mm gypsum board, lines 16033-16046 | URL: https://github.com/NatLabRockies/OpenStudio-Prototype-Buildings/blob/be99118c3f52f439aa4e0e0a32829101e833f731/create_DOE_prototype_building/resources/OpenStudio_Standards_materials.json"
Material,HIBO Exterior Gypsum Sheathing 5-8in,9,Visible Absorptance,0.4,783,Declared IDF provenance; not a new product verification,"Scope: Retain 5/8 in=.015875 m drawing dimension; adapt reference material thickness. | Scope: Generic gypsum-board proxy. Exterior sheathing product/facing differs from generic interior gypsum and remains a stated proxy choice. | Source: EnergyPlus v22.2.0 ASHRAE_2005_HOF_Materials.idf; G01a 19mm gypsum board, lines 227-233 (G01 16mm, lines 219-225, has same k/rho/cp) | URL: https://github.com/NatLabRockies/EnergyPlus/blob/v22.2.0/datasets/ASHRAE_2005_HOF_Materials.idf | Source: UNO-HCIBO-Lab 95% Check Set, 24 Feb 2022, A1.1 / A1.2; 5/8 in gypsum | Source: NREL/NatLabRockies OpenStudio Prototype Buildings material library; G01a 19mm gypsum board, lines 16033-16046 | URL: https://github.com/NatLabRockies/OpenStudio-Prototype-Buildings/blob/be99118c3f52f439aa4e0e0a32829101e833f731/create_DOE_prototype_building/resources/OpenStudio_Standards_materials.json"
Material,HIBO CFS Batt R13 6in Effective,1,Name,HIBO CFS Batt R13 6in Effective,796,Declared IDF provenance; not a new product verification,"Scope: FullPDF doesnotgive wholewallstudgauge,spacing or actualbattthickness. R6 table exists but its2x4case differsfromthis6inlayer. PurebattI05 cannot replace steel+batt effective k/rho/cp. No defensible exact new tuple withoutadditionalreference-section choice. | Source: Supplied HIBO_Task1_Standard_Ground(1).idf; HIBO CFS Batt R13 6in Effective | Source: UNO-HCIBO-Lab 95% Check Set, 24 Feb 2022, A1.2; 6 in framing"
Material,HIBO CFS Batt R13 6in Effective,2,Roughness,MediumRough,797,Declared IDF provenance; not a new product verification,"Scope: FullPDF doesnotgive wholewallstudgauge,spacing or actualbattthickness. R6 table exists but its2x4case differsfromthis6inlayer. PurebattI05 cannot replace steel+batt effective k/rho/cp. No defensible exact new tuple withoutadditionalreference-section choice. | Source: Supplied HIBO_Task1_Standard_Ground(1).idf; HIBO CFS Batt R13 6in Effective | Source: UNO-HCIBO-Lab 95% Check Set, 24 Feb 2022, A1.2; 6 in framing"
Material,HIBO CFS Batt R13 6in Effective,3,Thickness {m},0.1524,798,Declared IDF provenance; not a new product verification,"Scope: FullPDF doesnotgive wholewallstudgauge,spacing or actualbattthickness. R6 table exists but its2x4case differsfromthis6inlayer. PurebattI05 cannot replace steel+batt effective k/rho/cp. No defensible exact new tuple withoutadditionalreference-section choice. | Source: Supplied HIBO_Task1_Standard_Ground(1).idf; HIBO CFS Batt R13 6in Effective | Source: UNO-HCIBO-Lab 95% Check Set, 24 Feb 2022, A1.2; 6 in framing"
Material,HIBO CFS Batt R13 6in Effective,4,Conductivity {W/m-K},0.14423,799,Declared IDF provenance; not a new product verification,"Scope: FullPDF doesnotgive wholewallstudgauge,spacing or actualbattthickness. R6 table exists but its2x4case differsfromthis6inlayer. PurebattI05 cannot replace steel+batt effective k/rho/cp. No defensible exact new tuple withoutadditionalreference-section choice. | Source: Supplied HIBO_Task1_Standard_Ground(1).idf; HIBO CFS Batt R13 6in Effective | Source: UNO-HCIBO-Lab 95% Check Set, 24 Feb 2022, A1.2; 6 in framing"
Material,HIBO CFS Batt R13 6in Effective,5,Density {kg/m3},50,800,Declared IDF provenance; not a new product verification,"Scope: FullPDF doesnotgive wholewallstudgauge,spacing or actualbattthickness. R6 table exists but its2x4case differsfromthis6inlayer. PurebattI05 cannot replace steel+batt effective k/rho/cp. No defensible exact new tuple withoutadditionalreference-section choice. | Source: Supplied HIBO_Task1_Standard_Ground(1).idf; HIBO CFS Batt R13 6in Effective | Source: UNO-HCIBO-Lab 95% Check Set, 24 Feb 2022, A1.2; 6 in framing"
Material,HIBO CFS Batt R13 6in Effective,6,Specific Heat {J/kg-K},700,801,Declared IDF provenance; not a new product verification,"Scope: FullPDF doesnotgive wholewallstudgauge,spacing or actualbattthickness. R6 table exists but its2x4case differsfromthis6inlayer. PurebattI05 cannot replace steel+batt effective k/rho/cp. No defensible exact new tuple withoutadditionalreference-section choice. | Source: Supplied HIBO_Task1_Standard_Ground(1).idf; HIBO CFS Batt R13 6in Effective | Source: UNO-HCIBO-Lab 95% Check Set, 24 Feb 2022, A1.2; 6 in framing"
Material,HIBO CFS Batt R13 6in Effective,7,Thermal Absorptance,0.9,802,Declared IDF provenance; not a new product verification,"Scope: FullPDF doesnotgive wholewallstudgauge,spacing or actualbattthickness. R6 table exists but its2x4case differsfromthis6inlayer. PurebattI05 cannot replace steel+batt effective k/rho/cp. No defensible exact new tuple withoutadditionalreference-section choice. | Source: Supplied HIBO_Task1_Standard_Ground(1).idf; HIBO CFS Batt R13 6in Effective | Source: UNO-HCIBO-Lab 95% Check Set, 24 Feb 2022, A1.2; 6 in framing"
Material,HIBO CFS Batt R13 6in Effective,8,Solar Absorptance,0.5,803,Declared IDF provenance; not a new product verification,"Scope: FullPDF doesnotgive wholewallstudgauge,spacing or actualbattthickness. R6 table exists but its2x4case differsfromthis6inlayer. PurebattI05 cannot replace steel+batt effective k/rho/cp. No defensible exact new tuple withoutadditionalreference-section choice. | Source: Supplied HIBO_Task1_Standard_Ground(1).idf; HIBO CFS Batt R13 6in Effective | Source: UNO-HCIBO-Lab 95% Check Set, 24 Feb 2022, A1.2; 6 in framing"
Material,HIBO CFS Batt R13 6in Effective,9,Visible Absorptance,0.5,804,Declared IDF provenance; not a new product verification,"Scope: FullPDF doesnotgive wholewallstudgauge,spacing or actualbattthickness. R6 table exists but its2x4case differsfromthis6inlayer. PurebattI05 cannot replace steel+batt effective k/rho/cp. No defensible exact new tuple withoutadditionalreference-section choice. | Source: Supplied HIBO_Task1_Standard_Ground(1).idf; HIBO CFS Batt R13 6in Effective | Source: UNO-HCIBO-Lab 95% Check Set, 24 Feb 2022, A1.2; 6 in framing"
Material,HIBO Gypsum Board Type X 5-8in,1,Name,HIBO Gypsum Board Type X 5-8in,825,Declared IDF provenance; not a new product verification,"Scope: Retain 5/8 in=.015875 m drawing dimension; adapt reference material thickness. | Scope: Generic gypsum-board proxy; Type X fire rating does not independently verify these thermal inputs or surface paint. | Source: EnergyPlus v22.2.0 ASHRAE_2005_HOF_Materials.idf; G01a 19mm gypsum board, lines 227-233 (G01 16mm, lines 219-225, has same k/rho/cp) | URL: https://github.com/NatLabRockies/EnergyPlus/blob/v22.2.0/datasets/ASHRAE_2005_HOF_Materials.idf | Source: UNO-HCIBO-Lab 95% Check Set, 24 Feb 2022, A1.1 / A1.2; 5/8 in gypsum | Source: NREL/NatLabRockies OpenStudio Prototype Buildings material library; G01a 19mm gypsum board, lines 16033-16046 | URL: https://github.com/NatLabRockies/OpenStudio-Prototype-Buildings/blob/be99118c3f52f439aa4e0e0a32829101e833f731/create_DOE_prototype_building/resources/OpenStudio_Standards_materials.json"
Material,HIBO Gypsum Board Type X 5-8in,2,Roughness,MediumSmooth,826,Declared IDF provenance; not a new product verification,"Scope: Retain 5/8 in=.015875 m drawing dimension; adapt reference material thickness. | Scope: Generic gypsum-board proxy; Type X fire rating does not independently verify these thermal inputs or surface paint. | Source: EnergyPlus v22.2.0 ASHRAE_2005_HOF_Materials.idf; G01a 19mm gypsum board, lines 227-233 (G01 16mm, lines 219-225, has same k/rho/cp) | URL: https://github.com/NatLabRockies/EnergyPlus/blob/v22.2.0/datasets/ASHRAE_2005_HOF_Materials.idf | Source: UNO-HCIBO-Lab 95% Check Set, 24 Feb 2022, A1.1 / A1.2; 5/8 in gypsum | Source: NREL/NatLabRockies OpenStudio Prototype Buildings material library; G01a 19mm gypsum board, lines 16033-16046 | URL: https://github.com/NatLabRockies/OpenStudio-Prototype-Buildings/blob/be99118c3f52f439aa4e0e0a32829101e833f731/create_DOE_prototype_building/resources/OpenStudio_Standards_materials.json"
Material,HIBO Gypsum Board Type X 5-8in,3,Thickness {m},0.015875,827,Declared IDF provenance; not a new product verification,"Scope: Retain 5/8 in=.015875 m drawing dimension; adapt reference material thickness. | Scope: Generic gypsum-board proxy; Type X fire rating does not independently verify these thermal inputs or surface paint. | Source: EnergyPlus v22.2.0 ASHRAE_2005_HOF_Materials.idf; G01a 19mm gypsum board, lines 227-233 (G01 16mm, lines 219-225, has same k/rho/cp) | URL: https://github.com/NatLabRockies/EnergyPlus/blob/v22.2.0/datasets/ASHRAE_2005_HOF_Materials.idf | Source: UNO-HCIBO-Lab 95% Check Set, 24 Feb 2022, A1.1 / A1.2; 5/8 in gypsum | Source: NREL/NatLabRockies OpenStudio Prototype Buildings material library; G01a 19mm gypsum board, lines 16033-16046 | URL: https://github.com/NatLabRockies/OpenStudio-Prototype-Buildings/blob/be99118c3f52f439aa4e0e0a32829101e833f731/create_DOE_prototype_building/resources/OpenStudio_Standards_materials.json"
Material,HIBO Gypsum Board Type X 5-8in,4,Conductivity {W/m-K},0.16,828,Declared IDF provenance; not a new product verification,"Scope: Retain 5/8 in=.015875 m drawing dimension; adapt reference material thickness. | Scope: Generic gypsum-board proxy; Type X fire rating does not independently verify these thermal inputs or surface paint. | Source: EnergyPlus v22.2.0 ASHRAE_2005_HOF_Materials.idf; G01a 19mm gypsum board, lines 227-233 (G01 16mm, lines 219-225, has same k/rho/cp) | URL: https://github.com/NatLabRockies/EnergyPlus/blob/v22.2.0/datasets/ASHRAE_2005_HOF_Materials.idf | Source: UNO-HCIBO-Lab 95% Check Set, 24 Feb 2022, A1.1 / A1.2; 5/8 in gypsum | Source: NREL/NatLabRockies OpenStudio Prototype Buildings material library; G01a 19mm gypsum board, lines 16033-16046 | URL: https://github.com/NatLabRockies/OpenStudio-Prototype-Buildings/blob/be99118c3f52f439aa4e0e0a32829101e833f731/create_DOE_prototype_building/resources/OpenStudio_Standards_materials.json"
Material,HIBO Gypsum Board Type X 5-8in,5,Density {kg/m3},800,829,Declared IDF provenance; not a new product verification,"Scope: Retain 5/8 in=.015875 m drawing dimension; adapt reference material thickness. | Scope: Generic gypsum-board proxy; Type X fire rating does not independently verify these thermal inputs or surface paint. | Source: EnergyPlus v22.2.0 ASHRAE_2005_HOF_Materials.idf; G01a 19mm gypsum board, lines 227-233 (G01 16mm, lines 219-225, has same k/rho/cp) | URL: https://github.com/NatLabRockies/EnergyPlus/blob/v22.2.0/datasets/ASHRAE_2005_HOF_Materials.idf | Source: UNO-HCIBO-Lab 95% Check Set, 24 Feb 2022, A1.1 / A1.2; 5/8 in gypsum | Source: NREL/NatLabRockies OpenStudio Prototype Buildings material library; G01a 19mm gypsum board, lines 16033-16046 | URL: https://github.com/NatLabRockies/OpenStudio-Prototype-Buildings/blob/be99118c3f52f439aa4e0e0a32829101e833f731/create_DOE_prototype_building/resources/OpenStudio_Standards_materials.json"
Material,HIBO Gypsum Board Type X 5-8in,6,Specific Heat {J/kg-K},1090,830,Declared IDF provenance; not a new product verification,"Scope: Retain 5/8 in=.015875 m drawing dimension; adapt reference material thickness. | Scope: Generic gypsum-board proxy; Type X fire rating does not independently verify these thermal inputs or surface paint. | Source: EnergyPlus v22.2.0 ASHRAE_2005_HOF_Materials.idf; G01a 19mm gypsum board, lines 227-233 (G01 16mm, lines 219-225, has same k/rho/cp) | URL: https://github.com/NatLabRockies/EnergyPlus/blob/v22.2.0/datasets/ASHRAE_2005_HOF_Materials.idf | Source: UNO-HCIBO-Lab 95% Check Set, 24 Feb 2022, A1.1 / A1.2; 5/8 in gypsum | Source: NREL/NatLabRockies OpenStudio Prototype Buildings material library; G01a 19mm gypsum board, lines 16033-16046 | URL: https://github.com/NatLabRockies/OpenStudio-Prototype-Buildings/blob/be99118c3f52f439aa4e0e0a32829101e833f731/create_DOE_prototype_building/resources/OpenStudio_Standards_materials.json"
Material,HIBO Gypsum Board Type X 5-8in,7,Thermal Absorptance,0.9,831,Declared IDF provenance; not a new product verification,"Scope: Retain 5/8 in=.015875 m drawing dimension; adapt reference material thickness. | Scope: Generic gypsum-board proxy; Type X fire rating does not independently verify these thermal inputs or surface paint. | Source: EnergyPlus v22.2.0 ASHRAE_2005_HOF_Materials.idf; G01a 19mm gypsum board, lines 227-233 (G01 16mm, lines 219-225, has same k/rho/cp) | URL: https://github.com/NatLabRockies/EnergyPlus/blob/v22.2.0/datasets/ASHRAE_2005_HOF_Materials.idf | Source: UNO-HCIBO-Lab 95% Check Set, 24 Feb 2022, A1.1 / A1.2; 5/8 in gypsum | Source: NREL/NatLabRockies OpenStudio Prototype Buildings material library; G01a 19mm gypsum board, lines 16033-16046 | URL: https://github.com/NatLabRockies/OpenStudio-Prototype-Buildings/blob/be99118c3f52f439aa4e0e0a32829101e833f731/create_DOE_prototype_building/resources/OpenStudio_Standards_materials.json"
Material,HIBO Gypsum Board Type X 5-8in,8,Solar Absorptance,0.4,832,Declared IDF provenance; not a new product verification,"Scope: Retain 5/8 in=.015875 m drawing dimension; adapt reference material thickness. | Scope: Generic gypsum-board proxy; Type X fire rating does not independently verify these thermal inputs or surface paint. | Source: EnergyPlus v22.2.0 ASHRAE_2005_HOF_Materials.idf; G01a 19mm gypsum board, lines 227-233 (G01 16mm, lines 219-225, has same k/rho/cp) | URL: https://github.com/NatLabRockies/EnergyPlus/blob/v22.2.0/datasets/ASHRAE_2005_HOF_Materials.idf | Source: UNO-HCIBO-Lab 95% Check Set, 24 Feb 2022, A1.1 / A1.2; 5/8 in gypsum | Source: NREL/NatLabRockies OpenStudio Prototype Buildings material library; G01a 19mm gypsum board, lines 16033-16046 | URL: https://github.com/NatLabRockies/OpenStudio-Prototype-Buildings/blob/be99118c3f52f439aa4e0e0a32829101e833f731/create_DOE_prototype_building/resources/OpenStudio_Standards_materials.json"
Material,HIBO Gypsum Board Type X 5-8in,9,Visible Absorptance,0.4,833,Declared IDF provenance; not a new product verification,"Scope: Retain 5/8 in=.015875 m drawing dimension; adapt reference material thickness. | Scope: Generic gypsum-board proxy; Type X fire rating does not independently verify these thermal inputs or surface paint. | Source: EnergyPlus v22.2.0 ASHRAE_2005_HOF_Materials.idf; G01a 19mm gypsum board, lines 227-233 (G01 16mm, lines 219-225, has same k/rho/cp) | URL: https://github.com/NatLabRockies/EnergyPlus/blob/v22.2.0/datasets/ASHRAE_2005_HOF_Materials.idf | Source: UNO-HCIBO-Lab 95% Check Set, 24 Feb 2022, A1.1 / A1.2; 5/8 in gypsum | Source: NREL/NatLabRockies OpenStudio Prototype Buildings material library; G01a 19mm gypsum board, lines 16033-16046 | URL: https://github.com/NatLabRockies/OpenStudio-Prototype-Buildings/blob/be99118c3f52f439aa4e0e0a32829101e833f731/create_DOE_prototype_building/resources/OpenStudio_Standards_materials.json"
Material,HIBO EPDM Membrane 45mil,1,Name,HIBO EPDM Membrane 45mil,853,Declared IDF provenance; not a new product verification,"Scope: Generic EPDM design properties from BS EN12524; surface absorptances use a separate generic roof-surface reference. | Source: EnergyPlus v22.2.0 DOE RefBldgMediumOfficeNew2004_Chicago.idf, Roof Membrane; VeryRough; thermal.9, solar.7, visible.7; generic roof surface only | URL: https://github.com/NatLabRockies/EnergyPlus/blob/v22.2.0/testfiles/RefBldgMediumOfficeNew2004_Chicago.idf | Source: UNO-HCIBO-Lab 95% Check Set, 24 Feb 2022, A0.1 §075323; 45 mil EPDM | Source: BS EN 12524:2000, Table 1 continued, printed page6, EPDM; Ethylene propylene diene monomer (EPDM): k.25, density1150, cp1000 | URL: https://nobelcert.com/DataFiles/FreeUpload/EN%2012524-2000.pdf"
Material,HIBO EPDM Membrane 45mil,2,Roughness,VeryRough,854,Declared IDF provenance; not a new product verification,"Scope: Generic EPDM design properties from BS EN12524; surface absorptances use a separate generic roof-surface reference. | Source: EnergyPlus v22.2.0 DOE RefBldgMediumOfficeNew2004_Chicago.idf, Roof Membrane; VeryRough; thermal.9, solar.7, visible.7; generic roof surface only | URL: https://github.com/NatLabRockies/EnergyPlus/blob/v22.2.0/testfiles/RefBldgMediumOfficeNew2004_Chicago.idf | Source: UNO-HCIBO-Lab 95% Check Set, 24 Feb 2022, A0.1 §075323; 45 mil EPDM | Source: BS EN 12524:2000, Table 1 continued, printed page6, EPDM; Ethylene propylene diene monomer (EPDM): k.25, density1150, cp1000 | URL: https://nobelcert.com/DataFiles/FreeUpload/EN%2012524-2000.pdf"
Material,HIBO EPDM Membrane 45mil,3,Thickness {m},0.001143,855,Declared IDF provenance; not a new product verification,"Scope: Generic EPDM design properties from BS EN12524; surface absorptances use a separate generic roof-surface reference. | Source: EnergyPlus v22.2.0 DOE RefBldgMediumOfficeNew2004_Chicago.idf, Roof Membrane; VeryRough; thermal.9, solar.7, visible.7; generic roof surface only | URL: https://github.com/NatLabRockies/EnergyPlus/blob/v22.2.0/testfiles/RefBldgMediumOfficeNew2004_Chicago.idf | Source: UNO-HCIBO-Lab 95% Check Set, 24 Feb 2022, A0.1 §075323; 45 mil EPDM | Source: BS EN 12524:2000, Table 1 continued, printed page6, EPDM; Ethylene propylene diene monomer (EPDM): k.25, density1150, cp1000 | URL: https://nobelcert.com/DataFiles/FreeUpload/EN%2012524-2000.pdf"
Material,HIBO EPDM Membrane 45mil,4,Conductivity {W/m-K},0.25,856,Declared IDF provenance; not a new product verification,"Scope: Generic EPDM design properties from BS EN12524; surface absorptances use a separate generic roof-surface reference. | Source: EnergyPlus v22.2.0 DOE RefBldgMediumOfficeNew2004_Chicago.idf, Roof Membrane; VeryRough; thermal.9, solar.7, visible.7; generic roof surface only | URL: https://github.com/NatLabRockies/EnergyPlus/blob/v22.2.0/testfiles/RefBldgMediumOfficeNew2004_Chicago.idf | Source: UNO-HCIBO-Lab 95% Check Set, 24 Feb 2022, A0.1 §075323; 45 mil EPDM | Source: BS EN 12524:2000, Table 1 continued, printed page6, EPDM; Ethylene propylene diene monomer (EPDM): k.25, density1150, cp1000 | URL: https://nobelcert.com/DataFiles/FreeUpload/EN%2012524-2000.pdf"
Material,HIBO EPDM Membrane 45mil,5,Density {kg/m3},1150,857,Declared IDF provenance; not a new product verification,"Scope: Generic EPDM design properties from BS EN12524; surface absorptances use a separate generic roof-surface reference. | Source: EnergyPlus v22.2.0 DOE RefBldgMediumOfficeNew2004_Chicago.idf, Roof Membrane; VeryRough; thermal.9, solar.7, visible.7; generic roof surface only | URL: https://github.com/NatLabRockies/EnergyPlus/blob/v22.2.0/testfiles/RefBldgMediumOfficeNew2004_Chicago.idf | Source: UNO-HCIBO-Lab 95% Check Set, 24 Feb 2022, A0.1 §075323; 45 mil EPDM | Source: BS EN 12524:2000, Table 1 continued, printed page6, EPDM; Ethylene propylene diene monomer (EPDM): k.25, density1150, cp1000 | URL: https://nobelcert.com/DataFiles/FreeUpload/EN%2012524-2000.pdf"
Material,HIBO EPDM Membrane 45mil,6,Specific Heat {J/kg-K},1000,858,Declared IDF provenance; not a new product verification,"Scope: Generic EPDM design properties from BS EN12524; surface absorptances use a separate generic roof-surface reference. | Source: EnergyPlus v22.2.0 DOE RefBldgMediumOfficeNew2004_Chicago.idf, Roof Membrane; VeryRough; thermal.9, solar.7, visible.7; generic roof surface only | URL: https://github.com/NatLabRockies/EnergyPlus/blob/v22.2.0/testfiles/RefBldgMediumOfficeNew2004_Chicago.idf | Source: UNO-HCIBO-Lab 95% Check Set, 24 Feb 2022, A0.1 §075323; 45 mil EPDM | Source: BS EN 12524:2000, Table 1 continued, printed page6, EPDM; Ethylene propylene diene monomer (EPDM): k.25, density1150, cp1000 | URL: https://nobelcert.com/DataFiles/FreeUpload/EN%2012524-2000.pdf"
Material,HIBO EPDM Membrane 45mil,7,Thermal Absorptance,0.9,859,Declared IDF provenance; not a new product verification,"Scope: Generic EPDM design properties from BS EN12524; surface absorptances use a separate generic roof-surface reference. | Source: EnergyPlus v22.2.0 DOE RefBldgMediumOfficeNew2004_Chicago.idf, Roof Membrane; VeryRough; thermal.9, solar.7, visible.7; generic roof surface only | URL: https://github.com/NatLabRockies/EnergyPlus/blob/v22.2.0/testfiles/RefBldgMediumOfficeNew2004_Chicago.idf | Source: UNO-HCIBO-Lab 95% Check Set, 24 Feb 2022, A0.1 §075323; 45 mil EPDM | Source: BS EN 12524:2000, Table 1 continued, printed page6, EPDM; Ethylene propylene diene monomer (EPDM): k.25, density1150, cp1000 | URL: https://nobelcert.com/DataFiles/FreeUpload/EN%2012524-2000.pdf"
Material,HIBO EPDM Membrane 45mil,8,Solar Absorptance,0.7,860,Declared IDF provenance; not a new product verification,"Scope: Generic EPDM design properties from BS EN12524; surface absorptances use a separate generic roof-surface reference. | Source: EnergyPlus v22.2.0 DOE RefBldgMediumOfficeNew2004_Chicago.idf, Roof Membrane; VeryRough; thermal.9, solar.7, visible.7; generic roof surface only | URL: https://github.com/NatLabRockies/EnergyPlus/blob/v22.2.0/testfiles/RefBldgMediumOfficeNew2004_Chicago.idf | Source: UNO-HCIBO-Lab 95% Check Set, 24 Feb 2022, A0.1 §075323; 45 mil EPDM | Source: BS EN 12524:2000, Table 1 continued, printed page6, EPDM; Ethylene propylene diene monomer (EPDM): k.25, density1150, cp1000 | URL: https://nobelcert.com/DataFiles/FreeUpload/EN%2012524-2000.pdf"
Material,HIBO EPDM Membrane 45mil,9,Visible Absorptance,0.7,861,Declared IDF provenance; not a new product verification,"Scope: Generic EPDM design properties from BS EN12524; surface absorptances use a separate generic roof-surface reference. | Source: EnergyPlus v22.2.0 DOE RefBldgMediumOfficeNew2004_Chicago.idf, Roof Membrane; VeryRough; thermal.9, solar.7, visible.7; generic roof surface only | URL: https://github.com/NatLabRockies/EnergyPlus/blob/v22.2.0/testfiles/RefBldgMediumOfficeNew2004_Chicago.idf | Source: UNO-HCIBO-Lab 95% Check Set, 24 Feb 2022, A0.1 §075323; 45 mil EPDM | Source: BS EN 12524:2000, Table 1 continued, printed page6, EPDM; Ethylene propylene diene monomer (EPDM): k.25, density1150, cp1000 | URL: https://nobelcert.com/DataFiles/FreeUpload/EN%2012524-2000.pdf"
Material,HIBO Roof Polyiso 4in R30 Eq,1,Name,HIBO Roof Polyiso 4in R30 Eq,879,Declared IDF provenance; not a new product verification,"Scope: Drawing thermal-resistance target is represented by an equivalent layer; density and specific heat are a generic faced-polyiso reference. | Source: Supplied HIBO_Task1_Standard_Ground(1).idf; HIBO Roof Polyiso 4in R30 Eq | Source: UNO-HCIBO-Lab 95% Check Set, 24 Feb 2022, A1.2, section A2; 4 in roof insulation | Source: HIBO A0.1 §075323 R30 and A1.2 4in; Drawing R30 LTTR target and4in layer | Source: EnergyPlus v22.2.0 ASHRAE_2005_HOF_Materials.idf, Insulation: Cellular polyisocyanuratej (CFC-11 exp.) (gasimpermeable facers), lines865-871; Historical CFC-11 faced polyiso reference; density32, cp920; generic proxy for current foam | URL: https://github.com/NatLabRockies/EnergyPlus/blob/v22.2.0/datasets/ASHRAE_2005_HOF_Materials.idf | Source: EnergyPlus v22.2.0 Input Output Reference, Material defaults | URL: https://github.com/NatLabRockies/EnergyPlus/blob/v22.2.0/doc/input-output-reference/src/overview/group-surface-construction-elements.tex#L87-L97"
Material,HIBO Roof Polyiso 4in R30 Eq,2,Roughness,MediumRough,880,Declared IDF provenance; not a new product verification,"Scope: Drawing thermal-resistance target is represented by an equivalent layer; density and specific heat are a generic faced-polyiso reference. | Source: Supplied HIBO_Task1_Standard_Ground(1).idf; HIBO Roof Polyiso 4in R30 Eq | Source: UNO-HCIBO-Lab 95% Check Set, 24 Feb 2022, A1.2, section A2; 4 in roof insulation | Source: HIBO A0.1 §075323 R30 and A1.2 4in; Drawing R30 LTTR target and4in layer | Source: EnergyPlus v22.2.0 ASHRAE_2005_HOF_Materials.idf, Insulation: Cellular polyisocyanuratej (CFC-11 exp.) (gasimpermeable facers), lines865-871; Historical CFC-11 faced polyiso reference; density32, cp920; generic proxy for current foam | URL: https://github.com/NatLabRockies/EnergyPlus/blob/v22.2.0/datasets/ASHRAE_2005_HOF_Materials.idf | Source: EnergyPlus v22.2.0 Input Output Reference, Material defaults | URL: https://github.com/NatLabRockies/EnergyPlus/blob/v22.2.0/doc/input-output-reference/src/overview/group-surface-construction-elements.tex#L87-L97"
Material,HIBO Roof Polyiso 4in R30 Eq,3,Thickness {m},0.1016,881,Declared IDF provenance; not a new product verification,"Scope: Drawing thermal-resistance target is represented by an equivalent layer; density and specific heat are a generic faced-polyiso reference. | Source: Supplied HIBO_Task1_Standard_Ground(1).idf; HIBO Roof Polyiso 4in R30 Eq | Source: UNO-HCIBO-Lab 95% Check Set, 24 Feb 2022, A1.2, section A2; 4 in roof insulation | Source: HIBO A0.1 §075323 R30 and A1.2 4in; Drawing R30 LTTR target and4in layer | Source: EnergyPlus v22.2.0 ASHRAE_2005_HOF_Materials.idf, Insulation: Cellular polyisocyanuratej (CFC-11 exp.) (gasimpermeable facers), lines865-871; Historical CFC-11 faced polyiso reference; density32, cp920; generic proxy for current foam | URL: https://github.com/NatLabRockies/EnergyPlus/blob/v22.2.0/datasets/ASHRAE_2005_HOF_Materials.idf | Source: EnergyPlus v22.2.0 Input Output Reference, Material defaults | URL: https://github.com/NatLabRockies/EnergyPlus/blob/v22.2.0/doc/input-output-reference/src/overview/group-surface-construction-elements.tex#L87-L97"
Material,HIBO Roof Polyiso 4in R30 Eq,4,Conductivity {W/m-K},0.0192304052391,882,Declared IDF provenance; not a new product verification,"Scope: Drawing thermal-resistance target is represented by an equivalent layer; density and specific heat are a generic faced-polyiso reference. | Source: Supplied HIBO_Task1_Standard_Ground(1).idf; HIBO Roof Polyiso 4in R30 Eq | Source: UNO-HCIBO-Lab 95% Check Set, 24 Feb 2022, A1.2, section A2; 4 in roof insulation | Source: HIBO A0.1 §075323 R30 and A1.2 4in; Drawing R30 LTTR target and4in layer | Source: EnergyPlus v22.2.0 ASHRAE_2005_HOF_Materials.idf, Insulation: Cellular polyisocyanuratej (CFC-11 exp.) (gasimpermeable facers), lines865-871; Historical CFC-11 faced polyiso reference; density32, cp920; generic proxy for current foam | URL: https://github.com/NatLabRockies/EnergyPlus/blob/v22.2.0/datasets/ASHRAE_2005_HOF_Materials.idf | Source: EnergyPlus v22.2.0 Input Output Reference, Material defaults | URL: https://github.com/NatLabRockies/EnergyPlus/blob/v22.2.0/doc/input-output-reference/src/overview/group-surface-construction-elements.tex#L87-L97"
Material,HIBO Roof Polyiso 4in R30 Eq,5,Density {kg/m3},32,883,Declared IDF provenance; not a new product verification,"Scope: Drawing thermal-resistance target is represented by an equivalent layer; density and specific heat are a generic faced-polyiso reference. | Source: Supplied HIBO_Task1_Standard_Ground(1).idf; HIBO Roof Polyiso 4in R30 Eq | Source: UNO-HCIBO-Lab 95% Check Set, 24 Feb 2022, A1.2, section A2; 4 in roof insulation | Source: HIBO A0.1 §075323 R30 and A1.2 4in; Drawing R30 LTTR target and4in layer | Source: EnergyPlus v22.2.0 ASHRAE_2005_HOF_Materials.idf, Insulation: Cellular polyisocyanuratej (CFC-11 exp.) (gasimpermeable facers), lines865-871; Historical CFC-11 faced polyiso reference; density32, cp920; generic proxy for current foam | URL: https://github.com/NatLabRockies/EnergyPlus/blob/v22.2.0/datasets/ASHRAE_2005_HOF_Materials.idf | Source: EnergyPlus v22.2.0 Input Output Reference, Material defaults | URL: https://github.com/NatLabRockies/EnergyPlus/blob/v22.2.0/doc/input-output-reference/src/overview/group-surface-construction-elements.tex#L87-L97"
Material,HIBO Roof Polyiso 4in R30 Eq,6,Specific Heat {J/kg-K},920,884,Declared IDF provenance; not a new product verification,"Scope: Drawing thermal-resistance target is represented by an equivalent layer; density and specific heat are a generic faced-polyiso reference. | Source: Supplied HIBO_Task1_Standard_Ground(1).idf; HIBO Roof Polyiso 4in R30 Eq | Source: UNO-HCIBO-Lab 95% Check Set, 24 Feb 2022, A1.2, section A2; 4 in roof insulation | Source: HIBO A0.1 §075323 R30 and A1.2 4in; Drawing R30 LTTR target and4in layer | Source: EnergyPlus v22.2.0 ASHRAE_2005_HOF_Materials.idf, Insulation: Cellular polyisocyanuratej (CFC-11 exp.) (gasimpermeable facers), lines865-871; Historical CFC-11 faced polyiso reference; density32, cp920; generic proxy for current foam | URL: https://github.com/NatLabRockies/EnergyPlus/blob/v22.2.0/datasets/ASHRAE_2005_HOF_Materials.idf | Source: EnergyPlus v22.2.0 Input Output Reference, Material defaults | URL: https://github.com/NatLabRockies/EnergyPlus/blob/v22.2.0/doc/input-output-reference/src/overview/group-surface-construction-elements.tex#L87-L97"
Material,HIBO Roof Polyiso 4in R30 Eq,7,Thermal Absorptance,0.9,885,Declared IDF provenance; not a new product verification,"Scope: Drawing thermal-resistance target is represented by an equivalent layer; density and specific heat are a generic faced-polyiso reference. | Source: Supplied HIBO_Task1_Standard_Ground(1).idf; HIBO Roof Polyiso 4in R30 Eq | Source: UNO-HCIBO-Lab 95% Check Set, 24 Feb 2022, A1.2, section A2; 4 in roof insulation | Source: HIBO A0.1 §075323 R30 and A1.2 4in; Drawing R30 LTTR target and4in layer | Source: EnergyPlus v22.2.0 ASHRAE_2005_HOF_Materials.idf, Insulation: Cellular polyisocyanuratej (CFC-11 exp.) (gasimpermeable facers), lines865-871; Historical CFC-11 faced polyiso reference; density32, cp920; generic proxy for current foam | URL: https://github.com/NatLabRockies/EnergyPlus/blob/v22.2.0/datasets/ASHRAE_2005_HOF_Materials.idf | Source: EnergyPlus v22.2.0 Input Output Reference, Material defaults | URL: https://github.com/NatLabRockies/EnergyPlus/blob/v22.2.0/doc/input-output-reference/src/overview/group-surface-construction-elements.tex#L87-L97"
Material,HIBO Roof Polyiso 4in R30 Eq,8,Solar Absorptance,0.7,886,Declared IDF provenance; not a new product verification,"Scope: Drawing thermal-resistance target is represented by an equivalent layer; density and specific heat are a generic faced-polyiso reference. | Source: Supplied HIBO_Task1_Standard_Ground(1).idf; HIBO Roof Polyiso 4in R30 Eq | Source: UNO-HCIBO-Lab 95% Check Set, 24 Feb 2022, A1.2, section A2; 4 in roof insulation | Source: HIBO A0.1 §075323 R30 and A1.2 4in; Drawing R30 LTTR target and4in layer | Source: EnergyPlus v22.2.0 ASHRAE_2005_HOF_Materials.idf, Insulation: Cellular polyisocyanuratej (CFC-11 exp.) (gasimpermeable facers), lines865-871; Historical CFC-11 faced polyiso reference; density32, cp920; generic proxy for current foam | URL: https://github.com/NatLabRockies/EnergyPlus/blob/v22.2.0/datasets/ASHRAE_2005_HOF_Materials.idf | Source: EnergyPlus v22.2.0 Input Output Reference, Material defaults | URL: https://github.com/NatLabRockies/EnergyPlus/blob/v22.2.0/doc/input-output-reference/src/overview/group-surface-construction-elements.tex#L87-L97"
Material,HIBO Roof Polyiso 4in R30 Eq,9,Visible Absorptance,0.7,887,Declared IDF provenance; not a new product verification,"Scope: Drawing thermal-resistance target is represented by an equivalent layer; density and specific heat are a generic faced-polyiso reference. | Source: Supplied HIBO_Task1_Standard_Ground(1).idf; HIBO Roof Polyiso 4in R30 Eq | Source: UNO-HCIBO-Lab 95% Check Set, 24 Feb 2022, A1.2, section A2; 4 in roof insulation | Source: HIBO A0.1 §075323 R30 and A1.2 4in; Drawing R30 LTTR target and4in layer | Source: EnergyPlus v22.2.0 ASHRAE_2005_HOF_Materials.idf, Insulation: Cellular polyisocyanuratej (CFC-11 exp.) (gasimpermeable facers), lines865-871; Historical CFC-11 faced polyiso reference; density32, cp920; generic proxy for current foam | URL: https://github.com/NatLabRockies/EnergyPlus/blob/v22.2.0/datasets/ASHRAE_2005_HOF_Materials.idf | Source: EnergyPlus v22.2.0 Input Output Reference, Material defaults | URL: https://github.com/NatLabRockies/EnergyPlus/blob/v22.2.0/doc/input-output-reference/src/overview/group-surface-construction-elements.tex#L87-L97"
Material,HIBO Metal Roof Deck Eq,1,Name,HIBO Metal Roof Deck Eq,909,Declared IDF provenance; not a new product verification,"Scope: The retained .0015 m also exactly matches the selected reference, but actual deck gauge/corrugation is not established by that match. | Scope: Use the full coherent reference tuple: cp is 418.4, not 500. Reference visible absorptance .3 differs from solar .7 and is copied as published. | Source: EnergyPlus v22.2.0 DOE RefBldgMediumOfficeNew2004_Chicago.idf; Material Metal Decking, lines 509-519 | URL: https://github.com/NatLabRockies/EnergyPlus/blob/v22.2.0/testfiles/RefBldgMediumOfficeNew2004_Chicago.idf | Source: EnergyPlus v22.2.0 DOE RefBldgMediumOfficeNew2004_Chicago.idf; Material Metal Decking, t=0.0015 m"
Material,HIBO Metal Roof Deck Eq,2,Roughness,MediumSmooth,910,Declared IDF provenance; not a new product verification,"Scope: The retained .0015 m also exactly matches the selected reference, but actual deck gauge/corrugation is not established by that match. | Scope: Use the full coherent reference tuple: cp is 418.4, not 500. Reference visible absorptance .3 differs from solar .7 and is copied as published. | Source: EnergyPlus v22.2.0 DOE RefBldgMediumOfficeNew2004_Chicago.idf; Material Metal Decking, lines 509-519 | URL: https://github.com/NatLabRockies/EnergyPlus/blob/v22.2.0/testfiles/RefBldgMediumOfficeNew2004_Chicago.idf | Source: EnergyPlus v22.2.0 DOE RefBldgMediumOfficeNew2004_Chicago.idf; Material Metal Decking, t=0.0015 m"
Material,HIBO Metal Roof Deck Eq,3,Thickness {m},0.0015,911,Declared IDF provenance; not a new product verification,"Scope: The retained .0015 m also exactly matches the selected reference, but actual deck gauge/corrugation is not established by that match. | Scope: Use the full coherent reference tuple: cp is 418.4, not 500. Reference visible absorptance .3 differs from solar .7 and is copied as published. | Source: EnergyPlus v22.2.0 DOE RefBldgMediumOfficeNew2004_Chicago.idf; Material Metal Decking, lines 509-519 | URL: https://github.com/NatLabRockies/EnergyPlus/blob/v22.2.0/testfiles/RefBldgMediumOfficeNew2004_Chicago.idf | Source: EnergyPlus v22.2.0 DOE RefBldgMediumOfficeNew2004_Chicago.idf; Material Metal Decking, t=0.0015 m"
Material,HIBO Metal Roof Deck Eq,4,Conductivity {W/m-K},45.006,912,Declared IDF provenance; not a new product verification,"Scope: The retained .0015 m also exactly matches the selected reference, but actual deck gauge/corrugation is not established by that match. | Scope: Use the full coherent reference tuple: cp is 418.4, not 500. Reference visible absorptance .3 differs from solar .7 and is copied as published. | Source: EnergyPlus v22.2.0 DOE RefBldgMediumOfficeNew2004_Chicago.idf; Material Metal Decking, lines 509-519 | URL: https://github.com/NatLabRockies/EnergyPlus/blob/v22.2.0/testfiles/RefBldgMediumOfficeNew2004_Chicago.idf | Source: EnergyPlus v22.2.0 DOE RefBldgMediumOfficeNew2004_Chicago.idf; Material Metal Decking, t=0.0015 m"
Material,HIBO Metal Roof Deck Eq,5,Density {kg/m3},7680,913,Declared IDF provenance; not a new product verification,"Scope: The retained .0015 m also exactly matches the selected reference, but actual deck gauge/corrugation is not established by that match. | Scope: Use the full coherent reference tuple: cp is 418.4, not 500. Reference visible absorptance .3 differs from solar .7 and is copied as published. | Source: EnergyPlus v22.2.0 DOE RefBldgMediumOfficeNew2004_Chicago.idf; Material Metal Decking, lines 509-519 | URL: https://github.com/NatLabRockies/EnergyPlus/blob/v22.2.0/testfiles/RefBldgMediumOfficeNew2004_Chicago.idf | Source: EnergyPlus v22.2.0 DOE RefBldgMediumOfficeNew2004_Chicago.idf; Material Metal Decking, t=0.0015 m"
Material,HIBO Metal Roof Deck Eq,6,Specific Heat {J/kg-K},418.4,914,Declared IDF provenance; not a new product verification,"Scope: The retained .0015 m also exactly matches the selected reference, but actual deck gauge/corrugation is not established by that match. | Scope: Use the full coherent reference tuple: cp is 418.4, not 500. Reference visible absorptance .3 differs from solar .7 and is copied as published. | Source: EnergyPlus v22.2.0 DOE RefBldgMediumOfficeNew2004_Chicago.idf; Material Metal Decking, lines 509-519 | URL: https://github.com/NatLabRockies/EnergyPlus/blob/v22.2.0/testfiles/RefBldgMediumOfficeNew2004_Chicago.idf | Source: EnergyPlus v22.2.0 DOE RefBldgMediumOfficeNew2004_Chicago.idf; Material Metal Decking, t=0.0015 m"
Material,HIBO Metal Roof Deck Eq,7,Thermal Absorptance,0.9,915,Declared IDF provenance; not a new product verification,"Scope: The retained .0015 m also exactly matches the selected reference, but actual deck gauge/corrugation is not established by that match. | Scope: Use the full coherent reference tuple: cp is 418.4, not 500. Reference visible absorptance .3 differs from solar .7 and is copied as published. | Source: EnergyPlus v22.2.0 DOE RefBldgMediumOfficeNew2004_Chicago.idf; Material Metal Decking, lines 509-519 | URL: https://github.com/NatLabRockies/EnergyPlus/blob/v22.2.0/testfiles/RefBldgMediumOfficeNew2004_Chicago.idf | Source: EnergyPlus v22.2.0 DOE RefBldgMediumOfficeNew2004_Chicago.idf; Material Metal Decking, t=0.0015 m"
Material,HIBO Metal Roof Deck Eq,8,Solar Absorptance,0.7,916,Declared IDF provenance; not a new product verification,"Scope: The retained .0015 m also exactly matches the selected reference, but actual deck gauge/corrugation is not established by that match. | Scope: Use the full coherent reference tuple: cp is 418.4, not 500. Reference visible absorptance .3 differs from solar .7 and is copied as published. | Source: EnergyPlus v22.2.0 DOE RefBldgMediumOfficeNew2004_Chicago.idf; Material Metal Decking, lines 509-519 | URL: https://github.com/NatLabRockies/EnergyPlus/blob/v22.2.0/testfiles/RefBldgMediumOfficeNew2004_Chicago.idf | Source: EnergyPlus v22.2.0 DOE RefBldgMediumOfficeNew2004_Chicago.idf; Material Metal Decking, t=0.0015 m"
Material,HIBO Metal Roof Deck Eq,9,Visible Absorptance,0.3,917,Declared IDF provenance; not a new product verification,"Scope: The retained .0015 m also exactly matches the selected reference, but actual deck gauge/corrugation is not established by that match. | Scope: Use the full coherent reference tuple: cp is 418.4, not 500. Reference visible absorptance .3 differs from solar .7 and is copied as published. | Source: EnergyPlus v22.2.0 DOE RefBldgMediumOfficeNew2004_Chicago.idf; Material Metal Decking, lines 509-519 | URL: https://github.com/NatLabRockies/EnergyPlus/blob/v22.2.0/testfiles/RefBldgMediumOfficeNew2004_Chicago.idf | Source: EnergyPlus v22.2.0 DOE RefBldgMediumOfficeNew2004_Chicago.idf; Material Metal Decking, t=0.0015 m"
Material,HIBO Concrete Slab 4in,1,Name,HIBO Concrete Slab 4in,938,Declared IDF provenance; not a new product verification,"Scope: Retain 4 in=.1016 m; exact reference thickness match. Actual aggregate/mix not verified. | Scope: Replace rounded cp=837 with exact reference cp=836.8. Finishes copy generic example object, not installed slab finish. | Source: EnergyPlus v22.2.0 DOE RefBldgMediumOfficeNew2004_Chicago.idf; Material MAT-CC05 4 HW CONCRETE, lines 531-541 | URL: https://github.com/NatLabRockies/EnergyPlus/blob/v22.2.0/testfiles/RefBldgMediumOfficeNew2004_Chicago.idf | Source: UNO-HCIBO-Lab 95% Check Set, 24 Feb 2022, A1.2, section A2; 4 in slab / granular fill"
Material,HIBO Concrete Slab 4in,2,Roughness,Rough,939,Declared IDF provenance; not a new product verification,"Scope: Retain 4 in=.1016 m; exact reference thickness match. Actual aggregate/mix not verified. | Scope: Replace rounded cp=837 with exact reference cp=836.8. Finishes copy generic example object, not installed slab finish. | Source: EnergyPlus v22.2.0 DOE RefBldgMediumOfficeNew2004_Chicago.idf; Material MAT-CC05 4 HW CONCRETE, lines 531-541 | URL: https://github.com/NatLabRockies/EnergyPlus/blob/v22.2.0/testfiles/RefBldgMediumOfficeNew2004_Chicago.idf | Source: UNO-HCIBO-Lab 95% Check Set, 24 Feb 2022, A1.2, section A2; 4 in slab / granular fill"
Material,HIBO Concrete Slab 4in,3,Thickness {m},0.1016,940,Declared IDF provenance; not a new product verification,"Scope: Retain 4 in=.1016 m; exact reference thickness match. Actual aggregate/mix not verified. | Scope: Replace rounded cp=837 with exact reference cp=836.8. Finishes copy generic example object, not installed slab finish. | Source: EnergyPlus v22.2.0 DOE RefBldgMediumOfficeNew2004_Chicago.idf; Material MAT-CC05 4 HW CONCRETE, lines 531-541 | URL: https://github.com/NatLabRockies/EnergyPlus/blob/v22.2.0/testfiles/RefBldgMediumOfficeNew2004_Chicago.idf | Source: UNO-HCIBO-Lab 95% Check Set, 24 Feb 2022, A1.2, section A2; 4 in slab / granular fill"
Material,HIBO Concrete Slab 4in,4,Conductivity {W/m-K},1.311,941,Declared IDF provenance; not a new product verification,"Scope: Retain 4 in=.1016 m; exact reference thickness match. Actual aggregate/mix not verified. | Scope: Replace rounded cp=837 with exact reference cp=836.8. Finishes copy generic example object, not installed slab finish. | Source: EnergyPlus v22.2.0 DOE RefBldgMediumOfficeNew2004_Chicago.idf; Material MAT-CC05 4 HW CONCRETE, lines 531-541 | URL: https://github.com/NatLabRockies/EnergyPlus/blob/v22.2.0/testfiles/RefBldgMediumOfficeNew2004_Chicago.idf | Source: UNO-HCIBO-Lab 95% Check Set, 24 Feb 2022, A1.2, section A2; 4 in slab / granular fill"
Material,HIBO Concrete Slab 4in,5,Density {kg/m3},2240,942,Declared IDF provenance; not a new product verification,"Scope: Retain 4 in=.1016 m; exact reference thickness match. Actual aggregate/mix not verified. | Scope: Replace rounded cp=837 with exact reference cp=836.8. Finishes copy generic example object, not installed slab finish. | Source: EnergyPlus v22.2.0 DOE RefBldgMediumOfficeNew2004_Chicago.idf; Material MAT-CC05 4 HW CONCRETE, lines 531-541 | URL: https://github.com/NatLabRockies/EnergyPlus/blob/v22.2.0/testfiles/RefBldgMediumOfficeNew2004_Chicago.idf | Source: UNO-HCIBO-Lab 95% Check Set, 24 Feb 2022, A1.2, section A2; 4 in slab / granular fill"
Material,HIBO Concrete Slab 4in,6,Specific Heat {J/kg-K},836.8,943,Declared IDF provenance; not a new product verification,"Scope: Retain 4 in=.1016 m; exact reference thickness match. Actual aggregate/mix not verified. | Scope: Replace rounded cp=837 with exact reference cp=836.8. Finishes copy generic example object, not installed slab finish. | Source: EnergyPlus v22.2.0 DOE RefBldgMediumOfficeNew2004_Chicago.idf; Material MAT-CC05 4 HW CONCRETE, lines 531-541 | URL: https://github.com/NatLabRockies/EnergyPlus/blob/v22.2.0/testfiles/RefBldgMediumOfficeNew2004_Chicago.idf | Source: UNO-HCIBO-Lab 95% Check Set, 24 Feb 2022, A1.2, section A2; 4 in slab / granular fill"
Material,HIBO Concrete Slab 4in,7,Thermal Absorptance,0.9,944,Declared IDF provenance; not a new product verification,"Scope: Retain 4 in=.1016 m; exact reference thickness match. Actual aggregate/mix not verified. | Scope: Replace rounded cp=837 with exact reference cp=836.8. Finishes copy generic example object, not installed slab finish. | Source: EnergyPlus v22.2.0 DOE RefBldgMediumOfficeNew2004_Chicago.idf; Material MAT-CC05 4 HW CONCRETE, lines 531-541 | URL: https://github.com/NatLabRockies/EnergyPlus/blob/v22.2.0/testfiles/RefBldgMediumOfficeNew2004_Chicago.idf | Source: UNO-HCIBO-Lab 95% Check Set, 24 Feb 2022, A1.2, section A2; 4 in slab / granular fill"
Material,HIBO Concrete Slab 4in,8,Solar Absorptance,0.7,945,Declared IDF provenance; not a new product verification,"Scope: Retain 4 in=.1016 m; exact reference thickness match. Actual aggregate/mix not verified. | Scope: Replace rounded cp=837 with exact reference cp=836.8. Finishes copy generic example object, not installed slab finish. | Source: EnergyPlus v22.2.0 DOE RefBldgMediumOfficeNew2004_Chicago.idf; Material MAT-CC05 4 HW CONCRETE, lines 531-541 | URL: https://github.com/NatLabRockies/EnergyPlus/blob/v22.2.0/testfiles/RefBldgMediumOfficeNew2004_Chicago.idf | Source: UNO-HCIBO-Lab 95% Check Set, 24 Feb 2022, A1.2, section A2; 4 in slab / granular fill"
Material,HIBO Concrete Slab 4in,9,Visible Absorptance,0.7,946,Declared IDF provenance; not a new product verification,"Scope: Retain 4 in=.1016 m; exact reference thickness match. Actual aggregate/mix not verified. | Scope: Replace rounded cp=837 with exact reference cp=836.8. Finishes copy generic example object, not installed slab finish. | Source: EnergyPlus v22.2.0 DOE RefBldgMediumOfficeNew2004_Chicago.idf; Material MAT-CC05 4 HW CONCRETE, lines 531-541 | URL: https://github.com/NatLabRockies/EnergyPlus/blob/v22.2.0/testfiles/RefBldgMediumOfficeNew2004_Chicago.idf | Source: UNO-HCIBO-Lab 95% Check Set, 24 Feb 2022, A1.2, section A2; 4 in slab / granular fill"
Material,HIBO Granular Fill 4in Eq,1,Name,HIBO Granular Fill 4in Eq,966,Declared IDF provenance; not a new product verification,"Scope: Retain 4 in=.1016 m. Gravel proxy does not verify the actual fill grading, moisture or compaction. | Scope: Roughness is retained as an interface convention; no measured roughness category is supplied by B6. Fill is buried under the slab; its optical values do not represent exposed ground-surface measurements. | Source: User supplied latest HIBO_Task1_Standard_Ground(1).idf | Source: UNO-HCIBO-Lab 95% Check Set, 24 Feb 2022, A1.2, section A2; 4 in slab / granular fill | Source: EnergyPlus v22.2.0 Auxiliary Programs, GroundHeatTransfer:Basement:MatlProps; All three Gravel fields of GroundHeatTransfer:Basement:MatlProps; also sample object | URL: https://github.com/NatLabRockies/EnergyPlus/blob/v22.2.0/doc/auxiliary-programs/src/ground-heat-transfer-in-energyplus/description-of-the-objects-in-the-basementght.tex | Source: EnergyPlus v22.2.0 Input Output Reference, Material optical defaults; Material default optical fields | URL: https://github.com/NatLabRockies/EnergyPlus/blob/v22.2.0/doc/input-output-reference/src/overview/group-surface-construction-elements.tex#L87-L97"
Material,HIBO Granular Fill 4in Eq,2,Roughness,Rough,967,Declared IDF provenance; not a new product verification,"Scope: Retain 4 in=.1016 m. Gravel proxy does not verify the actual fill grading, moisture or compaction. | Scope: Roughness is retained as an interface convention; no measured roughness category is supplied by B6. Fill is buried under the slab; its optical values do not represent exposed ground-surface measurements. | Source: User supplied latest HIBO_Task1_Standard_Ground(1).idf | Source: UNO-HCIBO-Lab 95% Check Set, 24 Feb 2022, A1.2, section A2; 4 in slab / granular fill | Source: EnergyPlus v22.2.0 Auxiliary Programs, GroundHeatTransfer:Basement:MatlProps; All three Gravel fields of GroundHeatTransfer:Basement:MatlProps; also sample object | URL: https://github.com/NatLabRockies/EnergyPlus/blob/v22.2.0/doc/auxiliary-programs/src/ground-heat-transfer-in-energyplus/description-of-the-objects-in-the-basementght.tex | Source: EnergyPlus v22.2.0 Input Output Reference, Material optical defaults; Material default optical fields | URL: https://github.com/NatLabRockies/EnergyPlus/blob/v22.2.0/doc/input-output-reference/src/overview/group-surface-construction-elements.tex#L87-L97"
Material,HIBO Granular Fill 4in Eq,3,Thickness {m},0.1016,968,Declared IDF provenance; not a new product verification,"Scope: Retain 4 in=.1016 m. Gravel proxy does not verify the actual fill grading, moisture or compaction. | Scope: Roughness is retained as an interface convention; no measured roughness category is supplied by B6. Fill is buried under the slab; its optical values do not represent exposed ground-surface measurements. | Source: User supplied latest HIBO_Task1_Standard_Ground(1).idf | Source: UNO-HCIBO-Lab 95% Check Set, 24 Feb 2022, A1.2, section A2; 4 in slab / granular fill | Source: EnergyPlus v22.2.0 Auxiliary Programs, GroundHeatTransfer:Basement:MatlProps; All three Gravel fields of GroundHeatTransfer:Basement:MatlProps; also sample object | URL: https://github.com/NatLabRockies/EnergyPlus/blob/v22.2.0/doc/auxiliary-programs/src/ground-heat-transfer-in-energyplus/description-of-the-objects-in-the-basementght.tex | Source: EnergyPlus v22.2.0 Input Output Reference, Material optical defaults; Material default optical fields | URL: https://github.com/NatLabRockies/EnergyPlus/blob/v22.2.0/doc/input-output-reference/src/overview/group-surface-construction-elements.tex#L87-L97"
Material,HIBO Granular Fill 4in Eq,4,Conductivity {W/m-K},1.9,969,Declared IDF provenance; not a new product verification,"Scope: Retain 4 in=.1016 m. Gravel proxy does not verify the actual fill grading, moisture or compaction. | Scope: Roughness is retained as an interface convention; no measured roughness category is supplied by B6. Fill is buried under the slab; its optical values do not represent exposed ground-surface measurements. | Source: User supplied latest HIBO_Task1_Standard_Ground(1).idf | Source: UNO-HCIBO-Lab 95% Check Set, 24 Feb 2022, A1.2, section A2; 4 in slab / granular fill | Source: EnergyPlus v22.2.0 Auxiliary Programs, GroundHeatTransfer:Basement:MatlProps; All three Gravel fields of GroundHeatTransfer:Basement:MatlProps; also sample object | URL: https://github.com/NatLabRockies/EnergyPlus/blob/v22.2.0/doc/auxiliary-programs/src/ground-heat-transfer-in-energyplus/description-of-the-objects-in-the-basementght.tex | Source: EnergyPlus v22.2.0 Input Output Reference, Material optical defaults; Material default optical fields | URL: https://github.com/NatLabRockies/EnergyPlus/blob/v22.2.0/doc/input-output-reference/src/overview/group-surface-construction-elements.tex#L87-L97"
Material,HIBO Granular Fill 4in Eq,5,Density {kg/m3},2000,970,Declared IDF provenance; not a new product verification,"Scope: Retain 4 in=.1016 m. Gravel proxy does not verify the actual fill grading, moisture or compaction. | Scope: Roughness is retained as an interface convention; no measured roughness category is supplied by B6. Fill is buried under the slab; its optical values do not represent exposed ground-surface measurements. | Source: User supplied latest HIBO_Task1_Standard_Ground(1).idf | Source: UNO-HCIBO-Lab 95% Check Set, 24 Feb 2022, A1.2, section A2; 4 in slab / granular fill | Source: EnergyPlus v22.2.0 Auxiliary Programs, GroundHeatTransfer:Basement:MatlProps; All three Gravel fields of GroundHeatTransfer:Basement:MatlProps; also sample object | URL: https://github.com/NatLabRockies/EnergyPlus/blob/v22.2.0/doc/auxiliary-programs/src/ground-heat-transfer-in-energyplus/description-of-the-objects-in-the-basementght.tex | Source: EnergyPlus v22.2.0 Input Output Reference, Material optical defaults; Material default optical fields | URL: https://github.com/NatLabRockies/EnergyPlus/blob/v22.2.0/doc/input-output-reference/src/overview/group-surface-construction-elements.tex#L87-L97"
Material,HIBO Granular Fill 4in Eq,6,Specific Heat {J/kg-K},720,971,Declared IDF provenance; not a new product verification,"Scope: Retain 4 in=.1016 m. Gravel proxy does not verify the actual fill grading, moisture or compaction. | Scope: Roughness is retained as an interface convention; no measured roughness category is supplied by B6. Fill is buried under the slab; its optical values do not represent exposed ground-surface measurements. | Source: User supplied latest HIBO_Task1_Standard_Ground(1).idf | Source: UNO-HCIBO-Lab 95% Check Set, 24 Feb 2022, A1.2, section A2; 4 in slab / granular fill | Source: EnergyPlus v22.2.0 Auxiliary Programs, GroundHeatTransfer:Basement:MatlProps; All three Gravel fields of GroundHeatTransfer:Basement:MatlProps; also sample object | URL: https://github.com/NatLabRockies/EnergyPlus/blob/v22.2.0/doc/auxiliary-programs/src/ground-heat-transfer-in-energyplus/description-of-the-objects-in-the-basementght.tex | Source: EnergyPlus v22.2.0 Input Output Reference, Material optical defaults; Material default optical fields | URL: https://github.com/NatLabRockies/EnergyPlus/blob/v22.2.0/doc/input-output-reference/src/overview/group-surface-construction-elements.tex#L87-L97"
Material,HIBO Granular Fill 4in Eq,7,Thermal Absorptance,0.9,972,Declared IDF provenance; not a new product verification,"Scope: Retain 4 in=.1016 m. Gravel proxy does not verify the actual fill grading, moisture or compaction. | Scope: Roughness is retained as an interface convention; no measured roughness category is supplied by B6. Fill is buried under the slab; its optical values do not represent exposed ground-surface measurements. | Source: User supplied latest HIBO_Task1_Standard_Ground(1).idf | Source: UNO-HCIBO-Lab 95% Check Set, 24 Feb 2022, A1.2, section A2; 4 in slab / granular fill | Source: EnergyPlus v22.2.0 Auxiliary Programs, GroundHeatTransfer:Basement:MatlProps; All three Gravel fields of GroundHeatTransfer:Basement:MatlProps; also sample object | URL: https://github.com/NatLabRockies/EnergyPlus/blob/v22.2.0/doc/auxiliary-programs/src/ground-heat-transfer-in-energyplus/description-of-the-objects-in-the-basementght.tex | Source: EnergyPlus v22.2.0 Input Output Reference, Material optical defaults; Material default optical fields | URL: https://github.com/NatLabRockies/EnergyPlus/blob/v22.2.0/doc/input-output-reference/src/overview/group-surface-construction-elements.tex#L87-L97"
Material,HIBO Granular Fill 4in Eq,8,Solar Absorptance,0.7,973,Declared IDF provenance; not a new product verification,"Scope: Retain 4 in=.1016 m. Gravel proxy does not verify the actual fill grading, moisture or compaction. | Scope: Roughness is retained as an interface convention; no measured roughness category is supplied by B6. Fill is buried under the slab; its optical values do not represent exposed ground-surface measurements. | Source: User supplied latest HIBO_Task1_Standard_Ground(1).idf | Source: UNO-HCIBO-Lab 95% Check Set, 24 Feb 2022, A1.2, section A2; 4 in slab / granular fill | Source: EnergyPlus v22.2.0 Auxiliary Programs, GroundHeatTransfer:Basement:MatlProps; All three Gravel fields of GroundHeatTransfer:Basement:MatlProps; also sample object | URL: https://github.com/NatLabRockies/EnergyPlus/blob/v22.2.0/doc/auxiliary-programs/src/ground-heat-transfer-in-energyplus/description-of-the-objects-in-the-basementght.tex | Source: EnergyPlus v22.2.0 Input Output Reference, Material optical defaults; Material default optical fields | URL: https://github.com/NatLabRockies/EnergyPlus/blob/v22.2.0/doc/input-output-reference/src/overview/group-surface-construction-elements.tex#L87-L97"
Material,HIBO Granular Fill 4in Eq,9,Visible Absorptance,0.7,974,Declared IDF provenance; not a new product verification,"Scope: Retain 4 in=.1016 m. Gravel proxy does not verify the actual fill grading, moisture or compaction. | Scope: Roughness is retained as an interface convention; no measured roughness category is supplied by B6. Fill is buried under the slab; its optical values do not represent exposed ground-surface measurements. | Source: User supplied latest HIBO_Task1_Standard_Ground(1).idf | Source: UNO-HCIBO-Lab 95% Check Set, 24 Feb 2022, A1.2, section A2; 4 in slab / granular fill | Source: EnergyPlus v22.2.0 Auxiliary Programs, GroundHeatTransfer:Basement:MatlProps; All three Gravel fields of GroundHeatTransfer:Basement:MatlProps; also sample object | URL: https://github.com/NatLabRockies/EnergyPlus/blob/v22.2.0/doc/auxiliary-programs/src/ground-heat-transfer-in-energyplus/description-of-the-objects-in-the-basementght.tex | Source: EnergyPlus v22.2.0 Input Output Reference, Material optical defaults; Material default optical fields | URL: https://github.com/NatLabRockies/EnergyPlus/blob/v22.2.0/doc/input-output-reference/src/overview/group-surface-construction-elements.tex#L87-L97"
Material,HIBO APC-1 Ultima High NRC 1940 Reference,1,Name,HIBO APC-1 Ultima High NRC 1940 Reference,995,Declared IDF provenance; not a new product verification,"Scope: Drawings specify Armstrong ULTIMA High NRC24x24 family. Item1940 is the selected reference SKU, not a confirmed installed SKU. Manufacturer gives thickness, resistance, areal weight and light reflectance; cp uses generic acoustic tile. | Source: OpenStudio Prototype Buildings, F16 Acoustic tile; MediumSmooth / thermal.9 / solar.3; reference surface values | URL: https://github.com/NatLabRockies/OpenStudio-Prototype-Buildings/blob/be99118c3f52f439aa4e0e0a32829101e833f731/create_DOE_prototype_building/resources/OpenStudio_Standards_materials.json | Source: Armstrong ULTIMA Square Lay-In, data sheet BPCS-4595-925, p.2, High NRC item1940; 1940 selected reference SKU in specified HighNRC24x24family | URL: https://www.armstrongceilings.com/content/dam/armstrongceilings/commercial/north-america/data-sheets/data-sheet-ultima-square-lay-in.pdf | Source: Armstrong ULTIMA Square Lay-In, data sheet BPCS-4595-925, p.2, High NRC item1940; Thermal resistance0.39m2K/W | Source: Armstrong ULTIMA Square Lay-In, data sheet BPCS-4595-925, p.2, High NRC item1940; 1.14lb/ft2 converted tokg/m2 and divided by.022225m | Source: EnergyPlus v22.2.0 ASHRAE_2005_HOF_Materials.idf, F16 Acoustic tile; Generic cp590; not supplied by Armstrong | URL: https://github.com/NatLabRockies/EnergyPlus/blob/v22.2.0/datasets/ASHRAE_2005_HOF_Materials.idf | Source: Armstrong ULTIMA Square Lay-In, data sheet BPCS-4595-925, p.2, High NRC item1940; Opaque tile visible absorptance derived from light reflectance"
Material,HIBO APC-1 Ultima High NRC 1940 Reference,2,Roughness,MediumSmooth,996,Declared IDF provenance; not a new product verification,"Scope: Drawings specify Armstrong ULTIMA High NRC24x24 family. Item1940 is the selected reference SKU, not a confirmed installed SKU. Manufacturer gives thickness, resistance, areal weight and light reflectance; cp uses generic acoustic tile. | Source: OpenStudio Prototype Buildings, F16 Acoustic tile; MediumSmooth / thermal.9 / solar.3; reference surface values | URL: https://github.com/NatLabRockies/OpenStudio-Prototype-Buildings/blob/be99118c3f52f439aa4e0e0a32829101e833f731/create_DOE_prototype_building/resources/OpenStudio_Standards_materials.json | Source: Armstrong ULTIMA Square Lay-In, data sheet BPCS-4595-925, p.2, High NRC item1940; 1940 selected reference SKU in specified HighNRC24x24family | URL: https://www.armstrongceilings.com/content/dam/armstrongceilings/commercial/north-america/data-sheets/data-sheet-ultima-square-lay-in.pdf | Source: Armstrong ULTIMA Square Lay-In, data sheet BPCS-4595-925, p.2, High NRC item1940; Thermal resistance0.39m2K/W | Source: Armstrong ULTIMA Square Lay-In, data sheet BPCS-4595-925, p.2, High NRC item1940; 1.14lb/ft2 converted tokg/m2 and divided by.022225m | Source: EnergyPlus v22.2.0 ASHRAE_2005_HOF_Materials.idf, F16 Acoustic tile; Generic cp590; not supplied by Armstrong | URL: https://github.com/NatLabRockies/EnergyPlus/blob/v22.2.0/datasets/ASHRAE_2005_HOF_Materials.idf | Source: Armstrong ULTIMA Square Lay-In, data sheet BPCS-4595-925, p.2, High NRC item1940; Opaque tile visible absorptance derived from light reflectance"
Material,HIBO APC-1 Ultima High NRC 1940 Reference,3,Thickness {m},0.022225,997,Declared IDF provenance; not a new product verification,"Scope: Drawings specify Armstrong ULTIMA High NRC24x24 family. Item1940 is the selected reference SKU, not a confirmed installed SKU. Manufacturer gives thickness, resistance, areal weight and light reflectance; cp uses generic acoustic tile. | Source: OpenStudio Prototype Buildings, F16 Acoustic tile; MediumSmooth / thermal.9 / solar.3; reference surface values | URL: https://github.com/NatLabRockies/OpenStudio-Prototype-Buildings/blob/be99118c3f52f439aa4e0e0a32829101e833f731/create_DOE_prototype_building/resources/OpenStudio_Standards_materials.json | Source: Armstrong ULTIMA Square Lay-In, data sheet BPCS-4595-925, p.2, High NRC item1940; 1940 selected reference SKU in specified HighNRC24x24family | URL: https://www.armstrongceilings.com/content/dam/armstrongceilings/commercial/north-america/data-sheets/data-sheet-ultima-square-lay-in.pdf | Source: Armstrong ULTIMA Square Lay-In, data sheet BPCS-4595-925, p.2, High NRC item1940; Thermal resistance0.39m2K/W | Source: Armstrong ULTIMA Square Lay-In, data sheet BPCS-4595-925, p.2, High NRC item1940; 1.14lb/ft2 converted tokg/m2 and divided by.022225m | Source: EnergyPlus v22.2.0 ASHRAE_2005_HOF_Materials.idf, F16 Acoustic tile; Generic cp590; not supplied by Armstrong | URL: https://github.com/NatLabRockies/EnergyPlus/blob/v22.2.0/datasets/ASHRAE_2005_HOF_Materials.idf | Source: Armstrong ULTIMA Square Lay-In, data sheet BPCS-4595-925, p.2, High NRC item1940; Opaque tile visible absorptance derived from light reflectance"
Material,HIBO APC-1 Ultima High NRC 1940 Reference,4,Conductivity {W/m-K},0.0569871794872,998,Declared IDF provenance; not a new product verification,"Scope: Drawings specify Armstrong ULTIMA High NRC24x24 family. Item1940 is the selected reference SKU, not a confirmed installed SKU. Manufacturer gives thickness, resistance, areal weight and light reflectance; cp uses generic acoustic tile. | Source: OpenStudio Prototype Buildings, F16 Acoustic tile; MediumSmooth / thermal.9 / solar.3; reference surface values | URL: https://github.com/NatLabRockies/OpenStudio-Prototype-Buildings/blob/be99118c3f52f439aa4e0e0a32829101e833f731/create_DOE_prototype_building/resources/OpenStudio_Standards_materials.json | Source: Armstrong ULTIMA Square Lay-In, data sheet BPCS-4595-925, p.2, High NRC item1940; 1940 selected reference SKU in specified HighNRC24x24family | URL: https://www.armstrongceilings.com/content/dam/armstrongceilings/commercial/north-america/data-sheets/data-sheet-ultima-square-lay-in.pdf | Source: Armstrong ULTIMA Square Lay-In, data sheet BPCS-4595-925, p.2, High NRC item1940; Thermal resistance0.39m2K/W | Source: Armstrong ULTIMA Square Lay-In, data sheet BPCS-4595-925, p.2, High NRC item1940; 1.14lb/ft2 converted tokg/m2 and divided by.022225m | Source: EnergyPlus v22.2.0 ASHRAE_2005_HOF_Materials.idf, F16 Acoustic tile; Generic cp590; not supplied by Armstrong | URL: https://github.com/NatLabRockies/EnergyPlus/blob/v22.2.0/datasets/ASHRAE_2005_HOF_Materials.idf | Source: Armstrong ULTIMA Square Lay-In, data sheet BPCS-4595-925, p.2, High NRC item1940; Opaque tile visible absorptance derived from light reflectance"
Material,HIBO APC-1 Ultima High NRC 1940 Reference,5,Density {kg/m3},250.437233092,999,Declared IDF provenance; not a new product verification,"Scope: Drawings specify Armstrong ULTIMA High NRC24x24 family. Item1940 is the selected reference SKU, not a confirmed installed SKU. Manufacturer gives thickness, resistance, areal weight and light reflectance; cp uses generic acoustic tile. | Source: OpenStudio Prototype Buildings, F16 Acoustic tile; MediumSmooth / thermal.9 / solar.3; reference surface values | URL: https://github.com/NatLabRockies/OpenStudio-Prototype-Buildings/blob/be99118c3f52f439aa4e0e0a32829101e833f731/create_DOE_prototype_building/resources/OpenStudio_Standards_materials.json | Source: Armstrong ULTIMA Square Lay-In, data sheet BPCS-4595-925, p.2, High NRC item1940; 1940 selected reference SKU in specified HighNRC24x24family | URL: https://www.armstrongceilings.com/content/dam/armstrongceilings/commercial/north-america/data-sheets/data-sheet-ultima-square-lay-in.pdf | Source: Armstrong ULTIMA Square Lay-In, data sheet BPCS-4595-925, p.2, High NRC item1940; Thermal resistance0.39m2K/W | Source: Armstrong ULTIMA Square Lay-In, data sheet BPCS-4595-925, p.2, High NRC item1940; 1.14lb/ft2 converted tokg/m2 and divided by.022225m | Source: EnergyPlus v22.2.0 ASHRAE_2005_HOF_Materials.idf, F16 Acoustic tile; Generic cp590; not supplied by Armstrong | URL: https://github.com/NatLabRockies/EnergyPlus/blob/v22.2.0/datasets/ASHRAE_2005_HOF_Materials.idf | Source: Armstrong ULTIMA Square Lay-In, data sheet BPCS-4595-925, p.2, High NRC item1940; Opaque tile visible absorptance derived from light reflectance"
Material,HIBO APC-1 Ultima High NRC 1940 Reference,6,Specific Heat {J/kg-K},590,1000,Declared IDF provenance; not a new product verification,"Scope: Drawings specify Armstrong ULTIMA High NRC24x24 family. Item1940 is the selected reference SKU, not a confirmed installed SKU. Manufacturer gives thickness, resistance, areal weight and light reflectance; cp uses generic acoustic tile. | Source: OpenStudio Prototype Buildings, F16 Acoustic tile; MediumSmooth / thermal.9 / solar.3; reference surface values | URL: https://github.com/NatLabRockies/OpenStudio-Prototype-Buildings/blob/be99118c3f52f439aa4e0e0a32829101e833f731/create_DOE_prototype_building/resources/OpenStudio_Standards_materials.json | Source: Armstrong ULTIMA Square Lay-In, data sheet BPCS-4595-925, p.2, High NRC item1940; 1940 selected reference SKU in specified HighNRC24x24family | URL: https://www.armstrongceilings.com/content/dam/armstrongceilings/commercial/north-america/data-sheets/data-sheet-ultima-square-lay-in.pdf | Source: Armstrong ULTIMA Square Lay-In, data sheet BPCS-4595-925, p.2, High NRC item1940; Thermal resistance0.39m2K/W | Source: Armstrong ULTIMA Square Lay-In, data sheet BPCS-4595-925, p.2, High NRC item1940; 1.14lb/ft2 converted tokg/m2 and divided by.022225m | Source: EnergyPlus v22.2.0 ASHRAE_2005_HOF_Materials.idf, F16 Acoustic tile; Generic cp590; not supplied by Armstrong | URL: https://github.com/NatLabRockies/EnergyPlus/blob/v22.2.0/datasets/ASHRAE_2005_HOF_Materials.idf | Source: Armstrong ULTIMA Square Lay-In, data sheet BPCS-4595-925, p.2, High NRC item1940; Opaque tile visible absorptance derived from light reflectance"
Material,HIBO APC-1 Ultima High NRC 1940 Reference,7,Thermal Absorptance,0.9,1001,Declared IDF provenance; not a new product verification,"Scope: Drawings specify Armstrong ULTIMA High NRC24x24 family. Item1940 is the selected reference SKU, not a confirmed installed SKU. Manufacturer gives thickness, resistance, areal weight and light reflectance; cp uses generic acoustic tile. | Source: OpenStudio Prototype Buildings, F16 Acoustic tile; MediumSmooth / thermal.9 / solar.3; reference surface values | URL: https://github.com/NatLabRockies/OpenStudio-Prototype-Buildings/blob/be99118c3f52f439aa4e0e0a32829101e833f731/create_DOE_prototype_building/resources/OpenStudio_Standards_materials.json | Source: Armstrong ULTIMA Square Lay-In, data sheet BPCS-4595-925, p.2, High NRC item1940; 1940 selected reference SKU in specified HighNRC24x24family | URL: https://www.armstrongceilings.com/content/dam/armstrongceilings/commercial/north-america/data-sheets/data-sheet-ultima-square-lay-in.pdf | Source: Armstrong ULTIMA Square Lay-In, data sheet BPCS-4595-925, p.2, High NRC item1940; Thermal resistance0.39m2K/W | Source: Armstrong ULTIMA Square Lay-In, data sheet BPCS-4595-925, p.2, High NRC item1940; 1.14lb/ft2 converted tokg/m2 and divided by.022225m | Source: EnergyPlus v22.2.0 ASHRAE_2005_HOF_Materials.idf, F16 Acoustic tile; Generic cp590; not supplied by Armstrong | URL: https://github.com/NatLabRockies/EnergyPlus/blob/v22.2.0/datasets/ASHRAE_2005_HOF_Materials.idf | Source: Armstrong ULTIMA Square Lay-In, data sheet BPCS-4595-925, p.2, High NRC item1940; Opaque tile visible absorptance derived from light reflectance"
Material,HIBO APC-1 Ultima High NRC 1940 Reference,8,Solar Absorptance,0.3,1002,Declared IDF provenance; not a new product verification,"Scope: Drawings specify Armstrong ULTIMA High NRC24x24 family. Item1940 is the selected reference SKU, not a confirmed installed SKU. Manufacturer gives thickness, resistance, areal weight and light reflectance; cp uses generic acoustic tile. | Source: OpenStudio Prototype Buildings, F16 Acoustic tile; MediumSmooth / thermal.9 / solar.3; reference surface values | URL: https://github.com/NatLabRockies/OpenStudio-Prototype-Buildings/blob/be99118c3f52f439aa4e0e0a32829101e833f731/create_DOE_prototype_building/resources/OpenStudio_Standards_materials.json | Source: Armstrong ULTIMA Square Lay-In, data sheet BPCS-4595-925, p.2, High NRC item1940; 1940 selected reference SKU in specified HighNRC24x24family | URL: https://www.armstrongceilings.com/content/dam/armstrongceilings/commercial/north-america/data-sheets/data-sheet-ultima-square-lay-in.pdf | Source: Armstrong ULTIMA Square Lay-In, data sheet BPCS-4595-925, p.2, High NRC item1940; Thermal resistance0.39m2K/W | Source: Armstrong ULTIMA Square Lay-In, data sheet BPCS-4595-925, p.2, High NRC item1940; 1.14lb/ft2 converted tokg/m2 and divided by.022225m | Source: EnergyPlus v22.2.0 ASHRAE_2005_HOF_Materials.idf, F16 Acoustic tile; Generic cp590; not supplied by Armstrong | URL: https://github.com/NatLabRockies/EnergyPlus/blob/v22.2.0/datasets/ASHRAE_2005_HOF_Materials.idf | Source: Armstrong ULTIMA Square Lay-In, data sheet BPCS-4595-925, p.2, High NRC item1940; Opaque tile visible absorptance derived from light reflectance"
Material,HIBO APC-1 Ultima High NRC 1940 Reference,9,Visible Absorptance,0.13,1003,Declared IDF provenance; not a new product verification,"Scope: Drawings specify Armstrong ULTIMA High NRC24x24 family. Item1940 is the selected reference SKU, not a confirmed installed SKU. Manufacturer gives thickness, resistance, areal weight and light reflectance; cp uses generic acoustic tile. | Source: OpenStudio Prototype Buildings, F16 Acoustic tile; MediumSmooth / thermal.9 / solar.3; reference surface values | URL: https://github.com/NatLabRockies/OpenStudio-Prototype-Buildings/blob/be99118c3f52f439aa4e0e0a32829101e833f731/create_DOE_prototype_building/resources/OpenStudio_Standards_materials.json | Source: Armstrong ULTIMA Square Lay-In, data sheet BPCS-4595-925, p.2, High NRC item1940; 1940 selected reference SKU in specified HighNRC24x24family | URL: https://www.armstrongceilings.com/content/dam/armstrongceilings/commercial/north-america/data-sheets/data-sheet-ultima-square-lay-in.pdf | Source: Armstrong ULTIMA Square Lay-In, data sheet BPCS-4595-925, p.2, High NRC item1940; Thermal resistance0.39m2K/W | Source: Armstrong ULTIMA Square Lay-In, data sheet BPCS-4595-925, p.2, High NRC item1940; 1.14lb/ft2 converted tokg/m2 and divided by.022225m | Source: EnergyPlus v22.2.0 ASHRAE_2005_HOF_Materials.idf, F16 Acoustic tile; Generic cp590; not supplied by Armstrong | URL: https://github.com/NatLabRockies/EnergyPlus/blob/v22.2.0/datasets/ASHRAE_2005_HOF_Materials.idf | Source: Armstrong ULTIMA Square Lay-In, data sheet BPCS-4595-925, p.2, High NRC item1940; Opaque tile visible absorptance derived from light reflectance"
Material,HIBO Interior Sound Batt Cavity 6in Eq,1,Name,HIBO Interior Sound Batt Cavity 6in Eq,1016,Declared IDF provenance; not a new product verification,"Scope: Soundbatttype/thickness, studgaugeandspacing notfirmlyidentified. SA870717 acousticreference is for a different90mmframe/75mmrockfiberassembly. No purebattproperty is valid for the composite as-is. | Source: Supplied HIBO_Task1_Standard_Ground(1).idf; HIBO Interior Sound Batt Cavity 6in Eq | Source: UNO-HCIBO-Lab 95% Check Set, 24 Feb 2022, A1.1, S-20; SA.6.20 tag"
Material,HIBO Interior Sound Batt Cavity 6in Eq,2,Roughness,MediumRough,1017,Declared IDF provenance; not a new product verification,"Scope: Soundbatttype/thickness, studgaugeandspacing notfirmlyidentified. SA870717 acousticreference is for a different90mmframe/75mmrockfiberassembly. No purebattproperty is valid for the composite as-is. | Source: Supplied HIBO_Task1_Standard_Ground(1).idf; HIBO Interior Sound Batt Cavity 6in Eq | Source: UNO-HCIBO-Lab 95% Check Set, 24 Feb 2022, A1.1, S-20; SA.6.20 tag"
Material,HIBO Interior Sound Batt Cavity 6in Eq,3,Thickness {m},0.1524,1018,Declared IDF provenance; not a new product verification,"Scope: Soundbatttype/thickness, studgaugeandspacing notfirmlyidentified. SA870717 acousticreference is for a different90mmframe/75mmrockfiberassembly. No purebattproperty is valid for the composite as-is. | Source: Supplied HIBO_Task1_Standard_Ground(1).idf; HIBO Interior Sound Batt Cavity 6in Eq | Source: UNO-HCIBO-Lab 95% Check Set, 24 Feb 2022, A1.1, S-20; SA.6.20 tag"
Material,HIBO Interior Sound Batt Cavity 6in Eq,4,Conductivity {W/m-K},0.12,1019,Declared IDF provenance; not a new product verification,"Scope: Soundbatttype/thickness, studgaugeandspacing notfirmlyidentified. SA870717 acousticreference is for a different90mmframe/75mmrockfiberassembly. No purebattproperty is valid for the composite as-is. | Source: Supplied HIBO_Task1_Standard_Ground(1).idf; HIBO Interior Sound Batt Cavity 6in Eq | Source: UNO-HCIBO-Lab 95% Check Set, 24 Feb 2022, A1.1, S-20; SA.6.20 tag"
Material,HIBO Interior Sound Batt Cavity 6in Eq,5,Density {kg/m3},40,1020,Declared IDF provenance; not a new product verification,"Scope: Soundbatttype/thickness, studgaugeandspacing notfirmlyidentified. SA870717 acousticreference is for a different90mmframe/75mmrockfiberassembly. No purebattproperty is valid for the composite as-is. | Source: Supplied HIBO_Task1_Standard_Ground(1).idf; HIBO Interior Sound Batt Cavity 6in Eq | Source: UNO-HCIBO-Lab 95% Check Set, 24 Feb 2022, A1.1, S-20; SA.6.20 tag"
Material,HIBO Interior Sound Batt Cavity 6in Eq,6,Specific Heat {J/kg-K},700,1021,Declared IDF provenance; not a new product verification,"Scope: Soundbatttype/thickness, studgaugeandspacing notfirmlyidentified. SA870717 acousticreference is for a different90mmframe/75mmrockfiberassembly. No purebattproperty is valid for the composite as-is. | Source: Supplied HIBO_Task1_Standard_Ground(1).idf; HIBO Interior Sound Batt Cavity 6in Eq | Source: UNO-HCIBO-Lab 95% Check Set, 24 Feb 2022, A1.1, S-20; SA.6.20 tag"
Material,HIBO Interior Sound Batt Cavity 6in Eq,7,Thermal Absorptance,0.9,1022,Declared IDF provenance; not a new product verification,"Scope: Soundbatttype/thickness, studgaugeandspacing notfirmlyidentified. SA870717 acousticreference is for a different90mmframe/75mmrockfiberassembly. No purebattproperty is valid for the composite as-is. | Source: Supplied HIBO_Task1_Standard_Ground(1).idf; HIBO Interior Sound Batt Cavity 6in Eq | Source: UNO-HCIBO-Lab 95% Check Set, 24 Feb 2022, A1.1, S-20; SA.6.20 tag"
Material,HIBO Interior Sound Batt Cavity 6in Eq,8,Solar Absorptance,0.5,1023,Declared IDF provenance; not a new product verification,"Scope: Soundbatttype/thickness, studgaugeandspacing notfirmlyidentified. SA870717 acousticreference is for a different90mmframe/75mmrockfiberassembly. No purebattproperty is valid for the composite as-is. | Source: Supplied HIBO_Task1_Standard_Ground(1).idf; HIBO Interior Sound Batt Cavity 6in Eq | Source: UNO-HCIBO-Lab 95% Check Set, 24 Feb 2022, A1.1, S-20; SA.6.20 tag"
Material,HIBO Interior Sound Batt Cavity 6in Eq,9,Visible Absorptance,0.5,1024,Declared IDF provenance; not a new product verification,"Scope: Soundbatttype/thickness, studgaugeandspacing notfirmlyidentified. SA870717 acousticreference is for a different90mmframe/75mmrockfiberassembly. No purebattproperty is valid for the composite as-is. | Source: Supplied HIBO_Task1_Standard_Ground(1).idf; HIBO Interior Sound Batt Cavity 6in Eq | Source: UNO-HCIBO-Lab 95% Check Set, 24 Feb 2022, A1.1, S-20; SA.6.20 tag"
Material,HIBO Interior Sound Batt Cavity 8in Eq,1,Name,HIBO Interior Sound Batt Cavity 8in Eq,1037,Declared IDF provenance; not a new product verification,Scope: Same limitationas6in. The drawingroughthickness7-1/4inforboth tags doesnotresolvefull8infilling. Do not imposepuresoundbatt onall8inwithouta declaredhomogenization. | Source: Supplied HIBO_Task1_Standard_Ground(1).idf; HIBO Interior Sound Batt Cavity 8in Eq | Source: HIBO A1.1 S-20 partition schedule; 8in modeled fromtag; drawinglists7-1/4inroughthickness forboth tags
Material,HIBO Interior Sound Batt Cavity 8in Eq,2,Roughness,MediumRough,1038,Declared IDF provenance; not a new product verification,Scope: Same limitationas6in. The drawingroughthickness7-1/4inforboth tags doesnotresolvefull8infilling. Do not imposepuresoundbatt onall8inwithouta declaredhomogenization. | Source: Supplied HIBO_Task1_Standard_Ground(1).idf; HIBO Interior Sound Batt Cavity 8in Eq | Source: HIBO A1.1 S-20 partition schedule; 8in modeled fromtag; drawinglists7-1/4inroughthickness forboth tags
Material,HIBO Interior Sound Batt Cavity 8in Eq,3,Thickness {m},0.2032,1039,Declared IDF provenance; not a new product verification,Scope: Same limitationas6in. The drawingroughthickness7-1/4inforboth tags doesnotresolvefull8infilling. Do not imposepuresoundbatt onall8inwithouta declaredhomogenization. | Source: Supplied HIBO_Task1_Standard_Ground(1).idf; HIBO Interior Sound Batt Cavity 8in Eq | Source: HIBO A1.1 S-20 partition schedule; 8in modeled fromtag; drawinglists7-1/4inroughthickness forboth tags
Material,HIBO Interior Sound Batt Cavity 8in Eq,4,Conductivity {W/m-K},0.12,1040,Declared IDF provenance; not a new product verification,Scope: Same limitationas6in. The drawingroughthickness7-1/4inforboth tags doesnotresolvefull8infilling. Do not imposepuresoundbatt onall8inwithouta declaredhomogenization. | Source: Supplied HIBO_Task1_Standard_Ground(1).idf; HIBO Interior Sound Batt Cavity 8in Eq | Source: HIBO A1.1 S-20 partition schedule; 8in modeled fromtag; drawinglists7-1/4inroughthickness forboth tags
Material,HIBO Interior Sound Batt Cavity 8in Eq,5,Density {kg/m3},40,1041,Declared IDF provenance; not a new product verification,Scope: Same limitationas6in. The drawingroughthickness7-1/4inforboth tags doesnotresolvefull8infilling. Do not imposepuresoundbatt onall8inwithouta declaredhomogenization. | Source: Supplied HIBO_Task1_Standard_Ground(1).idf; HIBO Interior Sound Batt Cavity 8in Eq | Source: HIBO A1.1 S-20 partition schedule; 8in modeled fromtag; drawinglists7-1/4inroughthickness forboth tags
Material,HIBO Interior Sound Batt Cavity 8in Eq,6,Specific Heat {J/kg-K},700,1042,Declared IDF provenance; not a new product verification,Scope: Same limitationas6in. The drawingroughthickness7-1/4inforboth tags doesnotresolvefull8infilling. Do not imposepuresoundbatt onall8inwithouta declaredhomogenization. | Source: Supplied HIBO_Task1_Standard_Ground(1).idf; HIBO Interior Sound Batt Cavity 8in Eq | Source: HIBO A1.1 S-20 partition schedule; 8in modeled fromtag; drawinglists7-1/4inroughthickness forboth tags
Material,HIBO Interior Sound Batt Cavity 8in Eq,7,Thermal Absorptance,0.9,1043,Declared IDF provenance; not a new product verification,Scope: Same limitationas6in. The drawingroughthickness7-1/4inforboth tags doesnotresolvefull8infilling. Do not imposepuresoundbatt onall8inwithouta declaredhomogenization. | Source: Supplied HIBO_Task1_Standard_Ground(1).idf; HIBO Interior Sound Batt Cavity 8in Eq | Source: HIBO A1.1 S-20 partition schedule; 8in modeled fromtag; drawinglists7-1/4inroughthickness forboth tags
Material,HIBO Interior Sound Batt Cavity 8in Eq,8,Solar Absorptance,0.5,1044,Declared IDF provenance; not a new product verification,Scope: Same limitationas6in. The drawingroughthickness7-1/4inforboth tags doesnotresolvefull8infilling. Do not imposepuresoundbatt onall8inwithouta declaredhomogenization. | Source: Supplied HIBO_Task1_Standard_Ground(1).idf; HIBO Interior Sound Batt Cavity 8in Eq | Source: HIBO A1.1 S-20 partition schedule; 8in modeled fromtag; drawinglists7-1/4inroughthickness forboth tags
Material,HIBO Interior Sound Batt Cavity 8in Eq,9,Visible Absorptance,0.5,1045,Declared IDF provenance; not a new product verification,Scope: Same limitationas6in. The drawingroughthickness7-1/4inforboth tags doesnotresolvefull8infilling. Do not imposepuresoundbatt onall8inwithouta declaredhomogenization. | Source: Supplied HIBO_Task1_Standard_Ground(1).idf; HIBO Interior Sound Batt Cavity 8in Eq | Source: HIBO A1.1 S-20 partition schedule; 8in modeled fromtag; drawinglists7-1/4inroughthickness forboth tags
Material,HIBO HM Door Steel Skin Eq,1,Name,HIBO HM Door Steel Skin Eq,1066,Declared IDF provenance; not a new product verification,"Scope: The existing 1-mm skin thickness remains a geometric assumption, explicitly stated in the current IDF. Do not silently change it without coordinating the core thickness. | Scope: Generic metal-sheet proxy; does not establish actual door gauge, steel grade, or paint. | Source: EnergyPlus v22.2.0 ASHRAE_2005_HOF_Materials.idf; F08 Metal surface, lines 131-137 | URL: https://github.com/NatLabRockies/EnergyPlus/blob/v22.2.0/datasets/ASHRAE_2005_HOF_Materials.idf | Source: User supplied latest HIBO_Task1_Standard_Ground(1).idf + UNO-HCIBO-Lab 95% Check Set, 23 February 2022, sheet A0.1 | Source: NREL/NatLabRockies OpenStudio Prototype Buildings material library; F08 Metal surface, lines 14590-14603 | URL: https://github.com/NatLabRockies/OpenStudio-Prototype-Buildings/blob/be99118c3f52f439aa4e0e0a32829101e833f731/create_DOE_prototype_building/resources/OpenStudio_Standards_materials.json"
Material,HIBO HM Door Steel Skin Eq,2,Roughness,Smooth,1067,Declared IDF provenance; not a new product verification,"Scope: The existing 1-mm skin thickness remains a geometric assumption, explicitly stated in the current IDF. Do not silently change it without coordinating the core thickness. | Scope: Generic metal-sheet proxy; does not establish actual door gauge, steel grade, or paint. | Source: EnergyPlus v22.2.0 ASHRAE_2005_HOF_Materials.idf; F08 Metal surface, lines 131-137 | URL: https://github.com/NatLabRockies/EnergyPlus/blob/v22.2.0/datasets/ASHRAE_2005_HOF_Materials.idf | Source: User supplied latest HIBO_Task1_Standard_Ground(1).idf + UNO-HCIBO-Lab 95% Check Set, 23 February 2022, sheet A0.1 | Source: NREL/NatLabRockies OpenStudio Prototype Buildings material library; F08 Metal surface, lines 14590-14603 | URL: https://github.com/NatLabRockies/OpenStudio-Prototype-Buildings/blob/be99118c3f52f439aa4e0e0a32829101e833f731/create_DOE_prototype_building/resources/OpenStudio_Standards_materials.json"
Material,HIBO HM Door Steel Skin Eq,3,Thickness {m},0.001,1068,Declared IDF provenance; not a new product verification,"Scope: The existing 1-mm skin thickness remains a geometric assumption, explicitly stated in the current IDF. Do not silently change it without coordinating the core thickness. | Scope: Generic metal-sheet proxy; does not establish actual door gauge, steel grade, or paint. | Source: EnergyPlus v22.2.0 ASHRAE_2005_HOF_Materials.idf; F08 Metal surface, lines 131-137 | URL: https://github.com/NatLabRockies/EnergyPlus/blob/v22.2.0/datasets/ASHRAE_2005_HOF_Materials.idf | Source: User supplied latest HIBO_Task1_Standard_Ground(1).idf + UNO-HCIBO-Lab 95% Check Set, 23 February 2022, sheet A0.1 | Source: NREL/NatLabRockies OpenStudio Prototype Buildings material library; F08 Metal surface, lines 14590-14603 | URL: https://github.com/NatLabRockies/OpenStudio-Prototype-Buildings/blob/be99118c3f52f439aa4e0e0a32829101e833f731/create_DOE_prototype_building/resources/OpenStudio_Standards_materials.json"
Material,HIBO HM Door Steel Skin Eq,4,Conductivity {W/m-K},45.28,1069,Declared IDF provenance; not a new product verification,"Scope: The existing 1-mm skin thickness remains a geometric assumption, explicitly stated in the current IDF. Do not silently change it without coordinating the core thickness. | Scope: Generic metal-sheet proxy; does not establish actual door gauge, steel grade, or paint. | Source: EnergyPlus v22.2.0 ASHRAE_2005_HOF_Materials.idf; F08 Metal surface, lines 131-137 | URL: https://github.com/NatLabRockies/EnergyPlus/blob/v22.2.0/datasets/ASHRAE_2005_HOF_Materials.idf | Source: User supplied latest HIBO_Task1_Standard_Ground(1).idf + UNO-HCIBO-Lab 95% Check Set, 23 February 2022, sheet A0.1 | Source: NREL/NatLabRockies OpenStudio Prototype Buildings material library; F08 Metal surface, lines 14590-14603 | URL: https://github.com/NatLabRockies/OpenStudio-Prototype-Buildings/blob/be99118c3f52f439aa4e0e0a32829101e833f731/create_DOE_prototype_building/resources/OpenStudio_Standards_materials.json"
Material,HIBO HM Door Steel Skin Eq,5,Density {kg/m3},7824,1070,Declared IDF provenance; not a new product verification,"Scope: The existing 1-mm skin thickness remains a geometric assumption, explicitly stated in the current IDF. Do not silently change it without coordinating the core thickness. | Scope: Generic metal-sheet proxy; does not establish actual door gauge, steel grade, or paint. | Source: EnergyPlus v22.2.0 ASHRAE_2005_HOF_Materials.idf; F08 Metal surface, lines 131-137 | URL: https://github.com/NatLabRockies/EnergyPlus/blob/v22.2.0/datasets/ASHRAE_2005_HOF_Materials.idf | Source: User supplied latest HIBO_Task1_Standard_Ground(1).idf + UNO-HCIBO-Lab 95% Check Set, 23 February 2022, sheet A0.1 | Source: NREL/NatLabRockies OpenStudio Prototype Buildings material library; F08 Metal surface, lines 14590-14603 | URL: https://github.com/NatLabRockies/OpenStudio-Prototype-Buildings/blob/be99118c3f52f439aa4e0e0a32829101e833f731/create_DOE_prototype_building/resources/OpenStudio_Standards_materials.json"
Material,HIBO HM Door Steel Skin Eq,6,Specific Heat {J/kg-K},500,1071,Declared IDF provenance; not a new product verification,"Scope: The existing 1-mm skin thickness remains a geometric assumption, explicitly stated in the current IDF. Do not silently change it without coordinating the core thickness. | Scope: Generic metal-sheet proxy; does not establish actual door gauge, steel grade, or paint. | Source: EnergyPlus v22.2.0 ASHRAE_2005_HOF_Materials.idf; F08 Metal surface, lines 131-137 | URL: https://github.com/NatLabRockies/EnergyPlus/blob/v22.2.0/datasets/ASHRAE_2005_HOF_Materials.idf | Source: User supplied latest HIBO_Task1_Standard_Ground(1).idf + UNO-HCIBO-Lab 95% Check Set, 23 February 2022, sheet A0.1 | Source: NREL/NatLabRockies OpenStudio Prototype Buildings material library; F08 Metal surface, lines 14590-14603 | URL: https://github.com/NatLabRockies/OpenStudio-Prototype-Buildings/blob/be99118c3f52f439aa4e0e0a32829101e833f731/create_DOE_prototype_building/resources/OpenStudio_Standards_materials.json"
Material,HIBO HM Door Steel Skin Eq,7,Thermal Absorptance,0.9,1072,Declared IDF provenance; not a new product verification,"Scope: The existing 1-mm skin thickness remains a geometric assumption, explicitly stated in the current IDF. Do not silently change it without coordinating the core thickness. | Scope: Generic metal-sheet proxy; does not establish actual door gauge, steel grade, or paint. | Source: EnergyPlus v22.2.0 ASHRAE_2005_HOF_Materials.idf; F08 Metal surface, lines 131-137 | URL: https://github.com/NatLabRockies/EnergyPlus/blob/v22.2.0/datasets/ASHRAE_2005_HOF_Materials.idf | Source: User supplied latest HIBO_Task1_Standard_Ground(1).idf + UNO-HCIBO-Lab 95% Check Set, 23 February 2022, sheet A0.1 | Source: NREL/NatLabRockies OpenStudio Prototype Buildings material library; F08 Metal surface, lines 14590-14603 | URL: https://github.com/NatLabRockies/OpenStudio-Prototype-Buildings/blob/be99118c3f52f439aa4e0e0a32829101e833f731/create_DOE_prototype_building/resources/OpenStudio_Standards_materials.json"
Material,HIBO HM Door Steel Skin Eq,8,Solar Absorptance,0.7,1073,Declared IDF provenance; not a new product verification,"Scope: The existing 1-mm skin thickness remains a geometric assumption, explicitly stated in the current IDF. Do not silently change it without coordinating the core thickness. | Scope: Generic metal-sheet proxy; does not establish actual door gauge, steel grade, or paint. | Source: EnergyPlus v22.2.0 ASHRAE_2005_HOF_Materials.idf; F08 Metal surface, lines 131-137 | URL: https://github.com/NatLabRockies/EnergyPlus/blob/v22.2.0/datasets/ASHRAE_2005_HOF_Materials.idf | Source: User supplied latest HIBO_Task1_Standard_Ground(1).idf + UNO-HCIBO-Lab 95% Check Set, 23 February 2022, sheet A0.1 | Source: NREL/NatLabRockies OpenStudio Prototype Buildings material library; F08 Metal surface, lines 14590-14603 | URL: https://github.com/NatLabRockies/OpenStudio-Prototype-Buildings/blob/be99118c3f52f439aa4e0e0a32829101e833f731/create_DOE_prototype_building/resources/OpenStudio_Standards_materials.json"
Material,HIBO HM Door Steel Skin Eq,9,Visible Absorptance,0.7,1074,Declared IDF provenance; not a new product verification,"Scope: The existing 1-mm skin thickness remains a geometric assumption, explicitly stated in the current IDF. Do not silently change it without coordinating the core thickness. | Scope: Generic metal-sheet proxy; does not establish actual door gauge, steel grade, or paint. | Source: EnergyPlus v22.2.0 ASHRAE_2005_HOF_Materials.idf; F08 Metal surface, lines 131-137 | URL: https://github.com/NatLabRockies/EnergyPlus/blob/v22.2.0/datasets/ASHRAE_2005_HOF_Materials.idf | Source: User supplied latest HIBO_Task1_Standard_Ground(1).idf + UNO-HCIBO-Lab 95% Check Set, 23 February 2022, sheet A0.1 | Source: NREL/NatLabRockies OpenStudio Prototype Buildings material library; F08 Metal surface, lines 14590-14603 | URL: https://github.com/NatLabRockies/OpenStudio-Prototype-Buildings/blob/be99118c3f52f439aa4e0e0a32829101e833f731/create_DOE_prototype_building/resources/OpenStudio_Standards_materials.json"
Material,HIBO HM Door Core Eq,1,Name,HIBO HM Door Core Eq,1087,Declared IDF provenance; not a new product verification,"Scope: Hollow-metal manufacturername/Level3cannot identifycore. ExactmanufacturerassemblyUdoesnotuniquelydeterminecorekandincludesassembly/film/edgeeffects. Keepunknowncoreexplicit ratherthanarbitrarilyselectinsulation. Ifskin t changes,coret=.04445−2*skin_t. | Source: Supplied HIBO_Task1_Standard_Ground(1).idf; HIBO HM Door Core Eq | Source: HIBO A1.2 door schedule plus supplied IDF skin thickness; 44.45−2×1=42.45mm"
Material,HIBO HM Door Core Eq,2,Roughness,Smooth,1088,Declared IDF provenance; not a new product verification,"Scope: Hollow-metal manufacturername/Level3cannot identifycore. ExactmanufacturerassemblyUdoesnotuniquelydeterminecorekandincludesassembly/film/edgeeffects. Keepunknowncoreexplicit ratherthanarbitrarilyselectinsulation. Ifskin t changes,coret=.04445−2*skin_t. | Source: Supplied HIBO_Task1_Standard_Ground(1).idf; HIBO HM Door Core Eq | Source: HIBO A1.2 door schedule plus supplied IDF skin thickness; 44.45−2×1=42.45mm"
Material,HIBO HM Door Core Eq,3,Thickness {m},0.04245,1089,Declared IDF provenance; not a new product verification,"Scope: Hollow-metal manufacturername/Level3cannot identifycore. ExactmanufacturerassemblyUdoesnotuniquelydeterminecorekandincludesassembly/film/edgeeffects. Keepunknowncoreexplicit ratherthanarbitrarilyselectinsulation. Ifskin t changes,coret=.04445−2*skin_t. | Source: Supplied HIBO_Task1_Standard_Ground(1).idf; HIBO HM Door Core Eq | Source: HIBO A1.2 door schedule plus supplied IDF skin thickness; 44.45−2×1=42.45mm"
Material,HIBO HM Door Core Eq,4,Conductivity {W/m-K},0.12,1090,Declared IDF provenance; not a new product verification,"Scope: Hollow-metal manufacturername/Level3cannot identifycore. ExactmanufacturerassemblyUdoesnotuniquelydeterminecorekandincludesassembly/film/edgeeffects. Keepunknowncoreexplicit ratherthanarbitrarilyselectinsulation. Ifskin t changes,coret=.04445−2*skin_t. | Source: Supplied HIBO_Task1_Standard_Ground(1).idf; HIBO HM Door Core Eq | Source: HIBO A1.2 door schedule plus supplied IDF skin thickness; 44.45−2×1=42.45mm"
Material,HIBO HM Door Core Eq,5,Density {kg/m3},80,1091,Declared IDF provenance; not a new product verification,"Scope: Hollow-metal manufacturername/Level3cannot identifycore. ExactmanufacturerassemblyUdoesnotuniquelydeterminecorekandincludesassembly/film/edgeeffects. Keepunknowncoreexplicit ratherthanarbitrarilyselectinsulation. Ifskin t changes,coret=.04445−2*skin_t. | Source: Supplied HIBO_Task1_Standard_Ground(1).idf; HIBO HM Door Core Eq | Source: HIBO A1.2 door schedule plus supplied IDF skin thickness; 44.45−2×1=42.45mm"
Material,HIBO HM Door Core Eq,6,Specific Heat {J/kg-K},1000,1092,Declared IDF provenance; not a new product verification,"Scope: Hollow-metal manufacturername/Level3cannot identifycore. ExactmanufacturerassemblyUdoesnotuniquelydeterminecorekandincludesassembly/film/edgeeffects. Keepunknowncoreexplicit ratherthanarbitrarilyselectinsulation. Ifskin t changes,coret=.04445−2*skin_t. | Source: Supplied HIBO_Task1_Standard_Ground(1).idf; HIBO HM Door Core Eq | Source: HIBO A1.2 door schedule plus supplied IDF skin thickness; 44.45−2×1=42.45mm"
Material,HIBO HM Door Core Eq,7,Thermal Absorptance,0.9,1093,Declared IDF provenance; not a new product verification,"Scope: Hollow-metal manufacturername/Level3cannot identifycore. ExactmanufacturerassemblyUdoesnotuniquelydeterminecorekandincludesassembly/film/edgeeffects. Keepunknowncoreexplicit ratherthanarbitrarilyselectinsulation. Ifskin t changes,coret=.04445−2*skin_t. | Source: Supplied HIBO_Task1_Standard_Ground(1).idf; HIBO HM Door Core Eq | Source: HIBO A1.2 door schedule plus supplied IDF skin thickness; 44.45−2×1=42.45mm"
Material,HIBO HM Door Core Eq,8,Solar Absorptance,0.5,1094,Declared IDF provenance; not a new product verification,"Scope: Hollow-metal manufacturername/Level3cannot identifycore. ExactmanufacturerassemblyUdoesnotuniquelydeterminecorekandincludesassembly/film/edgeeffects. Keepunknowncoreexplicit ratherthanarbitrarilyselectinsulation. Ifskin t changes,coret=.04445−2*skin_t. | Source: Supplied HIBO_Task1_Standard_Ground(1).idf; HIBO HM Door Core Eq | Source: HIBO A1.2 door schedule plus supplied IDF skin thickness; 44.45−2×1=42.45mm"
Material,HIBO HM Door Core Eq,9,Visible Absorptance,0.5,1095,Declared IDF provenance; not a new product verification,"Scope: Hollow-metal manufacturername/Level3cannot identifycore. ExactmanufacturerassemblyUdoesnotuniquelydeterminecorekandincludesassembly/film/edgeeffects. Keepunknowncoreexplicit ratherthanarbitrarilyselectinsulation. Ifskin t changes,coret=.04445−2*skin_t. | Source: Supplied HIBO_Task1_Standard_Ground(1).idf; HIBO HM Door Core Eq | Source: HIBO A1.2 door schedule plus supplied IDF skin thickness; 44.45−2×1=42.45mm"
Material,HIBO Hollow Metal Frame Eq,1,Name,HIBO Hollow Metal Frame Eq,1109,Declared IDF provenance; not a new product verification,"Scope: A1.2 says mineralwool-filledframe. cp500is a steel-dominatedreference, notexactcompositecp. Whole-sectionG/rhoneedsprofileandfillfractions. Do notusebulksteelk45.28/rho7824forwholeframe. | Source: Supplied HIBO_Task1_Standard_Ground(1).idf; HIBO Hollow Metal Frame Eq | Source: Supplied IDF, Hollow Metal Frame Eq | Source: EnergyPlus v22.2.0 ASHRAE_2005_HOF_Materials.idf, F08 Metal surface; Steel-dominated framecp only; not conductivity/density of hollowsection | URL: https://github.com/NatLabRockies/EnergyPlus/blob/v22.2.0/datasets/ASHRAE_2005_HOF_Materials.idf"
Material,HIBO Hollow Metal Frame Eq,2,Roughness,Smooth,1110,Declared IDF provenance; not a new product verification,"Scope: A1.2 says mineralwool-filledframe. cp500is a steel-dominatedreference, notexactcompositecp. Whole-sectionG/rhoneedsprofileandfillfractions. Do notusebulksteelk45.28/rho7824forwholeframe. | Source: Supplied HIBO_Task1_Standard_Ground(1).idf; HIBO Hollow Metal Frame Eq | Source: Supplied IDF, Hollow Metal Frame Eq | Source: EnergyPlus v22.2.0 ASHRAE_2005_HOF_Materials.idf, F08 Metal surface; Steel-dominated framecp only; not conductivity/density of hollowsection | URL: https://github.com/NatLabRockies/EnergyPlus/blob/v22.2.0/datasets/ASHRAE_2005_HOF_Materials.idf"
Material,HIBO Hollow Metal Frame Eq,3,Thickness {m},0.04445,1111,Declared IDF provenance; not a new product verification,"Scope: A1.2 says mineralwool-filledframe. cp500is a steel-dominatedreference, notexactcompositecp. Whole-sectionG/rhoneedsprofileandfillfractions. Do notusebulksteelk45.28/rho7824forwholeframe. | Source: Supplied HIBO_Task1_Standard_Ground(1).idf; HIBO Hollow Metal Frame Eq | Source: Supplied IDF, Hollow Metal Frame Eq | Source: EnergyPlus v22.2.0 ASHRAE_2005_HOF_Materials.idf, F08 Metal surface; Steel-dominated framecp only; not conductivity/density of hollowsection | URL: https://github.com/NatLabRockies/EnergyPlus/blob/v22.2.0/datasets/ASHRAE_2005_HOF_Materials.idf"
Material,HIBO Hollow Metal Frame Eq,4,Conductivity {W/m-K},0.22225,1112,Declared IDF provenance; not a new product verification,"Scope: A1.2 says mineralwool-filledframe. cp500is a steel-dominatedreference, notexactcompositecp. Whole-sectionG/rhoneedsprofileandfillfractions. Do notusebulksteelk45.28/rho7824forwholeframe. | Source: Supplied HIBO_Task1_Standard_Ground(1).idf; HIBO Hollow Metal Frame Eq | Source: Supplied IDF, Hollow Metal Frame Eq | Source: EnergyPlus v22.2.0 ASHRAE_2005_HOF_Materials.idf, F08 Metal surface; Steel-dominated framecp only; not conductivity/density of hollowsection | URL: https://github.com/NatLabRockies/EnergyPlus/blob/v22.2.0/datasets/ASHRAE_2005_HOF_Materials.idf"
Material,HIBO Hollow Metal Frame Eq,5,Density {kg/m3},250,1113,Declared IDF provenance; not a new product verification,"Scope: A1.2 says mineralwool-filledframe. cp500is a steel-dominatedreference, notexactcompositecp. Whole-sectionG/rhoneedsprofileandfillfractions. Do notusebulksteelk45.28/rho7824forwholeframe. | Source: Supplied HIBO_Task1_Standard_Ground(1).idf; HIBO Hollow Metal Frame Eq | Source: Supplied IDF, Hollow Metal Frame Eq | Source: EnergyPlus v22.2.0 ASHRAE_2005_HOF_Materials.idf, F08 Metal surface; Steel-dominated framecp only; not conductivity/density of hollowsection | URL: https://github.com/NatLabRockies/EnergyPlus/blob/v22.2.0/datasets/ASHRAE_2005_HOF_Materials.idf"
Material,HIBO Hollow Metal Frame Eq,6,Specific Heat {J/kg-K},500,1114,Declared IDF provenance; not a new product verification,"Scope: A1.2 says mineralwool-filledframe. cp500is a steel-dominatedreference, notexactcompositecp. Whole-sectionG/rhoneedsprofileandfillfractions. Do notusebulksteelk45.28/rho7824forwholeframe. | Source: Supplied HIBO_Task1_Standard_Ground(1).idf; HIBO Hollow Metal Frame Eq | Source: Supplied IDF, Hollow Metal Frame Eq | Source: EnergyPlus v22.2.0 ASHRAE_2005_HOF_Materials.idf, F08 Metal surface; Steel-dominated framecp only; not conductivity/density of hollowsection | URL: https://github.com/NatLabRockies/EnergyPlus/blob/v22.2.0/datasets/ASHRAE_2005_HOF_Materials.idf"
Material,HIBO Hollow Metal Frame Eq,7,Thermal Absorptance,0.9,1115,Declared IDF provenance; not a new product verification,"Scope: A1.2 says mineralwool-filledframe. cp500is a steel-dominatedreference, notexactcompositecp. Whole-sectionG/rhoneedsprofileandfillfractions. Do notusebulksteelk45.28/rho7824forwholeframe. | Source: Supplied HIBO_Task1_Standard_Ground(1).idf; HIBO Hollow Metal Frame Eq | Source: Supplied IDF, Hollow Metal Frame Eq | Source: EnergyPlus v22.2.0 ASHRAE_2005_HOF_Materials.idf, F08 Metal surface; Steel-dominated framecp only; not conductivity/density of hollowsection | URL: https://github.com/NatLabRockies/EnergyPlus/blob/v22.2.0/datasets/ASHRAE_2005_HOF_Materials.idf"
Material,HIBO Hollow Metal Frame Eq,8,Solar Absorptance,0.4,1116,Declared IDF provenance; not a new product verification,"Scope: A1.2 says mineralwool-filledframe. cp500is a steel-dominatedreference, notexactcompositecp. Whole-sectionG/rhoneedsprofileandfillfractions. Do notusebulksteelk45.28/rho7824forwholeframe. | Source: Supplied HIBO_Task1_Standard_Ground(1).idf; HIBO Hollow Metal Frame Eq | Source: Supplied IDF, Hollow Metal Frame Eq | Source: EnergyPlus v22.2.0 ASHRAE_2005_HOF_Materials.idf, F08 Metal surface; Steel-dominated framecp only; not conductivity/density of hollowsection | URL: https://github.com/NatLabRockies/EnergyPlus/blob/v22.2.0/datasets/ASHRAE_2005_HOF_Materials.idf"
Material,HIBO Hollow Metal Frame Eq,9,Visible Absorptance,0.4,1117,Declared IDF provenance; not a new product verification,"Scope: A1.2 says mineralwool-filledframe. cp500is a steel-dominatedreference, notexactcompositecp. Whole-sectionG/rhoneedsprofileandfillfractions. Do notusebulksteelk45.28/rho7824forwholeframe. | Source: Supplied HIBO_Task1_Standard_Ground(1).idf; HIBO Hollow Metal Frame Eq | Source: Supplied IDF, Hollow Metal Frame Eq | Source: EnergyPlus v22.2.0 ASHRAE_2005_HOF_Materials.idf, F08 Metal surface; Steel-dominated framecp only; not conductivity/density of hollowsection | URL: https://github.com/NatLabRockies/EnergyPlus/blob/v22.2.0/datasets/ASHRAE_2005_HOF_Materials.idf"
Material,HIBO Exterior Aluminum Frame Strip Eq,1,Name,HIBO Exterior Aluminum Frame Strip Eq,1131,Declared IDF provenance; not a new product verification,"Scope: cp900matchesroundedbulkaluminum25C. FrameG/rhorequire601Tactualprofilecalculationorframe-specifictests. WholewindowUcannotbeused asframeG. | Source: Supplied HIBO_Task1_Standard_Ground(1).idf; HIBO Exterior Aluminum Frame Strip Eq | Source: UNO-HCIBO-Lab 95% Check Set, 24 Feb 2022, A0.1 §084113; Kawneer 601T, nominal 2 × 6 in | Source: NIST Chemistry WebBook SRD69, Aluminum solid, Chase1998, Shomate at298.15K; Bulk aluminumcp reference only; frame density/k remaineffective | URL: https://webbook.nist.gov/cgi/cbook.cgi?ID=C7429905&Mask=2"
Material,HIBO Exterior Aluminum Frame Strip Eq,2,Roughness,Smooth,1132,Declared IDF provenance; not a new product verification,"Scope: cp900matchesroundedbulkaluminum25C. FrameG/rhorequire601Tactualprofilecalculationorframe-specifictests. WholewindowUcannotbeused asframeG. | Source: Supplied HIBO_Task1_Standard_Ground(1).idf; HIBO Exterior Aluminum Frame Strip Eq | Source: UNO-HCIBO-Lab 95% Check Set, 24 Feb 2022, A0.1 §084113; Kawneer 601T, nominal 2 × 6 in | Source: NIST Chemistry WebBook SRD69, Aluminum solid, Chase1998, Shomate at298.15K; Bulk aluminumcp reference only; frame density/k remaineffective | URL: https://webbook.nist.gov/cgi/cbook.cgi?ID=C7429905&Mask=2"
Material,HIBO Exterior Aluminum Frame Strip Eq,3,Thickness {m},0.1524,1133,Declared IDF provenance; not a new product verification,"Scope: cp900matchesroundedbulkaluminum25C. FrameG/rhorequire601Tactualprofilecalculationorframe-specifictests. WholewindowUcannotbeused asframeG. | Source: Supplied HIBO_Task1_Standard_Ground(1).idf; HIBO Exterior Aluminum Frame Strip Eq | Source: UNO-HCIBO-Lab 95% Check Set, 24 Feb 2022, A0.1 §084113; Kawneer 601T, nominal 2 × 6 in | Source: NIST Chemistry WebBook SRD69, Aluminum solid, Chase1998, Shomate at298.15K; Bulk aluminumcp reference only; frame density/k remaineffective | URL: https://webbook.nist.gov/cgi/cbook.cgi?ID=C7429905&Mask=2"
Material,HIBO Exterior Aluminum Frame Strip Eq,4,Conductivity {W/m-K},0.762,1134,Declared IDF provenance; not a new product verification,"Scope: cp900matchesroundedbulkaluminum25C. FrameG/rhorequire601Tactualprofilecalculationorframe-specifictests. WholewindowUcannotbeused asframeG. | Source: Supplied HIBO_Task1_Standard_Ground(1).idf; HIBO Exterior Aluminum Frame Strip Eq | Source: UNO-HCIBO-Lab 95% Check Set, 24 Feb 2022, A0.1 §084113; Kawneer 601T, nominal 2 × 6 in | Source: NIST Chemistry WebBook SRD69, Aluminum solid, Chase1998, Shomate at298.15K; Bulk aluminumcp reference only; frame density/k remaineffective | URL: https://webbook.nist.gov/cgi/cbook.cgi?ID=C7429905&Mask=2"
Material,HIBO Exterior Aluminum Frame Strip Eq,5,Density {kg/m3},120,1135,Declared IDF provenance; not a new product verification,"Scope: cp900matchesroundedbulkaluminum25C. FrameG/rhorequire601Tactualprofilecalculationorframe-specifictests. WholewindowUcannotbeused asframeG. | Source: Supplied HIBO_Task1_Standard_Ground(1).idf; HIBO Exterior Aluminum Frame Strip Eq | Source: UNO-HCIBO-Lab 95% Check Set, 24 Feb 2022, A0.1 §084113; Kawneer 601T, nominal 2 × 6 in | Source: NIST Chemistry WebBook SRD69, Aluminum solid, Chase1998, Shomate at298.15K; Bulk aluminumcp reference only; frame density/k remaineffective | URL: https://webbook.nist.gov/cgi/cbook.cgi?ID=C7429905&Mask=2"
Material,HIBO Exterior Aluminum Frame Strip Eq,6,Specific Heat {J/kg-K},900,1136,Declared IDF provenance; not a new product verification,"Scope: cp900matchesroundedbulkaluminum25C. FrameG/rhorequire601Tactualprofilecalculationorframe-specifictests. WholewindowUcannotbeused asframeG. | Source: Supplied HIBO_Task1_Standard_Ground(1).idf; HIBO Exterior Aluminum Frame Strip Eq | Source: UNO-HCIBO-Lab 95% Check Set, 24 Feb 2022, A0.1 §084113; Kawneer 601T, nominal 2 × 6 in | Source: NIST Chemistry WebBook SRD69, Aluminum solid, Chase1998, Shomate at298.15K; Bulk aluminumcp reference only; frame density/k remaineffective | URL: https://webbook.nist.gov/cgi/cbook.cgi?ID=C7429905&Mask=2"
Material,HIBO Exterior Aluminum Frame Strip Eq,7,Thermal Absorptance,0.9,1137,Declared IDF provenance; not a new product verification,"Scope: cp900matchesroundedbulkaluminum25C. FrameG/rhorequire601Tactualprofilecalculationorframe-specifictests. WholewindowUcannotbeused asframeG. | Source: Supplied HIBO_Task1_Standard_Ground(1).idf; HIBO Exterior Aluminum Frame Strip Eq | Source: UNO-HCIBO-Lab 95% Check Set, 24 Feb 2022, A0.1 §084113; Kawneer 601T, nominal 2 × 6 in | Source: NIST Chemistry WebBook SRD69, Aluminum solid, Chase1998, Shomate at298.15K; Bulk aluminumcp reference only; frame density/k remaineffective | URL: https://webbook.nist.gov/cgi/cbook.cgi?ID=C7429905&Mask=2"
Material,HIBO Exterior Aluminum Frame Strip Eq,8,Solar Absorptance,0.4,1138,Declared IDF provenance; not a new product verification,"Scope: cp900matchesroundedbulkaluminum25C. FrameG/rhorequire601Tactualprofilecalculationorframe-specifictests. WholewindowUcannotbeused asframeG. | Source: Supplied HIBO_Task1_Standard_Ground(1).idf; HIBO Exterior Aluminum Frame Strip Eq | Source: UNO-HCIBO-Lab 95% Check Set, 24 Feb 2022, A0.1 §084113; Kawneer 601T, nominal 2 × 6 in | Source: NIST Chemistry WebBook SRD69, Aluminum solid, Chase1998, Shomate at298.15K; Bulk aluminumcp reference only; frame density/k remaineffective | URL: https://webbook.nist.gov/cgi/cbook.cgi?ID=C7429905&Mask=2"
Material,HIBO Exterior Aluminum Frame Strip Eq,9,Visible Absorptance,0.4,1139,Declared IDF provenance; not a new product verification,"Scope: cp900matchesroundedbulkaluminum25C. FrameG/rhorequire601Tactualprofilecalculationorframe-specifictests. WholewindowUcannotbeused asframeG. | Source: Supplied HIBO_Task1_Standard_Ground(1).idf; HIBO Exterior Aluminum Frame Strip Eq | Source: UNO-HCIBO-Lab 95% Check Set, 24 Feb 2022, A0.1 §084113; Kawneer 601T, nominal 2 × 6 in | Source: NIST Chemistry WebBook SRD69, Aluminum solid, Chase1998, Shomate at298.15K; Bulk aluminumcp reference only; frame density/k remaineffective | URL: https://webbook.nist.gov/cgi/cbook.cgi?ID=C7429905&Mask=2"
Material,HIBO Internal Mass Half Cavity SA6 Eq,1,Name,HIBO Internal Mass Half Cavity SA6 Eq,1152,Declared IDF provenance; not a new product verification,"Scope: Halfthickness preservesmass whenexposedareaisdoubled. Anyfull6inlayerproperty change mustpropagateherewithsamek/rho/cp andhalfthickness. | Source: Supplied HIBO_Task1_Standard_Ground(1).idf; HIBO Internal Mass Half Cavity SA6 Eq | Source: HIBO Interior Sound Batt Cavity 6in Eq, half thickness"
Material,HIBO Internal Mass Half Cavity SA6 Eq,2,Roughness,Smooth,1153,Declared IDF provenance; not a new product verification,"Scope: Halfthickness preservesmass whenexposedareaisdoubled. Anyfull6inlayerproperty change mustpropagateherewithsamek/rho/cp andhalfthickness. | Source: Supplied HIBO_Task1_Standard_Ground(1).idf; HIBO Internal Mass Half Cavity SA6 Eq | Source: HIBO Interior Sound Batt Cavity 6in Eq, half thickness"
Material,HIBO Internal Mass Half Cavity SA6 Eq,3,Thickness {m},0.0762,1154,Declared IDF provenance; not a new product verification,"Scope: Halfthickness preservesmass whenexposedareaisdoubled. Anyfull6inlayerproperty change mustpropagateherewithsamek/rho/cp andhalfthickness. | Source: Supplied HIBO_Task1_Standard_Ground(1).idf; HIBO Internal Mass Half Cavity SA6 Eq | Source: HIBO Interior Sound Batt Cavity 6in Eq, half thickness"
Material,HIBO Internal Mass Half Cavity SA6 Eq,4,Conductivity {W/m-K},0.12,1155,Declared IDF provenance; not a new product verification,"Scope: Halfthickness preservesmass whenexposedareaisdoubled. Anyfull6inlayerproperty change mustpropagateherewithsamek/rho/cp andhalfthickness. | Source: Supplied HIBO_Task1_Standard_Ground(1).idf; HIBO Internal Mass Half Cavity SA6 Eq | Source: HIBO Interior Sound Batt Cavity 6in Eq, half thickness"
Material,HIBO Internal Mass Half Cavity SA6 Eq,5,Density {kg/m3},40,1156,Declared IDF provenance; not a new product verification,"Scope: Halfthickness preservesmass whenexposedareaisdoubled. Anyfull6inlayerproperty change mustpropagateherewithsamek/rho/cp andhalfthickness. | Source: Supplied HIBO_Task1_Standard_Ground(1).idf; HIBO Internal Mass Half Cavity SA6 Eq | Source: HIBO Interior Sound Batt Cavity 6in Eq, half thickness"
Material,HIBO Internal Mass Half Cavity SA6 Eq,6,Specific Heat {J/kg-K},700,1157,Declared IDF provenance; not a new product verification,"Scope: Halfthickness preservesmass whenexposedareaisdoubled. Anyfull6inlayerproperty change mustpropagateherewithsamek/rho/cp andhalfthickness. | Source: Supplied HIBO_Task1_Standard_Ground(1).idf; HIBO Internal Mass Half Cavity SA6 Eq | Source: HIBO Interior Sound Batt Cavity 6in Eq, half thickness"
Material,HIBO Internal Mass Half Cavity SA6 Eq,7,Thermal Absorptance,0.9,1158,Declared IDF provenance; not a new product verification,"Scope: Halfthickness preservesmass whenexposedareaisdoubled. Anyfull6inlayerproperty change mustpropagateherewithsamek/rho/cp andhalfthickness. | Source: Supplied HIBO_Task1_Standard_Ground(1).idf; HIBO Internal Mass Half Cavity SA6 Eq | Source: HIBO Interior Sound Batt Cavity 6in Eq, half thickness"
Material,HIBO Internal Mass Half Cavity SA6 Eq,8,Solar Absorptance,0.5,1159,Declared IDF provenance; not a new product verification,"Scope: Halfthickness preservesmass whenexposedareaisdoubled. Anyfull6inlayerproperty change mustpropagateherewithsamek/rho/cp andhalfthickness. | Source: Supplied HIBO_Task1_Standard_Ground(1).idf; HIBO Internal Mass Half Cavity SA6 Eq | Source: HIBO Interior Sound Batt Cavity 6in Eq, half thickness"
Material,HIBO Internal Mass Half Cavity SA6 Eq,9,Visible Absorptance,0.5,1160,Declared IDF provenance; not a new product verification,"Scope: Halfthickness preservesmass whenexposedareaisdoubled. Anyfull6inlayerproperty change mustpropagateherewithsamek/rho/cp andhalfthickness. | Source: Supplied HIBO_Task1_Standard_Ground(1).idf; HIBO Internal Mass Half Cavity SA6 Eq | Source: HIBO Interior Sound Batt Cavity 6in Eq, half thickness"
Material,HIBO Internal Mass Half HM Core,1,Name,HIBO Internal Mass Half HM Core,1173,Declared IDF provenance; not a new product verification,"Scope: Mustkeepfullcorek/rho/cpandhalffullcorethickness. Two-facedarea preservesdoor mass. | Source: Supplied HIBO_Task1_Standard_Ground(1).idf; HIBO Internal Mass Half HM Core | Source: HIBO HM Door Core Eq, same material, half thickness"
Material,HIBO Internal Mass Half HM Core,2,Roughness,Smooth,1174,Declared IDF provenance; not a new product verification,"Scope: Mustkeepfullcorek/rho/cpandhalffullcorethickness. Two-facedarea preservesdoor mass. | Source: Supplied HIBO_Task1_Standard_Ground(1).idf; HIBO Internal Mass Half HM Core | Source: HIBO HM Door Core Eq, same material, half thickness"
Material,HIBO Internal Mass Half HM Core,3,Thickness {m},0.021225,1175,Declared IDF provenance; not a new product verification,"Scope: Mustkeepfullcorek/rho/cpandhalffullcorethickness. Two-facedarea preservesdoor mass. | Source: Supplied HIBO_Task1_Standard_Ground(1).idf; HIBO Internal Mass Half HM Core | Source: HIBO HM Door Core Eq, same material, half thickness"
Material,HIBO Internal Mass Half HM Core,4,Conductivity {W/m-K},0.12,1176,Declared IDF provenance; not a new product verification,"Scope: Mustkeepfullcorek/rho/cpandhalffullcorethickness. Two-facedarea preservesdoor mass. | Source: Supplied HIBO_Task1_Standard_Ground(1).idf; HIBO Internal Mass Half HM Core | Source: HIBO HM Door Core Eq, same material, half thickness"
Material,HIBO Internal Mass Half HM Core,5,Density {kg/m3},80,1177,Declared IDF provenance; not a new product verification,"Scope: Mustkeepfullcorek/rho/cpandhalffullcorethickness. Two-facedarea preservesdoor mass. | Source: Supplied HIBO_Task1_Standard_Ground(1).idf; HIBO Internal Mass Half HM Core | Source: HIBO HM Door Core Eq, same material, half thickness"
Material,HIBO Internal Mass Half HM Core,6,Specific Heat {J/kg-K},1000,1178,Declared IDF provenance; not a new product verification,"Scope: Mustkeepfullcorek/rho/cpandhalffullcorethickness. Two-facedarea preservesdoor mass. | Source: Supplied HIBO_Task1_Standard_Ground(1).idf; HIBO Internal Mass Half HM Core | Source: HIBO HM Door Core Eq, same material, half thickness"
Material,HIBO Internal Mass Half HM Core,7,Thermal Absorptance,0.9,1179,Declared IDF provenance; not a new product verification,"Scope: Mustkeepfullcorek/rho/cpandhalffullcorethickness. Two-facedarea preservesdoor mass. | Source: Supplied HIBO_Task1_Standard_Ground(1).idf; HIBO Internal Mass Half HM Core | Source: HIBO HM Door Core Eq, same material, half thickness"
Material,HIBO Internal Mass Half HM Core,8,Solar Absorptance,0.5,1180,Declared IDF provenance; not a new product verification,"Scope: Mustkeepfullcorek/rho/cpandhalffullcorethickness. Two-facedarea preservesdoor mass. | Source: Supplied HIBO_Task1_Standard_Ground(1).idf; HIBO Internal Mass Half HM Core | Source: HIBO HM Door Core Eq, same material, half thickness"
Material,HIBO Internal Mass Half HM Core,9,Visible Absorptance,0.5,1181,Declared IDF provenance; not a new product verification,"Scope: Mustkeepfullcorek/rho/cpandhalffullcorethickness. Two-facedarea preservesdoor mass. | Source: Supplied HIBO_Task1_Standard_Ground(1).idf; HIBO Internal Mass Half HM Core | Source: HIBO HM Door Core Eq, same material, half thickness"
Material,HIBO ITSG Opaque Panel 1in Eq,1,Name,HIBO ITSG Opaque Panel 1in Eq,1194,Declared IDF provenance; not a new product verification,"Scope: F09is6.4mmglasspaneonly, not1inIGU. Cannotassignglassrho2528tofullassembly. Two6.35mmglasspaneswouldyieldrho1264cp880butthatmakeupisnotdocumented; not selected. Keepunsupportedassemblyproperties explicit. | Source: Supplied HIBO_Task1_Standard_Ground(1).idf; HIBO ITSG Opaque Panel 1in Eq | Source: UNO-HCIBO-Lab 95% Check Set, 24 Feb 2022, A0.1 §088000; 1 in insulated spandrel"
Material,HIBO ITSG Opaque Panel 1in Eq,2,Roughness,Smooth,1195,Declared IDF provenance; not a new product verification,"Scope: F09is6.4mmglasspaneonly, not1inIGU. Cannotassignglassrho2528tofullassembly. Two6.35mmglasspaneswouldyieldrho1264cp880butthatmakeupisnotdocumented; not selected. Keepunsupportedassemblyproperties explicit. | Source: Supplied HIBO_Task1_Standard_Ground(1).idf; HIBO ITSG Opaque Panel 1in Eq | Source: UNO-HCIBO-Lab 95% Check Set, 24 Feb 2022, A0.1 §088000; 1 in insulated spandrel"
Material,HIBO ITSG Opaque Panel 1in Eq,3,Thickness {m},0.0254,1196,Declared IDF provenance; not a new product verification,"Scope: F09is6.4mmglasspaneonly, not1inIGU. Cannotassignglassrho2528tofullassembly. Two6.35mmglasspaneswouldyieldrho1264cp880butthatmakeupisnotdocumented; not selected. Keepunsupportedassemblyproperties explicit. | Source: Supplied HIBO_Task1_Standard_Ground(1).idf; HIBO ITSG Opaque Panel 1in Eq | Source: UNO-HCIBO-Lab 95% Check Set, 24 Feb 2022, A0.1 §088000; 1 in insulated spandrel"
Material,HIBO ITSG Opaque Panel 1in Eq,4,Conductivity {W/m-K},0.0607313642757,1197,Declared IDF provenance; not a new product verification,"Scope: F09is6.4mmglasspaneonly, not1inIGU. Cannotassignglassrho2528tofullassembly. Two6.35mmglasspaneswouldyieldrho1264cp880butthatmakeupisnotdocumented; not selected. Keepunsupportedassemblyproperties explicit. | Source: Supplied HIBO_Task1_Standard_Ground(1).idf; HIBO ITSG Opaque Panel 1in Eq | Source: UNO-HCIBO-Lab 95% Check Set, 24 Feb 2022, A0.1 §088000; 1 in insulated spandrel"
Material,HIBO ITSG Opaque Panel 1in Eq,5,Density {kg/m3},400,1198,Declared IDF provenance; not a new product verification,"Scope: F09is6.4mmglasspaneonly, not1inIGU. Cannotassignglassrho2528tofullassembly. Two6.35mmglasspaneswouldyieldrho1264cp880butthatmakeupisnotdocumented; not selected. Keepunsupportedassemblyproperties explicit. | Source: Supplied HIBO_Task1_Standard_Ground(1).idf; HIBO ITSG Opaque Panel 1in Eq | Source: UNO-HCIBO-Lab 95% Check Set, 24 Feb 2022, A0.1 §088000; 1 in insulated spandrel"
Material,HIBO ITSG Opaque Panel 1in Eq,6,Specific Heat {J/kg-K},840,1199,Declared IDF provenance; not a new product verification,"Scope: F09is6.4mmglasspaneonly, not1inIGU. Cannotassignglassrho2528tofullassembly. Two6.35mmglasspaneswouldyieldrho1264cp880butthatmakeupisnotdocumented; not selected. Keepunsupportedassemblyproperties explicit. | Source: Supplied HIBO_Task1_Standard_Ground(1).idf; HIBO ITSG Opaque Panel 1in Eq | Source: UNO-HCIBO-Lab 95% Check Set, 24 Feb 2022, A0.1 §088000; 1 in insulated spandrel"
Material,HIBO ITSG Opaque Panel 1in Eq,7,Thermal Absorptance,0.84,1200,Declared IDF provenance; not a new product verification,"Scope: F09is6.4mmglasspaneonly, not1inIGU. Cannotassignglassrho2528tofullassembly. Two6.35mmglasspaneswouldyieldrho1264cp880butthatmakeupisnotdocumented; not selected. Keepunsupportedassemblyproperties explicit. | Source: Supplied HIBO_Task1_Standard_Ground(1).idf; HIBO ITSG Opaque Panel 1in Eq | Source: UNO-HCIBO-Lab 95% Check Set, 24 Feb 2022, A0.1 §088000; 1 in insulated spandrel"
Material,HIBO ITSG Opaque Panel 1in Eq,8,Solar Absorptance,0.6,1201,Declared IDF provenance; not a new product verification,"Scope: F09is6.4mmglasspaneonly, not1inIGU. Cannotassignglassrho2528tofullassembly. Two6.35mmglasspaneswouldyieldrho1264cp880butthatmakeupisnotdocumented; not selected. Keepunsupportedassemblyproperties explicit. | Source: Supplied HIBO_Task1_Standard_Ground(1).idf; HIBO ITSG Opaque Panel 1in Eq | Source: UNO-HCIBO-Lab 95% Check Set, 24 Feb 2022, A0.1 §088000; 1 in insulated spandrel"
Material,HIBO ITSG Opaque Panel 1in Eq,9,Visible Absorptance,0.6,1202,Declared IDF provenance; not a new product verification,"Scope: F09is6.4mmglasspaneonly, not1inIGU. Cannotassignglassrho2528tofullassembly. Two6.35mmglasspaneswouldyieldrho1264cp880butthatmakeupisnotdocumented; not selected. Keepunsupportedassemblyproperties explicit. | Source: Supplied HIBO_Task1_Standard_Ground(1).idf; HIBO ITSG Opaque Panel 1in Eq | Source: UNO-HCIBO-Lab 95% Check Set, 24 Feb 2022, A0.1 §088000; 1 in insulated spandrel"
Material,HIBO Carpet Tile CPT-1 Eq,1,Name,HIBO Carpet Tile CPT-1 Eq,1223,Declared IDF provenance; not a new product verification,"Scope: Product-specific nominal thickness; generic carpet thermal tuple. Derived areal mass1.50kg/m2 lies within manufacturer nominal4.5–5.2oz/ft2 range. | Source: EnergyPlus v22.2.0 ASHRAE_2005_HOF_Materials.idf, F17 Carpet; Generic carpet roughness category | URL: https://github.com/NatLabRockies/EnergyPlus/blob/v22.2.0/datasets/ASHRAE_2005_HOF_Materials.idf | Source: J+J Flooring, Kinetex Against the Grain Demi-Plank 1840, Product Specs; A1.1 finish schedule identifies1840; 0.205in=5.207mm | URL: https://www.jjflooringgroup.com/product/against-the-grain-demi-plank/ | Source: EnergyPlus v22.2.0 ASHRAE_2005_HOF_Materials.idf, F17 Carpet; Generic carpet reference .06/288/1380; reference t.0127m adapted to5.207mm | Source: EnergyPlus v22.2.0 Input Output Reference, Material defaults; Documented defaults .9/.7/.7; not measured Kinetex surface properties | URL: https://github.com/NatLabRockies/EnergyPlus/blob/v22.2.0/doc/input-output-reference/src/overview/group-surface-construction-elements.tex#L87-L97"
Material,HIBO Carpet Tile CPT-1 Eq,2,Roughness,MediumRough,1224,Declared IDF provenance; not a new product verification,"Scope: Product-specific nominal thickness; generic carpet thermal tuple. Derived areal mass1.50kg/m2 lies within manufacturer nominal4.5–5.2oz/ft2 range. | Source: EnergyPlus v22.2.0 ASHRAE_2005_HOF_Materials.idf, F17 Carpet; Generic carpet roughness category | URL: https://github.com/NatLabRockies/EnergyPlus/blob/v22.2.0/datasets/ASHRAE_2005_HOF_Materials.idf | Source: J+J Flooring, Kinetex Against the Grain Demi-Plank 1840, Product Specs; A1.1 finish schedule identifies1840; 0.205in=5.207mm | URL: https://www.jjflooringgroup.com/product/against-the-grain-demi-plank/ | Source: EnergyPlus v22.2.0 ASHRAE_2005_HOF_Materials.idf, F17 Carpet; Generic carpet reference .06/288/1380; reference t.0127m adapted to5.207mm | Source: EnergyPlus v22.2.0 Input Output Reference, Material defaults; Documented defaults .9/.7/.7; not measured Kinetex surface properties | URL: https://github.com/NatLabRockies/EnergyPlus/blob/v22.2.0/doc/input-output-reference/src/overview/group-surface-construction-elements.tex#L87-L97"
Material,HIBO Carpet Tile CPT-1 Eq,3,Thickness {m},0.005207,1225,Declared IDF provenance; not a new product verification,"Scope: Product-specific nominal thickness; generic carpet thermal tuple. Derived areal mass1.50kg/m2 lies within manufacturer nominal4.5–5.2oz/ft2 range. | Source: EnergyPlus v22.2.0 ASHRAE_2005_HOF_Materials.idf, F17 Carpet; Generic carpet roughness category | URL: https://github.com/NatLabRockies/EnergyPlus/blob/v22.2.0/datasets/ASHRAE_2005_HOF_Materials.idf | Source: J+J Flooring, Kinetex Against the Grain Demi-Plank 1840, Product Specs; A1.1 finish schedule identifies1840; 0.205in=5.207mm | URL: https://www.jjflooringgroup.com/product/against-the-grain-demi-plank/ | Source: EnergyPlus v22.2.0 ASHRAE_2005_HOF_Materials.idf, F17 Carpet; Generic carpet reference .06/288/1380; reference t.0127m adapted to5.207mm | Source: EnergyPlus v22.2.0 Input Output Reference, Material defaults; Documented defaults .9/.7/.7; not measured Kinetex surface properties | URL: https://github.com/NatLabRockies/EnergyPlus/blob/v22.2.0/doc/input-output-reference/src/overview/group-surface-construction-elements.tex#L87-L97"
Material,HIBO Carpet Tile CPT-1 Eq,4,Conductivity {W/m-K},0.06,1226,Declared IDF provenance; not a new product verification,"Scope: Product-specific nominal thickness; generic carpet thermal tuple. Derived areal mass1.50kg/m2 lies within manufacturer nominal4.5–5.2oz/ft2 range. | Source: EnergyPlus v22.2.0 ASHRAE_2005_HOF_Materials.idf, F17 Carpet; Generic carpet roughness category | URL: https://github.com/NatLabRockies/EnergyPlus/blob/v22.2.0/datasets/ASHRAE_2005_HOF_Materials.idf | Source: J+J Flooring, Kinetex Against the Grain Demi-Plank 1840, Product Specs; A1.1 finish schedule identifies1840; 0.205in=5.207mm | URL: https://www.jjflooringgroup.com/product/against-the-grain-demi-plank/ | Source: EnergyPlus v22.2.0 ASHRAE_2005_HOF_Materials.idf, F17 Carpet; Generic carpet reference .06/288/1380; reference t.0127m adapted to5.207mm | Source: EnergyPlus v22.2.0 Input Output Reference, Material defaults; Documented defaults .9/.7/.7; not measured Kinetex surface properties | URL: https://github.com/NatLabRockies/EnergyPlus/blob/v22.2.0/doc/input-output-reference/src/overview/group-surface-construction-elements.tex#L87-L97"
Material,HIBO Carpet Tile CPT-1 Eq,5,Density {kg/m3},288,1227,Declared IDF provenance; not a new product verification,"Scope: Product-specific nominal thickness; generic carpet thermal tuple. Derived areal mass1.50kg/m2 lies within manufacturer nominal4.5–5.2oz/ft2 range. | Source: EnergyPlus v22.2.0 ASHRAE_2005_HOF_Materials.idf, F17 Carpet; Generic carpet roughness category | URL: https://github.com/NatLabRockies/EnergyPlus/blob/v22.2.0/datasets/ASHRAE_2005_HOF_Materials.idf | Source: J+J Flooring, Kinetex Against the Grain Demi-Plank 1840, Product Specs; A1.1 finish schedule identifies1840; 0.205in=5.207mm | URL: https://www.jjflooringgroup.com/product/against-the-grain-demi-plank/ | Source: EnergyPlus v22.2.0 ASHRAE_2005_HOF_Materials.idf, F17 Carpet; Generic carpet reference .06/288/1380; reference t.0127m adapted to5.207mm | Source: EnergyPlus v22.2.0 Input Output Reference, Material defaults; Documented defaults .9/.7/.7; not measured Kinetex surface properties | URL: https://github.com/NatLabRockies/EnergyPlus/blob/v22.2.0/doc/input-output-reference/src/overview/group-surface-construction-elements.tex#L87-L97"
Material,HIBO Carpet Tile CPT-1 Eq,6,Specific Heat {J/kg-K},1380,1228,Declared IDF provenance; not a new product verification,"Scope: Product-specific nominal thickness; generic carpet thermal tuple. Derived areal mass1.50kg/m2 lies within manufacturer nominal4.5–5.2oz/ft2 range. | Source: EnergyPlus v22.2.0 ASHRAE_2005_HOF_Materials.idf, F17 Carpet; Generic carpet roughness category | URL: https://github.com/NatLabRockies/EnergyPlus/blob/v22.2.0/datasets/ASHRAE_2005_HOF_Materials.idf | Source: J+J Flooring, Kinetex Against the Grain Demi-Plank 1840, Product Specs; A1.1 finish schedule identifies1840; 0.205in=5.207mm | URL: https://www.jjflooringgroup.com/product/against-the-grain-demi-plank/ | Source: EnergyPlus v22.2.0 ASHRAE_2005_HOF_Materials.idf, F17 Carpet; Generic carpet reference .06/288/1380; reference t.0127m adapted to5.207mm | Source: EnergyPlus v22.2.0 Input Output Reference, Material defaults; Documented defaults .9/.7/.7; not measured Kinetex surface properties | URL: https://github.com/NatLabRockies/EnergyPlus/blob/v22.2.0/doc/input-output-reference/src/overview/group-surface-construction-elements.tex#L87-L97"
Material,HIBO Carpet Tile CPT-1 Eq,7,Thermal Absorptance,0.9,1229,Declared IDF provenance; not a new product verification,"Scope: Product-specific nominal thickness; generic carpet thermal tuple. Derived areal mass1.50kg/m2 lies within manufacturer nominal4.5–5.2oz/ft2 range. | Source: EnergyPlus v22.2.0 ASHRAE_2005_HOF_Materials.idf, F17 Carpet; Generic carpet roughness category | URL: https://github.com/NatLabRockies/EnergyPlus/blob/v22.2.0/datasets/ASHRAE_2005_HOF_Materials.idf | Source: J+J Flooring, Kinetex Against the Grain Demi-Plank 1840, Product Specs; A1.1 finish schedule identifies1840; 0.205in=5.207mm | URL: https://www.jjflooringgroup.com/product/against-the-grain-demi-plank/ | Source: EnergyPlus v22.2.0 ASHRAE_2005_HOF_Materials.idf, F17 Carpet; Generic carpet reference .06/288/1380; reference t.0127m adapted to5.207mm | Source: EnergyPlus v22.2.0 Input Output Reference, Material defaults; Documented defaults .9/.7/.7; not measured Kinetex surface properties | URL: https://github.com/NatLabRockies/EnergyPlus/blob/v22.2.0/doc/input-output-reference/src/overview/group-surface-construction-elements.tex#L87-L97"
Material,HIBO Carpet Tile CPT-1 Eq,8,Solar Absorptance,0.7,1230,Declared IDF provenance; not a new product verification,"Scope: Product-specific nominal thickness; generic carpet thermal tuple. Derived areal mass1.50kg/m2 lies within manufacturer nominal4.5–5.2oz/ft2 range. | Source: EnergyPlus v22.2.0 ASHRAE_2005_HOF_Materials.idf, F17 Carpet; Generic carpet roughness category | URL: https://github.com/NatLabRockies/EnergyPlus/blob/v22.2.0/datasets/ASHRAE_2005_HOF_Materials.idf | Source: J+J Flooring, Kinetex Against the Grain Demi-Plank 1840, Product Specs; A1.1 finish schedule identifies1840; 0.205in=5.207mm | URL: https://www.jjflooringgroup.com/product/against-the-grain-demi-plank/ | Source: EnergyPlus v22.2.0 ASHRAE_2005_HOF_Materials.idf, F17 Carpet; Generic carpet reference .06/288/1380; reference t.0127m adapted to5.207mm | Source: EnergyPlus v22.2.0 Input Output Reference, Material defaults; Documented defaults .9/.7/.7; not measured Kinetex surface properties | URL: https://github.com/NatLabRockies/EnergyPlus/blob/v22.2.0/doc/input-output-reference/src/overview/group-surface-construction-elements.tex#L87-L97"
Material,HIBO Carpet Tile CPT-1 Eq,9,Visible Absorptance,0.7,1231,Declared IDF provenance; not a new product verification,"Scope: Product-specific nominal thickness; generic carpet thermal tuple. Derived areal mass1.50kg/m2 lies within manufacturer nominal4.5–5.2oz/ft2 range. | Source: EnergyPlus v22.2.0 ASHRAE_2005_HOF_Materials.idf, F17 Carpet; Generic carpet roughness category | URL: https://github.com/NatLabRockies/EnergyPlus/blob/v22.2.0/datasets/ASHRAE_2005_HOF_Materials.idf | Source: J+J Flooring, Kinetex Against the Grain Demi-Plank 1840, Product Specs; A1.1 finish schedule identifies1840; 0.205in=5.207mm | URL: https://www.jjflooringgroup.com/product/against-the-grain-demi-plank/ | Source: EnergyPlus v22.2.0 ASHRAE_2005_HOF_Materials.idf, F17 Carpet; Generic carpet reference .06/288/1380; reference t.0127m adapted to5.207mm | Source: EnergyPlus v22.2.0 Input Output Reference, Material defaults; Documented defaults .9/.7/.7; not measured Kinetex surface properties | URL: https://github.com/NatLabRockies/EnergyPlus/blob/v22.2.0/doc/input-output-reference/src/overview/group-surface-construction-elements.tex#L87-L97"
Material:NoMass,HIBO Air Barrier Eq,1,Name,HIBO Air Barrier Eq,1238,Declared IDF provenance; not a new product verification,"Source: Supplied HIBO_Task1_Standard_Ground(1).idf, HIBO Air Barrier Eq"
Material:NoMass,HIBO Air Barrier Eq,2,Roughness,MediumSmooth,1239,Declared IDF provenance; not a new product verification,"Source: Supplied HIBO_Task1_Standard_Ground(1).idf, HIBO Air Barrier Eq"
Material:NoMass,HIBO Air Barrier Eq,3,Thermal Resistance {m2-K/W},0.001,1240,Declared IDF provenance; not a new product verification,"Source: Supplied HIBO_Task1_Standard_Ground(1).idf, HIBO Air Barrier Eq"
Material:NoMass,HIBO Air Barrier Eq,4,Thermal Absorptance,0.90,1241,Declared IDF provenance; not a new product verification,"Source: Supplied HIBO_Task1_Standard_Ground(1).idf, HIBO Air Barrier Eq"
Material:NoMass,HIBO Air Barrier Eq,5,Solar Absorptance,0.50,1242,Declared IDF provenance; not a new product verification,"Source: Supplied HIBO_Task1_Standard_Ground(1).idf, HIBO Air Barrier Eq"
Material:NoMass,HIBO Air Barrier Eq,6,Visible Absorptance,0.50,1243,Declared IDF provenance; not a new product verification,"Source: Supplied HIBO_Task1_Standard_Ground(1).idf, HIBO Air Barrier Eq"
Material:NoMass,HIBO Roof Vapor Retarder Eq,1,Name,HIBO Roof Vapor Retarder Eq,1247,Declared IDF provenance; not a new product verification,"Source: Supplied HIBO_Task1_Standard_Ground(1).idf, HIBO Roof Vapor Retarder Eq"
Material:NoMass,HIBO Roof Vapor Retarder Eq,2,Roughness,Smooth,1248,Declared IDF provenance; not a new product verification,"Source: Supplied HIBO_Task1_Standard_Ground(1).idf, HIBO Roof Vapor Retarder Eq"
Material:NoMass,HIBO Roof Vapor Retarder Eq,3,Thermal Resistance {m2-K/W},0.0010,1249,Declared IDF provenance; not a new product verification,"Source: Supplied HIBO_Task1_Standard_Ground(1).idf, HIBO Roof Vapor Retarder Eq"
Material:NoMass,HIBO Roof Vapor Retarder Eq,4,Thermal Absorptance,0.90,1250,Declared IDF provenance; not a new product verification,"Source: Supplied HIBO_Task1_Standard_Ground(1).idf, HIBO Roof Vapor Retarder Eq"
Material:NoMass,HIBO Roof Vapor Retarder Eq,5,Solar Absorptance,0.50,1251,Declared IDF provenance; not a new product verification,"Source: Supplied HIBO_Task1_Standard_Ground(1).idf, HIBO Roof Vapor Retarder Eq"
Material:NoMass,HIBO Roof Vapor Retarder Eq,6,Visible Absorptance,0.50,1252,Declared IDF provenance; not a new product verification,"Source: Supplied HIBO_Task1_Standard_Ground(1).idf, HIBO Roof Vapor Retarder Eq"
Material:AirGap,HIBO Exterior Drainage Cavity,1,Name,HIBO Exterior Drainage Cavity,1260,Declared IDF provenance; not a new product verification,"Source: EnergyPlus v22.2.0, ASHRAE_2005_HOF_Materials.idf, Material:AirGap F04 Wall air space resistance | URL: https://github.com/NatLabRockies/EnergyPlus/blob/v22.2.0/datasets/ASHRAE_2005_HOF_Materials.idf#L475-L477"
Material:AirGap,HIBO Exterior Drainage Cavity,2,Thermal Resistance {m2-K/W},0.15,1261,Declared IDF provenance; not a new product verification,"Source: EnergyPlus v22.2.0, ASHRAE_2005_HOF_Materials.idf, Material:AirGap F04 Wall air space resistance | URL: https://github.com/NatLabRockies/EnergyPlus/blob/v22.2.0/datasets/ASHRAE_2005_HOF_Materials.idf#L475-L477"
WindowMaterial:SimpleGlazingSystem,SN54_1in_IGU,1,Name,SN54_1in_IGU,1267,Declared IDF provenance; not a new product verification,
WindowMaterial:SimpleGlazingSystem,SN54_1in_IGU,2,U-Factor {W/m2-K},1.36,1268,Declared IDF provenance; not a new product verification,
WindowMaterial:SimpleGlazingSystem,SN54_1in_IGU,3,Solar Heat Gain Coefficient,0.28,1269,Declared IDF provenance; not a new product verification,
WindowMaterial:SimpleGlazingSystem,SN54_1in_IGU,4,Visible Transmittance,0.54,1270,Declared IDF provenance; not a new product verification,
WindowMaterial:Glazing,HIBO Interior CTG 1-4in,1,Name,HIBO Interior CTG 1-4in,1276,Declared IDF provenance; not a new product verification,
WindowMaterial:Glazing,HIBO Interior CTG 1-4in,2,Optical Data Type,SpectralAverage,1277,Declared IDF provenance; not a new product verification,
WindowMaterial:Glazing,HIBO Interior CTG 1-4in,3,Window Glass Spectral Data Set Name,,1278,Declared IDF provenance; not a new product verification,
WindowMaterial:Glazing,HIBO Interior CTG 1-4in,4,Thickness {m},0.00635,1279,Declared IDF provenance; not a new product verification,
WindowMaterial:Glazing,HIBO Interior CTG 1-4in,5,Solar Transmittance at Normal Incidence,0.775,1280,Declared IDF provenance; not a new product verification,
WindowMaterial:Glazing,HIBO Interior CTG 1-4in,6,Front Side Solar Reflectance at Normal Incidence,0.071,1281,Declared IDF provenance; not a new product verification,
WindowMaterial:Glazing,HIBO Interior CTG 1-4in,7,Back Side Solar Reflectance at Normal Incidence,0.071,1282,Declared IDF provenance; not a new product verification,
WindowMaterial:Glazing,HIBO Interior CTG 1-4in,8,Visible Transmittance at Normal Incidence,0.881,1283,Declared IDF provenance; not a new product verification,
WindowMaterial:Glazing,HIBO Interior CTG 1-4in,9,Front Side Visible Reflectance at Normal Incidence,0.08,1284,Declared IDF provenance; not a new product verification,
WindowMaterial:Glazing,HIBO Interior CTG 1-4in,10,Back Side Visible Reflectance at Normal Incidence,0.08,1285,Declared IDF provenance; not a new product verification,
WindowMaterial:Glazing,HIBO Interior CTG 1-4in,11,Infrared Transmittance at Normal Incidence,0,1286,Declared IDF provenance; not a new product verification,
WindowMaterial:Glazing,HIBO Interior CTG 1-4in,12,Front Side Infrared Hemispherical Emissivity,0.84,1287,Declared IDF provenance; not a new product verification,
WindowMaterial:Glazing,HIBO Interior CTG 1-4in,13,Back Side Infrared Hemispherical Emissivity,0.84,1288,Declared IDF provenance; not a new product verification,
WindowMaterial:Glazing,HIBO Interior CTG 1-4in,14,Conductivity {W/m-K},0.9,1289,Declared IDF provenance; not a new product verification,
WindowMaterial:Glazing,HIBO Interior CTG 1-4in,15,Dirt Correction Factor for Solar and Visible Transmittance,1,1290,Declared IDF provenance; not a new product verification,
WindowMaterial:Glazing,HIBO Interior CTG 1-4in,16,Solar Diffusing,No,1291,Declared IDF provenance; not a new product verification,
WindowProperty:FrameAndDivider,HIBO CWB Vision Frame,1,Name,HIBO CWB Vision Frame,5682,Declared IDF provenance; not a new product verification,
WindowProperty:FrameAndDivider,HIBO CWB Vision Frame,2,Frame Width {m},0.0508,5683,Declared IDF provenance; not a new product verification,
WindowProperty:FrameAndDivider,HIBO CWB Vision Frame,3,Frame Outside Projection {m},0.0,5684,Declared IDF provenance; not a new product verification,
WindowProperty:FrameAndDivider,HIBO CWB Vision Frame,4,Frame Inside Projection {m},0.0,5685,Declared IDF provenance; not a new product verification,
WindowProperty:FrameAndDivider,HIBO CWB Vision Frame,5,Frame Conductance {W/m2-K},5.0,5686,Declared IDF provenance; not a new product verification,
WindowProperty:FrameAndDivider,HIBO CWB Vision Frame,6,Ratio of Frame-Edge Glass Conductance to Center-Of-Glass Conductance,1.3,5687,Declared IDF provenance; not a new product verification,
WindowProperty:FrameAndDivider,HIBO CWB Vision Frame,7,Frame Solar Absorptance,0.40,5688,Declared IDF provenance; not a new product verification,
WindowProperty:FrameAndDivider,HIBO CWB Vision Frame,8,Frame Visible Absorptance,0.40,5689,Declared IDF provenance; not a new product verification,
WindowProperty:FrameAndDivider,HIBO CWB Vision Frame,9,Frame Thermal Hemispherical Emissivity,0.90,5690,Declared IDF provenance; not a new product verification,
WindowProperty:FrameAndDivider,HIBO CWB Vision Frame,10,Divider Type,DividedLite,5691,Declared IDF provenance; not a new product verification,
WindowProperty:FrameAndDivider,HIBO CWB Vision Frame,11,Divider Width {m},0.0508,5692,Declared IDF provenance; not a new product verification,
WindowProperty:FrameAndDivider,HIBO CWB Vision Frame,12,Number of Horizontal Dividers,2,5693,Declared IDF provenance; not a new product verification,
WindowProperty:FrameAndDivider,HIBO CWB Vision Frame,13,Number of Vertical Dividers,0,5694,Declared IDF provenance; not a new product verification,
WindowProperty:FrameAndDivider,HIBO CWB Vision Frame,14,Divider Outside Projection {m},0.0,5695,Declared IDF provenance; not a new product verification,
WindowProperty:FrameAndDivider,HIBO CWB Vision Frame,15,Divider Inside Projection {m},0.0,5696,Declared IDF provenance; not a new product verification,
WindowProperty:FrameAndDivider,HIBO CWB Vision Frame,16,Divider Conductance {W/m2-K},5.0,5697,Declared IDF provenance; not a new product verification,
WindowProperty:FrameAndDivider,HIBO CWB Vision Frame,17,Ratio of Divider-Edge Glass Conductance to Center-Of-Glass Conductance,1.3,5698,Declared IDF provenance; not a new product verification,
WindowProperty:FrameAndDivider,HIBO CWB Vision Frame,18,Divider Solar Absorptance,0.40,5699,Declared IDF provenance; not a new product verification,
WindowProperty:FrameAndDivider,HIBO CWB Vision Frame,19,Divider Visible Absorptance,0.40,5700,Declared IDF provenance; not a new product verification,
WindowProperty:FrameAndDivider,HIBO CWB Vision Frame,20,Divider Thermal Hemispherical Emissivity,0.90,5701,Declared IDF provenance; not a new product verification,
WindowProperty:FrameAndDivider,HIBO CWB Vision Frame,21,Outside Reveal Solar Absorptance,0.50,5702,Declared IDF provenance; not a new product verification,
WindowProperty:FrameAndDivider,HIBO CWB Vision Frame,22,Inside Sill Depth {m},0.0,5703,Declared IDF provenance; not a new product verification,
WindowProperty:FrameAndDivider,HIBO CWB Vision Frame,23,Inside Sill Solar Absorptance,0.50,5704,Declared IDF provenance; not a new product verification,
WindowProperty:FrameAndDivider,HIBO CWB Vision Frame,24,Inside Reveal Depth {m},0.0,5705,Declared IDF provenance; not a new product verification,
WindowProperty:FrameAndDivider,HIBO CWB Vision Frame,25,Inside Reveal Solar Absorptance,0.50,5706,Declared IDF provenance; not a new product verification,
WindowProperty:FrameAndDivider,HIBO CWB Vision Frame,26,NFRC Product Type for Assembly Calculations,,5707,Declared IDF provenance; not a new product verification,
WindowProperty:FrameAndDivider,HIBO CWC Vision Frame,1,Name,HIBO CWC Vision Frame,5710,Declared IDF provenance; not a new product verification,
WindowProperty:FrameAndDivider,HIBO CWC Vision Frame,2,Frame Width {m},0.0508,5711,Declared IDF provenance; not a new product verification,
WindowProperty:FrameAndDivider,HIBO CWC Vision Frame,3,Frame Outside Projection {m},0.0,5712,Declared IDF provenance; not a new product verification,
WindowProperty:FrameAndDivider,HIBO CWC Vision Frame,4,Frame Inside Projection {m},0.0,5713,Declared IDF provenance; not a new product verification,
WindowProperty:FrameAndDivider,HIBO CWC Vision Frame,5,Frame Conductance {W/m2-K},5.0,5714,Declared IDF provenance; not a new product verification,
WindowProperty:FrameAndDivider,HIBO CWC Vision Frame,6,Ratio of Frame-Edge Glass Conductance to Center-Of-Glass Conductance,1.3,5715,Declared IDF provenance; not a new product verification,
WindowProperty:FrameAndDivider,HIBO CWC Vision Frame,7,Frame Solar Absorptance,0.40,5716,Declared IDF provenance; not a new product verification,
WindowProperty:FrameAndDivider,HIBO CWC Vision Frame,8,Frame Visible Absorptance,0.40,5717,Declared IDF provenance; not a new product verification,
WindowProperty:FrameAndDivider,HIBO CWC Vision Frame,9,Frame Thermal Hemispherical Emissivity,0.90,5718,Declared IDF provenance; not a new product verification,
WindowProperty:FrameAndDivider,HIBO CWC Vision Frame,10,Divider Type,DividedLite,5719,Declared IDF provenance; not a new product verification,
WindowProperty:FrameAndDivider,HIBO CWC Vision Frame,11,Divider Width {m},0.0508,5720,Declared IDF provenance; not a new product verification,
WindowProperty:FrameAndDivider,HIBO CWC Vision Frame,12,Number of Horizontal Dividers,2,5721,Declared IDF provenance; not a new product verification,
WindowProperty:FrameAndDivider,HIBO CWC Vision Frame,13,Number of Vertical Dividers,3,5722,Declared IDF provenance; not a new product verification,
WindowProperty:FrameAndDivider,HIBO CWC Vision Frame,14,Divider Outside Projection {m},0.0,5723,Declared IDF provenance; not a new product verification,
WindowProperty:FrameAndDivider,HIBO CWC Vision Frame,15,Divider Inside Projection {m},0.0,5724,Declared IDF provenance; not a new product verification,
WindowProperty:FrameAndDivider,HIBO CWC Vision Frame,16,Divider Conductance {W/m2-K},5.0,5725,Declared IDF provenance; not a new product verification,
WindowProperty:FrameAndDivider,HIBO CWC Vision Frame,17,Ratio of Divider-Edge Glass Conductance to Center-Of-Glass Conductance,1.3,5726,Declared IDF provenance; not a new product verification,
WindowProperty:FrameAndDivider,HIBO CWC Vision Frame,18,Divider Solar Absorptance,0.40,5727,Declared IDF provenance; not a new product verification,
WindowProperty:FrameAndDivider,HIBO CWC Vision Frame,19,Divider Visible Absorptance,0.40,5728,Declared IDF provenance; not a new product verification,
WindowProperty:FrameAndDivider,HIBO CWC Vision Frame,20,Divider Thermal Hemispherical Emissivity,0.90,5729,Declared IDF provenance; not a new product verification,
WindowProperty:FrameAndDivider,HIBO CWC Vision Frame,21,Outside Reveal Solar Absorptance,0.50,5730,Declared IDF provenance; not a new product verification,
WindowProperty:FrameAndDivider,HIBO CWC Vision Frame,22,Inside Sill Depth {m},0.0,5731,Declared IDF provenance; not a new product verification,
WindowProperty:FrameAndDivider,HIBO CWC Vision Frame,23,Inside Sill Solar Absorptance,0.50,5732,Declared IDF provenance; not a new product verification,
WindowProperty:FrameAndDivider,HIBO CWC Vision Frame,24,Inside Reveal Depth {m},0.0,5733,Declared IDF provenance; not a new product verification,
WindowProperty:FrameAndDivider,HIBO CWC Vision Frame,25,Inside Reveal Solar Absorptance,0.50,5734,Declared IDF provenance; not a new product verification,
WindowProperty:FrameAndDivider,HIBO CWC Vision Frame,26,NFRC Product Type for Assembly Calculations,,5735,Declared IDF provenance; not a new product verification,
